Using pre-set license
Built from '2022.3/china_unity/release' branch; Version is '2022.3.62f3c1 (1623fc0bbb97) revision 1451004'; Using compiler version '192829333'; Build Type 'Release'
OS: 'Windows 11  (10.0.22631) 64bit Professional' Language: 'zh' Physical Memory: 32452 MB
BatchMode: 1, IsHumanControllingUs: 0, StartBugReporterOnCrash: 0, Is64bit: 1, IsPro: 1

COMMAND LINE ARGUMENTS:
C:\Program Files\Unity\Hub\Editor\2022.3.62f3c1\Editor\Unity.exe
-adb2
-batchMode
-noUpm
-name
AssetImportWorker0
-projectPath
D:/UGit/Zegas/Client
-logFile
Logs/AssetImportWorker0.log
-srvPort
63219
Successfully changed project path to: D:/UGit/Zegas/Client
D:/UGit/Zegas/Client
[UnityMemory] Configuration Parameters - Can be set up in boot.config
    "memorysetup-bucket-allocator-granularity=16"
    "memorysetup-bucket-allocator-bucket-count=8"
    "memorysetup-bucket-allocator-block-size=33554432"
    "memorysetup-bucket-allocator-block-count=8"
    "memorysetup-main-allocator-block-size=16777216"
    "memorysetup-thread-allocator-block-size=16777216"
    "memorysetup-gfx-main-allocator-block-size=16777216"
    "memorysetup-gfx-thread-allocator-block-size=16777216"
    "memorysetup-cache-allocator-block-size=4194304"
    "memorysetup-typetree-allocator-block-size=2097152"
    "memorysetup-profiler-bucket-allocator-granularity=16"
    "memorysetup-profiler-bucket-allocator-bucket-count=8"
    "memorysetup-profiler-bucket-allocator-block-size=33554432"
    "memorysetup-profiler-bucket-allocator-block-count=8"
    "memorysetup-profiler-allocator-block-size=16777216"
    "memorysetup-profiler-editor-allocator-block-size=1048576"
    "memorysetup-temp-allocator-size-main=16777216"
    "memorysetup-job-temp-allocator-block-size=2097152"
    "memorysetup-job-temp-allocator-block-size-background=1048576"
    "memorysetup-job-temp-allocator-reduction-small-platforms=262144"
    "memorysetup-allocator-temp-initial-block-size-main=262144"
    "memorysetup-allocator-temp-initial-block-size-worker=262144"
    "memorysetup-temp-allocator-size-background-worker=32768"
    "memorysetup-temp-allocator-size-job-worker=262144"
    "memorysetup-temp-allocator-size-preload-manager=33554432"
    "memorysetup-temp-allocator-size-nav-mesh-worker=65536"
    "memorysetup-temp-allocator-size-audio-worker=65536"
    "memorysetup-temp-allocator-size-cloud-worker=32768"
    "memorysetup-temp-allocator-size-gi-baking-worker=262144"
    "memorysetup-temp-allocator-size-gfx=262144"
Player connection [12492]  Target information:

Player connection [12492]  * "[IP] 192.168.1.104 [Port] 0 [Flags] 2 [Guid] 1285710740 [EditorId] 1285710740 [Version] 1048832 [Id] WindowsEditor(7,feifan-lishaowei) [Debug] 1 [PackageName] WindowsEditor [ProjectName] Editor" 

Player connection [12492] Host joined multi-casting on [225.0.0.222:54997]...
Player connection [12492] Host joined alternative multi-casting on [225.0.0.222:34997]...
Input System module state changed to: Initialized.
[PhysX] Initialized MultithreadedTaskDispatcher with 20 workers.
Refreshing native plugins compatible for Editor in 6.51 ms, found 4 plugins.
Preloading 0 native plugins for Editor in 0.00 ms.
Initialize engine version: 2022.3.62f3c1 (1623fc0bbb97)
[Subsystems] Discovering subsystems at path C:/Program Files/Unity/Hub/Editor/2022.3.62f3c1/Editor/Data/Resources/UnitySubsystems
[Subsystems] Discovering subsystems at path D:/UGit/Zegas/Client/Assets
GfxDevice: creating device client; threaded=0; jobified=0
Direct3D:
    Version:  Direct3D 11.0 [level 11.1]
    Renderer: Intel(R) UHD Graphics 770 (ID=0x4680)
    Vendor:   Intel
    VRAM:     16226 MB
    Driver:   32.0.101.7077
Initialize mono
Mono path[0] = 'C:/Program Files/Unity/Hub/Editor/2022.3.62f3c1/Editor/Data/Managed'
Mono path[1] = 'C:/Program Files/Unity/Hub/Editor/2022.3.62f3c1/Editor/Data/MonoBleedingEdge/lib/mono/unityjit-win32'
Mono config path = 'C:/Program Files/Unity/Hub/Editor/2022.3.62f3c1/Editor/Data/MonoBleedingEdge/etc'
Using monoOptions --debugger-agent=transport=dt_socket,embedding=1,server=y,suspend=n,address=127.0.0.1:56840
Begin MonoManager ReloadAssembly
Registering precompiled unity dll's ...
Register platform support module: C:/Program Files/Unity/Hub/Editor/2022.3.62f3c1/Editor/Data/PlaybackEngines/AndroidPlayer/UnityEditor.Android.Extensions.dll
Register platform support module: C:/Program Files/Unity/Hub/Editor/2022.3.62f3c1/Editor/Data/PlaybackEngines/iOSSupport/UnityEditor.iOS.Extensions.dll
Register platform support module: C:/Program Files/Unity/Hub/Editor/2022.3.62f3c1/Editor/Data/PlaybackEngines/WindowsStandaloneSupport/UnityEditor.WindowsStandalone.Extensions.dll
Registered in 0.006706 seconds.
- Loaded All Assemblies, in  0.289 seconds
Native extension for WindowsStandalone target not found
[usbmuxd] Start listen thread
[usbmuxd] Listen thread started
Native extension for iOS target not found
Native extension for Android target not found
Android Extension - Scanning For ADB Devices 681 ms
Mono: successfully reloaded assembly
- Finished resetting the current domain, in  0.940 seconds
Domain Reload Profiling: 1228ms
	BeginReloadAssembly (86ms)
		ExecutionOrderSort (0ms)
		DisableScriptedObjects (0ms)
		BackupInstance (0ms)
		ReleaseScriptingObjects (0ms)
		CreateAndSetChildDomain (1ms)
	RebuildCommonClasses (26ms)
	RebuildNativeTypeToScriptingClass (8ms)
	initialDomainReloadingComplete (50ms)
	LoadAllAssembliesAndSetupDomain (118ms)
		LoadAssemblies (85ms)
		RebuildTransferFunctionScriptingTraits (0ms)
		AnalyzeDomain (116ms)
			TypeCache.Refresh (115ms)
				TypeCache.ScanAssembly (103ms)
			ScanForSourceGeneratedMonoScriptInfo (0ms)
			ResolveRequiredComponents (0ms)
	FinalizeReload (940ms)
		ReleaseScriptCaches (0ms)
		RebuildScriptCaches (0ms)
		SetupLoadedEditorAssemblies (900ms)
			LogAssemblyErrors (0ms)
			InitializePlatformSupportModulesInManaged (757ms)
			SetLoadedEditorAssemblies (3ms)
			RefreshPlugins (0ms)
			BeforeProcessingInitializeOnLoad (2ms)
			ProcessInitializeOnLoadAttributes (98ms)
			ProcessInitializeOnLoadMethodAttributes (40ms)
			AfterProcessingInitializeOnLoad (0ms)
			EditorAssembliesLoaded (0ms)
		ExecutionOrderSort2 (0ms)
		AwakeInstancesAfterBackupRestoration (0ms)
========================================================================
Worker process is ready to serve import requests
Caller must complete domain reload
Begin MonoManager ReloadAssembly
- Loaded All Assemblies, in  0.565 seconds
Native extension for WindowsStandalone target not found
Native extension for iOS target not found
Native extension for Android target not found
Mono: successfully reloaded assembly
- Finished resetting the current domain, in  0.501 seconds
Domain Reload Profiling: 1066ms
	BeginReloadAssembly (125ms)
		ExecutionOrderSort (0ms)
		DisableScriptedObjects (4ms)
		BackupInstance (0ms)
		ReleaseScriptingObjects (0ms)
		CreateAndSetChildDomain (20ms)
	RebuildCommonClasses (27ms)
	RebuildNativeTypeToScriptingClass (10ms)
	initialDomainReloadingComplete (38ms)
	LoadAllAssembliesAndSetupDomain (364ms)
		LoadAssemblies (260ms)
		RebuildTransferFunctionScriptingTraits (0ms)
		AnalyzeDomain (176ms)
			TypeCache.Refresh (154ms)
				TypeCache.ScanAssembly (137ms)
			ScanForSourceGeneratedMonoScriptInfo (18ms)
			ResolveRequiredComponents (3ms)
	FinalizeReload (502ms)
		ReleaseScriptCaches (0ms)
		RebuildScriptCaches (0ms)
		SetupLoadedEditorAssemblies (372ms)
			LogAssemblyErrors (0ms)
			InitializePlatformSupportModulesInManaged (22ms)
			SetLoadedEditorAssemblies (3ms)
			RefreshPlugins (0ms)
			BeforeProcessingInitializeOnLoad (55ms)
			ProcessInitializeOnLoadAttributes (272ms)
			ProcessInitializeOnLoadMethodAttributes (17ms)
			AfterProcessingInitializeOnLoad (4ms)
			EditorAssembliesLoaded (0ms)
		ExecutionOrderSort2 (0ms)
		AwakeInstancesAfterBackupRestoration (5ms)
Launched and connected shader compiler UnityShaderCompiler.exe after 0.05 seconds
Refreshing native plugins compatible for Editor in 2.10 ms, found 4 plugins.
Preloading 0 native plugins for Editor in 0.00 ms.
Unloading 4259 Unused Serialized files (Serialized files now loaded: 0)
Unloading 29 unused Assets / (59.7 KB). Loaded Objects now: 4719.
Memory consumption went from 148.7 MB to 148.7 MB.
Total: 2.758100 ms (FindLiveObjects: 0.289100 ms CreateObjectMapping: 0.116000 ms MarkObjects: 2.261000 ms  DeleteObjects: 0.091000 ms)

AssetImportParameters requested are different than current active one (requested -> active):
  custom:container-demuxer-ogg: 62fdf1f143b41e24485cea50d1cbac27 -> 
  custom:video-codec-MediaFoundation-h265: 746d11721c4dcdbdad8f713fa42b33f4 -> 
  custom:video-decoder-ogg-theora: a1e56fd34408186e4bbccfd4996cb3dc -> 
  custom:framework-win-MediaFoundation: 216162199b28c13a410421893ffa2e32 -> 
  custom:CustomObjectIndexerAttribute: 9a22284fe3817be447336de3de66b15e -> 
  custom:container-demuxer-webm: 4f35f7cbe854078d1ac9338744f61a02 -> 
  custom:container-muxer-webm: aa71ff27fc2769a1b78a27578f13a17b -> 
  custom:video-decoder-webm-vp8: 9c59270c3fd7afecdb556c50c9e8de78 -> 
  custom:SearchIndexIgnoredProperties: e643bd26f0fe6173181afceb89e7c659 -> 
  custom:AudioImporter_EditorPlatform: d09bf68614088b80899f8185d706f6e7 -> 
  custom:video-encoder-webm-vp8: eb34c28f22e8b96e1ab97ce403110664 -> 
  custom:audio-decoder-ogg-vorbis: bf7c407c2cedff20999df2af8eb42d56 -> 
  custom:audio-encoder-webm-vorbis: bf7c407c2cedff20999df2af8eb42d56 -> 
========================================================================
Received Import Request.
  Time since last request: 1788839.542576 seconds.
  path: Assets/HotUpdate/Utility/Scripts/TimeFormat/Editor/Test/TimeFormatTest.cs
  artifactKey: Guid(3810cfb938da4f8498c1f89d24302506) Importer(815301076,1909f56bfc062723c751e8b465ee728b)
Start importing Assets/HotUpdate/Utility/Scripts/TimeFormat/Editor/Test/TimeFormatTest.cs using Guid(3810cfb938da4f8498c1f89d24302506) Importer(815301076,1909f56bfc062723c751e8b465ee728b) [PhysX] Initialized MultithreadedTaskDispatcher with 20 workers.
 -> (artifact id: 'b0148cbb52d1099765d48e5a4e437b33') in 0.001269 seconds
Number of updated asset objects reloaded before import = 0
Number of asset objects unloaded after import = 0
========================================================================
Received Prepare
Caller must complete domain reload
Begin MonoManager ReloadAssembly
- Loaded All Assemblies, in  0.965 seconds
Native extension for WindowsStandalone target not found
Native extension for iOS target not found
Native extension for Android target not found
Mono: successfully reloaded assembly
- Finished resetting the current domain, in  1.283 seconds
Domain Reload Profiling: 2244ms
	BeginReloadAssembly (338ms)
		ExecutionOrderSort (0ms)
		DisableScriptedObjects (13ms)
		BackupInstance (0ms)
		ReleaseScriptingObjects (0ms)
		CreateAndSetChildDomain (121ms)
	RebuildCommonClasses (44ms)
	RebuildNativeTypeToScriptingClass (14ms)
	initialDomainReloadingComplete (52ms)
	LoadAllAssembliesAndSetupDomain (513ms)
		LoadAssemblies (608ms)
		RebuildTransferFunctionScriptingTraits (0ms)
		AnalyzeDomain (45ms)
			TypeCache.Refresh (19ms)
				TypeCache.ScanAssembly (1ms)
			ScanForSourceGeneratedMonoScriptInfo (15ms)
			ResolveRequiredComponents (9ms)
	FinalizeReload (1284ms)
		ReleaseScriptCaches (0ms)
		RebuildScriptCaches (0ms)
		SetupLoadedEditorAssemblies (560ms)
			LogAssemblyErrors (0ms)
			InitializePlatformSupportModulesInManaged (40ms)
			SetLoadedEditorAssemblies (6ms)
			RefreshPlugins (0ms)
			BeforeProcessingInitializeOnLoad (90ms)
			ProcessInitializeOnLoadAttributes (387ms)
			ProcessInitializeOnLoadMethodAttributes (26ms)
			AfterProcessingInitializeOnLoad (10ms)
			EditorAssembliesLoaded (0ms)
		ExecutionOrderSort2 (0ms)
		AwakeInstancesAfterBackupRestoration (14ms)
Refreshing native plugins compatible for Editor in 5.09 ms, found 4 plugins.
Preloading 0 native plugins for Editor in 0.00 ms.
Unloading 4251 Unused Serialized files (Serialized files now loaded: 0)
Unloading 24 unused Assets / (33.7 KB). Loaded Objects now: 4723.
Memory consumption went from 147.3 MB to 147.2 MB.
Total: 6.445400 ms (FindLiveObjects: 0.560700 ms CreateObjectMapping: 0.119300 ms MarkObjects: 5.607100 ms  DeleteObjects: 0.154300 ms)

Prepare: number of updated asset objects reloaded= 0
AssetImportParameters requested are different than current active one (requested -> active):
  custom:container-demuxer-ogg: 62fdf1f143b41e24485cea50d1cbac27 -> 
  custom:video-codec-MediaFoundation-h265: 746d11721c4dcdbdad8f713fa42b33f4 -> 
  custom:video-decoder-ogg-theora: a1e56fd34408186e4bbccfd4996cb3dc -> 
  custom:framework-win-MediaFoundation: 216162199b28c13a410421893ffa2e32 -> 
  custom:CustomObjectIndexerAttribute: 9a22284fe3817be447336de3de66b15e -> 
  custom:container-demuxer-webm: 4f35f7cbe854078d1ac9338744f61a02 -> 
  custom:container-muxer-webm: aa71ff27fc2769a1b78a27578f13a17b -> 
  custom:video-decoder-webm-vp8: 9c59270c3fd7afecdb556c50c9e8de78 -> 
  custom:SearchIndexIgnoredProperties: e643bd26f0fe6173181afceb89e7c659 -> 
  custom:AudioImporter_EditorPlatform: d09bf68614088b80899f8185d706f6e7 -> 
  custom:video-encoder-webm-vp8: eb34c28f22e8b96e1ab97ce403110664 -> 
  custom:audio-decoder-ogg-vorbis: bf7c407c2cedff20999df2af8eb42d56 -> 
  custom:audio-encoder-webm-vorbis: bf7c407c2cedff20999df2af8eb42d56 -> 
========================================================================
Received Import Request.
  Time since last request: 17801.471859 seconds.
  path: Assets/HotUpdate/Utility/Scripts/Pooled/PooledStringBuilder.cs
  artifactKey: Guid(19452f2f8f6955244a4b9adb1c6b9f79) Importer(815301076,1909f56bfc062723c751e8b465ee728b)
Start importing Assets/HotUpdate/Utility/Scripts/Pooled/PooledStringBuilder.cs using Guid(19452f2f8f6955244a4b9adb1c6b9f79) Importer(815301076,1909f56bfc062723c751e8b465ee728b) [PhysX] Initialized MultithreadedTaskDispatcher with 20 workers.
 -> (artifact id: '18e954f49ff2b6e4a8038f92ce08484b') in 0.045900 seconds
Number of updated asset objects reloaded before import = 0
Number of asset objects unloaded after import = 0
========================================================================
Received Prepare
Caller must complete domain reload
Begin MonoManager ReloadAssembly
- Loaded All Assemblies, in  0.594 seconds
Native extension for WindowsStandalone target not found
Native extension for iOS target not found
Native extension for Android target not found
Mono: successfully reloaded assembly
- Finished resetting the current domain, in  0.816 seconds
Domain Reload Profiling: 1409ms
	BeginReloadAssembly (192ms)
		ExecutionOrderSort (0ms)
		DisableScriptedObjects (8ms)
		BackupInstance (0ms)
		ReleaseScriptingObjects (0ms)
		CreateAndSetChildDomain (61ms)
	RebuildCommonClasses (26ms)
	RebuildNativeTypeToScriptingClass (14ms)
	initialDomainReloadingComplete (30ms)
	LoadAllAssembliesAndSetupDomain (330ms)
		LoadAssemblies (384ms)
		RebuildTransferFunctionScriptingTraits (0ms)
		AnalyzeDomain (29ms)
			TypeCache.Refresh (13ms)
				TypeCache.ScanAssembly (2ms)
			ScanForSourceGeneratedMonoScriptInfo (9ms)
			ResolveRequiredComponents (5ms)
	FinalizeReload (817ms)
		ReleaseScriptCaches (0ms)
		RebuildScriptCaches (0ms)
		SetupLoadedEditorAssemblies (376ms)
			LogAssemblyErrors (0ms)
			InitializePlatformSupportModulesInManaged (26ms)
			SetLoadedEditorAssemblies (5ms)
			RefreshPlugins (0ms)
			BeforeProcessingInitializeOnLoad (62ms)
			ProcessInitializeOnLoadAttributes (260ms)
			ProcessInitializeOnLoadMethodAttributes (18ms)
			AfterProcessingInitializeOnLoad (4ms)
			EditorAssembliesLoaded (0ms)
		ExecutionOrderSort2 (0ms)
		AwakeInstancesAfterBackupRestoration (7ms)
Refreshing native plugins compatible for Editor in 2.19 ms, found 4 plugins.
Preloading 0 native plugins for Editor in 0.00 ms.
Unloading 4252 Unused Serialized files (Serialized files now loaded: 0)
Unloading 24 unused Assets / (33.6 KB). Loaded Objects now: 4728.
Memory consumption went from 147.3 MB to 147.3 MB.
Total: 3.837100 ms (FindLiveObjects: 0.255200 ms CreateObjectMapping: 0.128900 ms MarkObjects: 3.388400 ms  DeleteObjects: 0.062200 ms)

Prepare: number of updated asset objects reloaded= 0
AssetImportParameters requested are different than current active one (requested -> active):
  custom:container-demuxer-ogg: 62fdf1f143b41e24485cea50d1cbac27 -> 
  custom:video-codec-MediaFoundation-h265: 746d11721c4dcdbdad8f713fa42b33f4 -> 
  custom:video-decoder-ogg-theora: a1e56fd34408186e4bbccfd4996cb3dc -> 
  custom:framework-win-MediaFoundation: 216162199b28c13a410421893ffa2e32 -> 
  custom:CustomObjectIndexerAttribute: 9a22284fe3817be447336de3de66b15e -> 
  custom:container-demuxer-webm: 4f35f7cbe854078d1ac9338744f61a02 -> 
  custom:scripting/monoscript/fileName/PooledStringBuilder.cs: dbb01d6ccee9bab03b04a7c8422e9cba -> 
  custom:container-muxer-webm: aa71ff27fc2769a1b78a27578f13a17b -> 
  custom:video-decoder-webm-vp8: 9c59270c3fd7afecdb556c50c9e8de78 -> 
  custom:SearchIndexIgnoredProperties: e643bd26f0fe6173181afceb89e7c659 -> 
  custom:AudioImporter_EditorPlatform: d09bf68614088b80899f8185d706f6e7 -> 
  custom:video-encoder-webm-vp8: eb34c28f22e8b96e1ab97ce403110664 -> 
  custom:audio-decoder-ogg-vorbis: bf7c407c2cedff20999df2af8eb42d56 -> 
  custom:audio-encoder-webm-vorbis: bf7c407c2cedff20999df2af8eb42d56 -> 
  custom:scripting/precompiled-assembly-types:Pooled: efb3113b9db36dcc33310a705d1027cb -> 6162124d200d88ea66aabea2add4abf0
========================================================================
Received Import Request.
  Time since last request: 6.561994 seconds.
  path: Assets/HotUpdate/Utility/Scripts/Pooled/PooledStringBuilder.cs
  artifactKey: Guid(19452f2f8f6955244a4b9adb1c6b9f79) Importer(815301076,1909f56bfc062723c751e8b465ee728b)
Start importing Assets/HotUpdate/Utility/Scripts/Pooled/PooledStringBuilder.cs using Guid(19452f2f8f6955244a4b9adb1c6b9f79) Importer(815301076,1909f56bfc062723c751e8b465ee728b) [PhysX] Initialized MultithreadedTaskDispatcher with 20 workers.
 -> (artifact id: '6f4709b37f33638450267457beca0202') in 0.001479 seconds
Number of updated asset objects reloaded before import = 0
Number of asset objects unloaded after import = 0
========================================================================
Received Import Request.
  Time since last request: 31.603750 seconds.
  path: Assets/HotUpdate/Utility/Scripts/Pooled/PooledStringBuilder.cs
  artifactKey: Guid(19452f2f8f6955244a4b9adb1c6b9f79) Importer(815301076,1909f56bfc062723c751e8b465ee728b)
Start importing Assets/HotUpdate/Utility/Scripts/Pooled/PooledStringBuilder.cs using Guid(19452f2f8f6955244a4b9adb1c6b9f79) Importer(815301076,1909f56bfc062723c751e8b465ee728b) [PhysX] Initialized MultithreadedTaskDispatcher with 20 workers.
 -> (artifact id: 'de2cce6b71eadc230e6d80bf285ccb0f') in 0.000456 seconds
Number of updated asset objects reloaded before import = 0
Number of asset objects unloaded after import = 0
========================================================================
Received Prepare
Caller must complete domain reload
Begin MonoManager ReloadAssembly
- Loaded All Assemblies, in  0.480 seconds
Native extension for WindowsStandalone target not found
Native extension for iOS target not found
Native extension for Android target not found
Mono: successfully reloaded assembly
- Finished resetting the current domain, in  0.919 seconds
Domain Reload Profiling: 1397ms
	BeginReloadAssembly (167ms)
		ExecutionOrderSort (0ms)
		DisableScriptedObjects (5ms)
		BackupInstance (0ms)
		ReleaseScriptingObjects (0ms)
		CreateAndSetChildDomain (37ms)
	RebuildCommonClasses (40ms)
	RebuildNativeTypeToScriptingClass (13ms)
	initialDomainReloadingComplete (26ms)
	LoadAllAssembliesAndSetupDomain (231ms)
		LoadAssemblies (302ms)
		RebuildTransferFunctionScriptingTraits (0ms)
		AnalyzeDomain (27ms)
			TypeCache.Refresh (10ms)
				TypeCache.ScanAssembly (1ms)
			ScanForSourceGeneratedMonoScriptInfo (8ms)
			ResolveRequiredComponents (7ms)
	FinalizeReload (920ms)
		ReleaseScriptCaches (0ms)
		RebuildScriptCaches (0ms)
		SetupLoadedEditorAssemblies (523ms)
			LogAssemblyErrors (0ms)
			InitializePlatformSupportModulesInManaged (32ms)
			SetLoadedEditorAssemblies (5ms)
			RefreshPlugins (0ms)
			BeforeProcessingInitializeOnLoad (75ms)
			ProcessInitializeOnLoadAttributes (387ms)
			ProcessInitializeOnLoadMethodAttributes (20ms)
			AfterProcessingInitializeOnLoad (4ms)
			EditorAssembliesLoaded (0ms)
		ExecutionOrderSort2 (0ms)
		AwakeInstancesAfterBackupRestoration (6ms)
Refreshing native plugins compatible for Editor in 3.72 ms, found 4 plugins.
Preloading 0 native plugins for Editor in 0.00 ms.
Unloading 4252 Unused Serialized files (Serialized files now loaded: 0)
Unloading 24 unused Assets / (33.6 KB). Loaded Objects now: 4732.
Memory consumption went from 147.3 MB to 147.3 MB.
Total: 3.527300 ms (FindLiveObjects: 0.231700 ms CreateObjectMapping: 0.110200 ms MarkObjects: 3.123300 ms  DeleteObjects: 0.060900 ms)

Prepare: number of updated asset objects reloaded= 0
AssetImportParameters requested are different than current active one (requested -> active):
  custom:container-demuxer-ogg: 62fdf1f143b41e24485cea50d1cbac27 -> 
  custom:video-codec-MediaFoundation-h265: 746d11721c4dcdbdad8f713fa42b33f4 -> 
  custom:video-decoder-ogg-theora: a1e56fd34408186e4bbccfd4996cb3dc -> 
  custom:framework-win-MediaFoundation: 216162199b28c13a410421893ffa2e32 -> 
  custom:CustomObjectIndexerAttribute: 9a22284fe3817be447336de3de66b15e -> 
  custom:container-demuxer-webm: 4f35f7cbe854078d1ac9338744f61a02 -> 
  custom:scripting/monoscript/fileName/PooledStringBuilder.cs: c90d8040c0b234ac28a41e2f514aa76b -> 
  custom:container-muxer-webm: aa71ff27fc2769a1b78a27578f13a17b -> 
  custom:video-decoder-webm-vp8: 9c59270c3fd7afecdb556c50c9e8de78 -> 
  custom:SearchIndexIgnoredProperties: e643bd26f0fe6173181afceb89e7c659 -> 
  custom:AudioImporter_EditorPlatform: d09bf68614088b80899f8185d706f6e7 -> 
  custom:video-encoder-webm-vp8: eb34c28f22e8b96e1ab97ce403110664 -> 
  custom:audio-decoder-ogg-vorbis: bf7c407c2cedff20999df2af8eb42d56 -> 
  custom:audio-encoder-webm-vorbis: bf7c407c2cedff20999df2af8eb42d56 -> 
  custom:scripting/precompiled-assembly-types:Pooled: a8ec76f4f74617bfbdbd429f7c28d541 -> 6162124d200d88ea66aabea2add4abf0
========================================================================
Received Prepare
Caller must complete domain reload
Begin MonoManager ReloadAssembly
- Loaded All Assemblies, in  0.521 seconds
Native extension for WindowsStandalone target not found
Native extension for iOS target not found
Native extension for Android target not found
Mono: successfully reloaded assembly
- Finished resetting the current domain, in  0.756 seconds
Domain Reload Profiling: 1275ms
	BeginReloadAssembly (136ms)
		ExecutionOrderSort (0ms)
		DisableScriptedObjects (5ms)
		BackupInstance (0ms)
		ReleaseScriptingObjects (0ms)
		CreateAndSetChildDomain (33ms)
	RebuildCommonClasses (35ms)
	RebuildNativeTypeToScriptingClass (9ms)
	initialDomainReloadingComplete (31ms)
	LoadAllAssembliesAndSetupDomain (309ms)
		LoadAssemblies (336ms)
		RebuildTransferFunctionScriptingTraits (0ms)
		AnalyzeDomain (40ms)
			TypeCache.Refresh (13ms)
				TypeCache.ScanAssembly (3ms)
			ScanForSourceGeneratedMonoScriptInfo (19ms)
			ResolveRequiredComponents (7ms)
	FinalizeReload (756ms)
		ReleaseScriptCaches (0ms)
		RebuildScriptCaches (0ms)
		SetupLoadedEditorAssemblies (339ms)
			LogAssemblyErrors (0ms)
			InitializePlatformSupportModulesInManaged (30ms)
			SetLoadedEditorAssemblies (4ms)
			RefreshPlugins (0ms)
			BeforeProcessingInitializeOnLoad (55ms)
			ProcessInitializeOnLoadAttributes (230ms)
			ProcessInitializeOnLoadMethodAttributes (16ms)
			AfterProcessingInitializeOnLoad (4ms)
			EditorAssembliesLoaded (0ms)
		ExecutionOrderSort2 (0ms)
		AwakeInstancesAfterBackupRestoration (6ms)
Refreshing native plugins compatible for Editor in 1.80 ms, found 4 plugins.
Preloading 0 native plugins for Editor in 0.00 ms.
Unloading 4253 Unused Serialized files (Serialized files now loaded: 0)
Unloading 24 unused Assets / (33.6 KB). Loaded Objects now: 4736.
Memory consumption went from 147.6 MB to 147.5 MB.
Total: 2.324500 ms (FindLiveObjects: 0.169700 ms CreateObjectMapping: 0.085700 ms MarkObjects: 2.021900 ms  DeleteObjects: 0.046200 ms)

Prepare: number of updated asset objects reloaded= 0
AssetImportParameters requested are different than current active one (requested -> active):
  custom:container-demuxer-ogg: 62fdf1f143b41e24485cea50d1cbac27 -> 
  custom:video-codec-MediaFoundation-h265: 746d11721c4dcdbdad8f713fa42b33f4 -> 
  custom:video-decoder-ogg-theora: a1e56fd34408186e4bbccfd4996cb3dc -> 
  custom:framework-win-MediaFoundation: 216162199b28c13a410421893ffa2e32 -> 
  custom:CustomObjectIndexerAttribute: 9a22284fe3817be447336de3de66b15e -> 
  custom:container-demuxer-webm: 4f35f7cbe854078d1ac9338744f61a02 -> 
  custom:scripting/monoscript/fileName/PooledStringBuilder.cs: c90d8040c0b234ac28a41e2f514aa76b -> 
  custom:container-muxer-webm: aa71ff27fc2769a1b78a27578f13a17b -> 
  custom:video-decoder-webm-vp8: 9c59270c3fd7afecdb556c50c9e8de78 -> 
  custom:SearchIndexIgnoredProperties: e643bd26f0fe6173181afceb89e7c659 -> 
  custom:AudioImporter_EditorPlatform: d09bf68614088b80899f8185d706f6e7 -> 
  custom:video-encoder-webm-vp8: eb34c28f22e8b96e1ab97ce403110664 -> 
  custom:audio-decoder-ogg-vorbis: bf7c407c2cedff20999df2af8eb42d56 -> 
  custom:audio-encoder-webm-vorbis: bf7c407c2cedff20999df2af8eb42d56 -> 
  custom:scripting/precompiled-assembly-types:Pooled: a8ec76f4f74617bfbdbd429f7c28d541 -> 6162124d200d88ea66aabea2add4abf0
========================================================================
Received Import Request.
  Time since last request: 989.440707 seconds.
  path: Assets/HotUpdate/Utility/Scripts/Pooled/PooledBitArray.cs
  artifactKey: Guid(d77c753fa1125cf478c87a440d729e03) Importer(815301076,1909f56bfc062723c751e8b465ee728b)
Start importing Assets/HotUpdate/Utility/Scripts/Pooled/PooledBitArray.cs using Guid(d77c753fa1125cf478c87a440d729e03) Importer(815301076,1909f56bfc062723c751e8b465ee728b) [PhysX] Initialized MultithreadedTaskDispatcher with 20 workers.
 -> (artifact id: '8841261bd02bcf09da0aac313e0eb134') in 0.001327 seconds
Number of updated asset objects reloaded before import = 0
Number of asset objects unloaded after import = 0
========================================================================
Received Prepare
Caller must complete domain reload
Begin MonoManager ReloadAssembly
- Loaded All Assemblies, in  0.359 seconds
Native extension for WindowsStandalone target not found
Native extension for iOS target not found
Native extension for Android target not found
Mono: successfully reloaded assembly
- Finished resetting the current domain, in  0.719 seconds
Domain Reload Profiling: 1076ms
	BeginReloadAssembly (121ms)
		ExecutionOrderSort (0ms)
		DisableScriptedObjects (4ms)
		BackupInstance (0ms)
		ReleaseScriptingObjects (0ms)
		CreateAndSetChildDomain (25ms)
	RebuildCommonClasses (24ms)
	RebuildNativeTypeToScriptingClass (8ms)
	initialDomainReloadingComplete (22ms)
	LoadAllAssembliesAndSetupDomain (182ms)
		LoadAssemblies (230ms)
		RebuildTransferFunctionScriptingTraits (0ms)
		AnalyzeDomain (20ms)
			TypeCache.Refresh (8ms)
				TypeCache.ScanAssembly (1ms)
			ScanForSourceGeneratedMonoScriptInfo (6ms)
			ResolveRequiredComponents (4ms)
	FinalizeReload (719ms)
		ReleaseScriptCaches (0ms)
		RebuildScriptCaches (0ms)
		SetupLoadedEditorAssemblies (375ms)
			LogAssemblyErrors (0ms)
			InitializePlatformSupportModulesInManaged (22ms)
			SetLoadedEditorAssemblies (8ms)
			RefreshPlugins (0ms)
			BeforeProcessingInitializeOnLoad (64ms)
			ProcessInitializeOnLoadAttributes (257ms)
			ProcessInitializeOnLoadMethodAttributes (17ms)
			AfterProcessingInitializeOnLoad (6ms)
			EditorAssembliesLoaded (0ms)
		ExecutionOrderSort2 (0ms)
		AwakeInstancesAfterBackupRestoration (7ms)
Refreshing native plugins compatible for Editor in 2.06 ms, found 4 plugins.
Preloading 0 native plugins for Editor in 0.00 ms.
Unloading 4253 Unused Serialized files (Serialized files now loaded: 0)
Unloading 24 unused Assets / (33.6 KB). Loaded Objects now: 4741.
Memory consumption went from 147.3 MB to 147.3 MB.
Total: 2.926200 ms (FindLiveObjects: 0.206100 ms CreateObjectMapping: 0.103000 ms MarkObjects: 2.572600 ms  DeleteObjects: 0.043500 ms)

Prepare: number of updated asset objects reloaded= 0
AssetImportParameters requested are different than current active one (requested -> active):
  custom:container-demuxer-ogg: 62fdf1f143b41e24485cea50d1cbac27 -> 
  custom:video-codec-MediaFoundation-h265: 746d11721c4dcdbdad8f713fa42b33f4 -> 
  custom:video-decoder-ogg-theora: a1e56fd34408186e4bbccfd4996cb3dc -> 
  custom:framework-win-MediaFoundation: 216162199b28c13a410421893ffa2e32 -> 
  custom:CustomObjectIndexerAttribute: 9a22284fe3817be447336de3de66b15e -> 
  custom:container-demuxer-webm: 4f35f7cbe854078d1ac9338744f61a02 -> 
  custom:scripting/monoscript/fileName/PooledStringBuilder.cs: c90d8040c0b234ac28a41e2f514aa76b -> 
  custom:container-muxer-webm: aa71ff27fc2769a1b78a27578f13a17b -> 
  custom:video-decoder-webm-vp8: 9c59270c3fd7afecdb556c50c9e8de78 -> 
  custom:SearchIndexIgnoredProperties: e643bd26f0fe6173181afceb89e7c659 -> 
  custom:AudioImporter_EditorPlatform: d09bf68614088b80899f8185d706f6e7 -> 
  custom:video-encoder-webm-vp8: eb34c28f22e8b96e1ab97ce403110664 -> 
  custom:audio-decoder-ogg-vorbis: bf7c407c2cedff20999df2af8eb42d56 -> 
  custom:scripting/monoscript/fileName/PooledBitArray.cs: 8648f1058f249d552dac2b88429664ea -> 
  custom:audio-encoder-webm-vorbis: bf7c407c2cedff20999df2af8eb42d56 -> 
  custom:scripting/precompiled-assembly-types:Pooled: 1e98abc2e3ad7f2f96275e12d4e500db -> 6162124d200d88ea66aabea2add4abf0
========================================================================
Received Import Request.
  Time since last request: 278.052538 seconds.
  path: Assets/HotUpdate/Utility/Scripts/Pooled/PooledBitArray.cs
  artifactKey: Guid(d77c753fa1125cf478c87a440d729e03) Importer(815301076,1909f56bfc062723c751e8b465ee728b)
Start importing Assets/HotUpdate/Utility/Scripts/Pooled/PooledBitArray.cs using Guid(d77c753fa1125cf478c87a440d729e03) Importer(815301076,1909f56bfc062723c751e8b465ee728b) [PhysX] Initialized MultithreadedTaskDispatcher with 20 workers.
 -> (artifact id: '55a6d6d26f789da4aad267774ab6114a') in 0.001937 seconds
Number of updated asset objects reloaded before import = 0
Number of asset objects unloaded after import = 0
========================================================================
Received Prepare
Caller must complete domain reload
Begin MonoManager ReloadAssembly
- Loaded All Assemblies, in  0.337 seconds
Native extension for WindowsStandalone target not found
Native extension for iOS target not found
Native extension for Android target not found
Mono: successfully reloaded assembly
- Finished resetting the current domain, in  0.669 seconds
Domain Reload Profiling: 1004ms
	BeginReloadAssembly (111ms)
		ExecutionOrderSort (0ms)
		DisableScriptedObjects (4ms)
		BackupInstance (0ms)
		ReleaseScriptingObjects (0ms)
		CreateAndSetChildDomain (23ms)
	RebuildCommonClasses (22ms)
	RebuildNativeTypeToScriptingClass (7ms)
	initialDomainReloadingComplete (22ms)
	LoadAllAssembliesAndSetupDomain (173ms)
		LoadAssemblies (213ms)
		RebuildTransferFunctionScriptingTraits (0ms)
		AnalyzeDomain (19ms)
			TypeCache.Refresh (7ms)
				TypeCache.ScanAssembly (0ms)
			ScanForSourceGeneratedMonoScriptInfo (7ms)
			ResolveRequiredComponents (4ms)
	FinalizeReload (669ms)
		ReleaseScriptCaches (0ms)
		RebuildScriptCaches (0ms)
		SetupLoadedEditorAssemblies (378ms)
			LogAssemblyErrors (0ms)
			InitializePlatformSupportModulesInManaged (22ms)
			SetLoadedEditorAssemblies (3ms)
			RefreshPlugins (0ms)
			BeforeProcessingInitializeOnLoad (52ms)
			ProcessInitializeOnLoadAttributes (278ms)
			ProcessInitializeOnLoadMethodAttributes (17ms)
			AfterProcessingInitializeOnLoad (5ms)
			EditorAssembliesLoaded (0ms)
		ExecutionOrderSort2 (0ms)
		AwakeInstancesAfterBackupRestoration (8ms)
Refreshing native plugins compatible for Editor in 2.52 ms, found 4 plugins.
Preloading 0 native plugins for Editor in 0.00 ms.
Unloading 4253 Unused Serialized files (Serialized files now loaded: 0)
Unloading 24 unused Assets / (33.7 KB). Loaded Objects now: 4745.
Memory consumption went from 147.3 MB to 147.3 MB.
Total: 2.623200 ms (FindLiveObjects: 0.208300 ms CreateObjectMapping: 0.109800 ms MarkObjects: 2.244400 ms  DeleteObjects: 0.058800 ms)

Prepare: number of updated asset objects reloaded= 0
AssetImportParameters requested are different than current active one (requested -> active):
  custom:container-demuxer-ogg: 62fdf1f143b41e24485cea50d1cbac27 -> 
  custom:video-codec-MediaFoundation-h265: 746d11721c4dcdbdad8f713fa42b33f4 -> 
  custom:video-decoder-ogg-theora: a1e56fd34408186e4bbccfd4996cb3dc -> 
  custom:framework-win-MediaFoundation: 216162199b28c13a410421893ffa2e32 -> 
  custom:CustomObjectIndexerAttribute: 9a22284fe3817be447336de3de66b15e -> 
  custom:container-demuxer-webm: 4f35f7cbe854078d1ac9338744f61a02 -> 
  custom:scripting/monoscript/fileName/PooledStringBuilder.cs: c90d8040c0b234ac28a41e2f514aa76b -> 
  custom:container-muxer-webm: aa71ff27fc2769a1b78a27578f13a17b -> 
  custom:video-decoder-webm-vp8: 9c59270c3fd7afecdb556c50c9e8de78 -> 
  custom:SearchIndexIgnoredProperties: e643bd26f0fe6173181afceb89e7c659 -> 
  custom:AudioImporter_EditorPlatform: d09bf68614088b80899f8185d706f6e7 -> 
  custom:video-encoder-webm-vp8: eb34c28f22e8b96e1ab97ce403110664 -> 
  custom:audio-decoder-ogg-vorbis: bf7c407c2cedff20999df2af8eb42d56 -> 
  custom:scripting/monoscript/fileName/PooledBitArray.cs: 63242dbc45c4894086d10ce96dcd98d8 -> 
  custom:audio-encoder-webm-vorbis: bf7c407c2cedff20999df2af8eb42d56 -> 
  custom:scripting/precompiled-assembly-types:Pooled: 09ded2379820f34eff0d882b8d809c0b -> 6162124d200d88ea66aabea2add4abf0
========================================================================
Received Import Request.
  Time since last request: 9.601148 seconds.
  path: Assets/HotUpdate/Utility/Scripts/Pooled/PooledBitArray.cs
  artifactKey: Guid(d77c753fa1125cf478c87a440d729e03) Importer(815301076,1909f56bfc062723c751e8b465ee728b)
Start importing Assets/HotUpdate/Utility/Scripts/Pooled/PooledBitArray.cs using Guid(d77c753fa1125cf478c87a440d729e03) Importer(815301076,1909f56bfc062723c751e8b465ee728b) [PhysX] Initialized MultithreadedTaskDispatcher with 20 workers.
 -> (artifact id: '68339c434a81e360e37f0e21f377fcba') in 0.001793 seconds
Number of updated asset objects reloaded before import = 0
Number of asset objects unloaded after import = 0
========================================================================
Received Import Request.
  Time since last request: 1323.395536 seconds.
  path: Assets/HotUpdate/Utility/Scripts/Pooled/PooledBitArray.cs
  artifactKey: Guid(d77c753fa1125cf478c87a440d729e03) Importer(815301076,1909f56bfc062723c751e8b465ee728b)
Start importing Assets/HotUpdate/Utility/Scripts/Pooled/PooledBitArray.cs using Guid(d77c753fa1125cf478c87a440d729e03) Importer(815301076,1909f56bfc062723c751e8b465ee728b) [PhysX] Initialized MultithreadedTaskDispatcher with 20 workers.
 -> (artifact id: '22af116e8f677884d83db76565100ac8') in 0.000709 seconds
Number of updated asset objects reloaded before import = 0
Number of asset objects unloaded after import = 0
========================================================================
Received Import Request.
  Time since last request: 4.569944 seconds.
  path: Assets/HotUpdate/Utility/Scripts/Pooled/Editor/Tests/PooledTest.cs
  artifactKey: Guid(b0b3ab5676bcee546baf20e3a082f2b4) Importer(815301076,1909f56bfc062723c751e8b465ee728b)
Start importing Assets/HotUpdate/Utility/Scripts/Pooled/Editor/Tests/PooledTest.cs using Guid(b0b3ab5676bcee546baf20e3a082f2b4) Importer(815301076,1909f56bfc062723c751e8b465ee728b) [PhysX] Initialized MultithreadedTaskDispatcher with 20 workers.
 -> (artifact id: '7c42dd96911d9b79051a4cd34651968e') in 0.000425 seconds
Number of updated asset objects reloaded before import = 0
Number of asset objects unloaded after import = 0
========================================================================
Received Import Request.
  Time since last request: 1721.694712 seconds.
  path: Assets/HotUpdate/Utility/Scripts/Collections/Bitmap.cs
  artifactKey: Guid(60b438bafd2cca044997df55af0be1e0) Importer(815301076,1909f56bfc062723c751e8b465ee728b)
Start importing Assets/HotUpdate/Utility/Scripts/Collections/Bitmap.cs using Guid(60b438bafd2cca044997df55af0be1e0) Importer(815301076,1909f56bfc062723c751e8b465ee728b) [PhysX] Initialized MultithreadedTaskDispatcher with 20 workers.
 -> (artifact id: 'd47894b2137de67e51d8959a08493716') in 0.000718 seconds
Number of updated asset objects reloaded before import = 0
Number of asset objects unloaded after import = 0
========================================================================
Received Prepare
Caller must complete domain reload
Begin MonoManager ReloadAssembly
- Loaded All Assemblies, in  0.758 seconds
Native extension for WindowsStandalone target not found
Native extension for iOS target not found
Native extension for Android target not found
Mono: successfully reloaded assembly
- Finished resetting the current domain, in  0.900 seconds
Domain Reload Profiling: 1657ms
	BeginReloadAssembly (207ms)
		ExecutionOrderSort (0ms)
		DisableScriptedObjects (8ms)
		BackupInstance (0ms)
		ReleaseScriptingObjects (0ms)
		CreateAndSetChildDomain (58ms)
	RebuildCommonClasses (41ms)
	RebuildNativeTypeToScriptingClass (13ms)
	initialDomainReloadingComplete (39ms)
	LoadAllAssembliesAndSetupDomain (457ms)
		LoadAssemblies (521ms)
		RebuildTransferFunctionScriptingTraits (0ms)
		AnalyzeDomain (35ms)
			TypeCache.Refresh (15ms)
				TypeCache.ScanAssembly (1ms)
			ScanForSourceGeneratedMonoScriptInfo (11ms)
			ResolveRequiredComponents (7ms)
	FinalizeReload (901ms)
		ReleaseScriptCaches (0ms)
		RebuildScriptCaches (0ms)
		SetupLoadedEditorAssemblies (419ms)
			LogAssemblyErrors (0ms)
			InitializePlatformSupportModulesInManaged (34ms)
			SetLoadedEditorAssemblies (5ms)
			RefreshPlugins (0ms)
			BeforeProcessingInitializeOnLoad (78ms)
			ProcessInitializeOnLoadAttributes (275ms)
			ProcessInitializeOnLoadMethodAttributes (19ms)
			AfterProcessingInitializeOnLoad (9ms)
			EditorAssembliesLoaded (0ms)
		ExecutionOrderSort2 (0ms)
		AwakeInstancesAfterBackupRestoration (11ms)
Refreshing native plugins compatible for Editor in 2.70 ms, found 4 plugins.
Preloading 0 native plugins for Editor in 0.00 ms.
Unloading 4253 Unused Serialized files (Serialized files now loaded: 0)
Unloading 24 unused Assets / (33.6 KB). Loaded Objects now: 4749.
Memory consumption went from 147.3 MB to 147.3 MB.
Total: 3.843600 ms (FindLiveObjects: 0.218700 ms CreateObjectMapping: 0.096700 ms MarkObjects: 3.419600 ms  DeleteObjects: 0.106400 ms)

Prepare: number of updated asset objects reloaded= 0
AssetImportParameters requested are different than current active one (requested -> active):
  custom:container-demuxer-ogg: 62fdf1f143b41e24485cea50d1cbac27 -> 
  custom:video-codec-MediaFoundation-h265: 746d11721c4dcdbdad8f713fa42b33f4 -> 
  custom:video-decoder-ogg-theora: a1e56fd34408186e4bbccfd4996cb3dc -> 
  custom:framework-win-MediaFoundation: 216162199b28c13a410421893ffa2e32 -> 
  custom:CustomObjectIndexerAttribute: 9a22284fe3817be447336de3de66b15e -> 
  custom:container-demuxer-webm: 4f35f7cbe854078d1ac9338744f61a02 -> 
  custom:scripting/monoscript/fileName/PooledStringBuilder.cs: c90d8040c0b234ac28a41e2f514aa76b -> 
  custom:container-muxer-webm: aa71ff27fc2769a1b78a27578f13a17b -> 
  custom:video-decoder-webm-vp8: 9c59270c3fd7afecdb556c50c9e8de78 -> 
  custom:SearchIndexIgnoredProperties: e643bd26f0fe6173181afceb89e7c659 -> 
  custom:AudioImporter_EditorPlatform: d09bf68614088b80899f8185d706f6e7 -> 
  custom:video-encoder-webm-vp8: eb34c28f22e8b96e1ab97ce403110664 -> 
  custom:audio-decoder-ogg-vorbis: bf7c407c2cedff20999df2af8eb42d56 -> 
  custom:scripting/monoscript/fileName/PooledBitArray.cs: 63242dbc45c4894086d10ce96dcd98d8 -> 
  custom:audio-encoder-webm-vorbis: bf7c407c2cedff20999df2af8eb42d56 -> 
  custom:scripting/precompiled-assembly-types:Pooled: a8ec76f4f74617bfbdbd429f7c28d541 -> 6162124d200d88ea66aabea2add4abf0
========================================================================
Received Import Request.
  Time since last request: 419.204345 seconds.
  path: Assets/HotUpdate/GameBox/GameBox.asmdef
  artifactKey: Guid(900a63c03276f1d4799a62d622aa88ea) Importer(815301076,1909f56bfc062723c751e8b465ee728b)
Start importing Assets/HotUpdate/GameBox/GameBox.asmdef using Guid(900a63c03276f1d4799a62d622aa88ea) Importer(815301076,1909f56bfc062723c751e8b465ee728b) [PhysX] Initialized MultithreadedTaskDispatcher with 20 workers.
 -> (artifact id: 'e194b500415059eba4e425f05fe3a83e') in 0.001639 seconds
Number of updated asset objects reloaded before import = 0
Number of asset objects unloaded after import = 0
========================================================================
Received Import Request.
  Time since last request: 4.090855 seconds.
  path: Assets/HotUpdate/GameBox/ActionGames/ACT/ACT.asmdef
  artifactKey: Guid(11b751012af94d748a7746902837ba11) Importer(815301076,1909f56bfc062723c751e8b465ee728b)
Start importing Assets/HotUpdate/GameBox/ActionGames/ACT/ACT.asmdef using Guid(11b751012af94d748a7746902837ba11) Importer(815301076,1909f56bfc062723c751e8b465ee728b) [PhysX] Initialized MultithreadedTaskDispatcher with 20 workers.
 -> (artifact id: '14a24aacc5071b7e6fdcc6d13185d9ee') in 0.000465 seconds
Number of updated asset objects reloaded before import = 0
Number of asset objects unloaded after import = 0
========================================================================
Received Import Request.
  Time since last request: 49.295989 seconds.
  path: Assets/Editor/Macro/MacroDefinerWindow.Configure.cs
  artifactKey: Guid(ede03d844e92a444eb7c5bf255011c25) Importer(815301076,1909f56bfc062723c751e8b465ee728b)
Start importing Assets/Editor/Macro/MacroDefinerWindow.Configure.cs using Guid(ede03d844e92a444eb7c5bf255011c25) Importer(815301076,1909f56bfc062723c751e8b465ee728b) [PhysX] Initialized MultithreadedTaskDispatcher with 20 workers.
 -> (artifact id: '4a70e39658b5e01a90743abbe59490ab') in 0.000528 seconds
Number of updated asset objects reloaded before import = 0
Number of asset objects unloaded after import = 0
========================================================================
Received Import Request.
  Time since last request: 2.110998 seconds.
  path: Assets/Editor/Macro/MacroDefinerWindow.cs
  artifactKey: Guid(332ee1f86d8ebfa4cad0687b018142d8) Importer(815301076,1909f56bfc062723c751e8b465ee728b)
Start importing Assets/Editor/Macro/MacroDefinerWindow.cs using Guid(332ee1f86d8ebfa4cad0687b018142d8) Importer(815301076,1909f56bfc062723c751e8b465ee728b) [PhysX] Initialized MultithreadedTaskDispatcher with 20 workers.
 -> (artifact id: '82070daf0c8683ad520b3039c5668d55') in 0.000393 seconds
Number of updated asset objects reloaded before import = 0
Number of asset objects unloaded after import = 0
========================================================================
Received Import Request.
  Time since last request: 49.591170 seconds.
  path: Assets/HotUpdate/Utility/Scripts/Test1
  artifactKey: Guid(5acc8d5954558f141afd8fb21d503dc8) Importer(815301076,1909f56bfc062723c751e8b465ee728b)
Start importing Assets/HotUpdate/Utility/Scripts/Test1 using Guid(5acc8d5954558f141afd8fb21d503dc8) Importer(815301076,1909f56bfc062723c751e8b465ee728b) [PhysX] Initialized MultithreadedTaskDispatcher with 20 workers.
 -> (artifact id: '6615e43d36cac8025ce3b5843d1cf90f') in 0.001150 seconds
Number of updated asset objects reloaded before import = 0
Number of asset objects unloaded after import = 0
========================================================================
Received Import Request.
  Time since last request: 14.536874 seconds.
  path: Assets/HotUpdate/Utility/Scripts/Test1/Test1.asmdef
  artifactKey: Guid(abfbdb77c673aa842aa1ea7f4530b8d8) Importer(815301076,1909f56bfc062723c751e8b465ee728b)
Start importing Assets/HotUpdate/Utility/Scripts/Test1/Test1.asmdef using Guid(abfbdb77c673aa842aa1ea7f4530b8d8) Importer(815301076,1909f56bfc062723c751e8b465ee728b) [PhysX] Initialized MultithreadedTaskDispatcher with 20 workers.
 -> (artifact id: '57fe3cde40bb23e9ee1100f3681414b5') in 0.000754 seconds
Number of updated asset objects reloaded before import = 0
Number of asset objects unloaded after import = 0
========================================================================
Received Prepare
Caller must complete domain reload
Begin MonoManager ReloadAssembly
- Loaded All Assemblies, in  0.342 seconds
Native extension for WindowsStandalone target not found
Native extension for iOS target not found
Native extension for Android target not found
Mono: successfully reloaded assembly
- Finished resetting the current domain, in  0.587 seconds
Domain Reload Profiling: 928ms
	BeginReloadAssembly (116ms)
		ExecutionOrderSort (0ms)
		DisableScriptedObjects (4ms)
		BackupInstance (0ms)
		ReleaseScriptingObjects (0ms)
		CreateAndSetChildDomain (25ms)
	RebuildCommonClasses (25ms)
	RebuildNativeTypeToScriptingClass (7ms)
	initialDomainReloadingComplete (22ms)
	LoadAllAssembliesAndSetupDomain (171ms)
		LoadAssemblies (223ms)
		RebuildTransferFunctionScriptingTraits (0ms)
		AnalyzeDomain (12ms)
			TypeCache.Refresh (7ms)
				TypeCache.ScanAssembly (0ms)
			ScanForSourceGeneratedMonoScriptInfo (0ms)
			ResolveRequiredComponents (4ms)
	FinalizeReload (587ms)
		ReleaseScriptCaches (0ms)
		RebuildScriptCaches (0ms)
		SetupLoadedEditorAssemblies (298ms)
			LogAssemblyErrors (0ms)
			InitializePlatformSupportModulesInManaged (18ms)
			SetLoadedEditorAssemblies (3ms)
			RefreshPlugins (0ms)
			BeforeProcessingInitializeOnLoad (48ms)
			ProcessInitializeOnLoadAttributes (208ms)
			ProcessInitializeOnLoadMethodAttributes (14ms)
			AfterProcessingInitializeOnLoad (6ms)
			EditorAssembliesLoaded (0ms)
		ExecutionOrderSort2 (0ms)
		AwakeInstancesAfterBackupRestoration (6ms)
Refreshing native plugins compatible for Editor in 2.19 ms, found 4 plugins.
Preloading 0 native plugins for Editor in 0.00 ms.
Unloading 4253 Unused Serialized files (Serialized files now loaded: 0)
Unloading 24 unused Assets / (33.6 KB). Loaded Objects now: 4753.
Memory consumption went from 147.3 MB to 147.3 MB.
Total: 3.062300 ms (FindLiveObjects: 0.205800 ms CreateObjectMapping: 0.101200 ms MarkObjects: 2.703700 ms  DeleteObjects: 0.049800 ms)

Prepare: number of updated asset objects reloaded= 0
AssetImportParameters requested are different than current active one (requested -> active):
  custom:container-demuxer-ogg: 62fdf1f143b41e24485cea50d1cbac27 -> 
  custom:video-codec-MediaFoundation-h265: 746d11721c4dcdbdad8f713fa42b33f4 -> 
  custom:video-decoder-ogg-theora: a1e56fd34408186e4bbccfd4996cb3dc -> 
  custom:framework-win-MediaFoundation: 216162199b28c13a410421893ffa2e32 -> 
  custom:CustomObjectIndexerAttribute: 9a22284fe3817be447336de3de66b15e -> 
  custom:container-demuxer-webm: 4f35f7cbe854078d1ac9338744f61a02 -> 
  custom:scripting/monoscript/fileName/PooledStringBuilder.cs: c90d8040c0b234ac28a41e2f514aa76b -> 
  custom:container-muxer-webm: aa71ff27fc2769a1b78a27578f13a17b -> 
  custom:video-decoder-webm-vp8: 9c59270c3fd7afecdb556c50c9e8de78 -> 
  custom:SearchIndexIgnoredProperties: e643bd26f0fe6173181afceb89e7c659 -> 
  custom:AudioImporter_EditorPlatform: d09bf68614088b80899f8185d706f6e7 -> 
  custom:video-encoder-webm-vp8: eb34c28f22e8b96e1ab97ce403110664 -> 
  custom:audio-decoder-ogg-vorbis: bf7c407c2cedff20999df2af8eb42d56 -> 
  custom:scripting/monoscript/fileName/PooledBitArray.cs: 63242dbc45c4894086d10ce96dcd98d8 -> 
  custom:audio-encoder-webm-vorbis: bf7c407c2cedff20999df2af8eb42d56 -> 
  custom:scripting/precompiled-assembly-types:Pooled: a8ec76f4f74617bfbdbd429f7c28d541 -> 6162124d200d88ea66aabea2add4abf0
========================================================================
Received Prepare
Caller must complete domain reload
Begin MonoManager ReloadAssembly
- Loaded All Assemblies, in  0.330 seconds
Native extension for WindowsStandalone target not found
Native extension for iOS target not found
Native extension for Android target not found
Mono: successfully reloaded assembly
- Finished resetting the current domain, in  0.571 seconds
Domain Reload Profiling: 899ms
	BeginReloadAssembly (117ms)
		ExecutionOrderSort (0ms)
		DisableScriptedObjects (4ms)
		BackupInstance (0ms)
		ReleaseScriptingObjects (0ms)
		CreateAndSetChildDomain (27ms)
	RebuildCommonClasses (23ms)
	RebuildNativeTypeToScriptingClass (8ms)
	initialDomainReloadingComplete (21ms)
	LoadAllAssembliesAndSetupDomain (160ms)
		LoadAssemblies (211ms)
		RebuildTransferFunctionScriptingTraits (0ms)
		AnalyzeDomain (10ms)
			TypeCache.Refresh (5ms)
				TypeCache.ScanAssembly (0ms)
			ScanForSourceGeneratedMonoScriptInfo (0ms)
			ResolveRequiredComponents (4ms)
	FinalizeReload (571ms)
		ReleaseScriptCaches (0ms)
		RebuildScriptCaches (0ms)
		SetupLoadedEditorAssemblies (289ms)
			LogAssemblyErrors (0ms)
			InitializePlatformSupportModulesInManaged (19ms)
			SetLoadedEditorAssemblies (2ms)
			RefreshPlugins (0ms)
			BeforeProcessingInitializeOnLoad (47ms)
			ProcessInitializeOnLoadAttributes (202ms)
			ProcessInitializeOnLoadMethodAttributes (14ms)
			AfterProcessingInitializeOnLoad (6ms)
			EditorAssembliesLoaded (0ms)
		ExecutionOrderSort2 (0ms)
		AwakeInstancesAfterBackupRestoration (8ms)
Refreshing native plugins compatible for Editor in 1.87 ms, found 4 plugins.
Preloading 0 native plugins for Editor in 0.00 ms.
Unloading 4254 Unused Serialized files (Serialized files now loaded: 0)
Unloading 24 unused Assets / (33.7 KB). Loaded Objects now: 4757.
Memory consumption went from 147.6 MB to 147.6 MB.
Total: 2.436900 ms (FindLiveObjects: 0.191800 ms CreateObjectMapping: 0.089700 ms MarkObjects: 2.117300 ms  DeleteObjects: 0.036400 ms)

Prepare: number of updated asset objects reloaded= 0
AssetImportParameters requested are different than current active one (requested -> active):
  custom:container-demuxer-ogg: 62fdf1f143b41e24485cea50d1cbac27 -> 
  custom:video-codec-MediaFoundation-h265: 746d11721c4dcdbdad8f713fa42b33f4 -> 
  custom:video-decoder-ogg-theora: a1e56fd34408186e4bbccfd4996cb3dc -> 
  custom:framework-win-MediaFoundation: 216162199b28c13a410421893ffa2e32 -> 
  custom:CustomObjectIndexerAttribute: 9a22284fe3817be447336de3de66b15e -> 
  custom:container-demuxer-webm: 4f35f7cbe854078d1ac9338744f61a02 -> 
  custom:scripting/monoscript/fileName/PooledStringBuilder.cs: c90d8040c0b234ac28a41e2f514aa76b -> 
  custom:container-muxer-webm: aa71ff27fc2769a1b78a27578f13a17b -> 
  custom:video-decoder-webm-vp8: 9c59270c3fd7afecdb556c50c9e8de78 -> 
  custom:SearchIndexIgnoredProperties: e643bd26f0fe6173181afceb89e7c659 -> 
  custom:AudioImporter_EditorPlatform: d09bf68614088b80899f8185d706f6e7 -> 
  custom:video-encoder-webm-vp8: eb34c28f22e8b96e1ab97ce403110664 -> 
  custom:audio-decoder-ogg-vorbis: bf7c407c2cedff20999df2af8eb42d56 -> 
  custom:scripting/monoscript/fileName/PooledBitArray.cs: 63242dbc45c4894086d10ce96dcd98d8 -> 
  custom:audio-encoder-webm-vorbis: bf7c407c2cedff20999df2af8eb42d56 -> 
  custom:scripting/precompiled-assembly-types:Pooled: a8ec76f4f74617bfbdbd429f7c28d541 -> 6162124d200d88ea66aabea2add4abf0
========================================================================
Received Import Request.
  Time since last request: 14.757012 seconds.
  path: Assets/HotUpdate/Utility/Scripts/Test2/Test1.asmdef
  artifactKey: Guid(4a49e87cb5949a243ba148defd8aa92b) Importer(815301076,1909f56bfc062723c751e8b465ee728b)
Start importing Assets/HotUpdate/Utility/Scripts/Test2/Test1.asmdef using Guid(4a49e87cb5949a243ba148defd8aa92b) Importer(815301076,1909f56bfc062723c751e8b465ee728b) [PhysX] Initialized MultithreadedTaskDispatcher with 20 workers.
 -> (artifact id: '3eb20a5e9141fa97b55a6e28c3ed1fae') in 0.001572 seconds
Number of updated asset objects reloaded before import = 0
Number of asset objects unloaded after import = 0
========================================================================
Received Import Request.
  Time since last request: 2.442389 seconds.
  path: Assets/HotUpdate/Utility/Scripts/Test2/Test2.asmdef
  artifactKey: Guid(4a49e87cb5949a243ba148defd8aa92b) Importer(815301076,1909f56bfc062723c751e8b465ee728b)
Start importing Assets/HotUpdate/Utility/Scripts/Test2/Test2.asmdef using Guid(4a49e87cb5949a243ba148defd8aa92b) Importer(815301076,1909f56bfc062723c751e8b465ee728b) [PhysX] Initialized MultithreadedTaskDispatcher with 20 workers.
 -> (artifact id: 'ff6d740968bbbc448a4030ccf65f81a6') in 0.000405 seconds
Number of updated asset objects reloaded before import = 0
Number of asset objects unloaded after import = 0
========================================================================
Received Prepare
Caller must complete domain reload
Begin MonoManager ReloadAssembly
- Loaded All Assemblies, in  0.324 seconds
Native extension for WindowsStandalone target not found
Native extension for iOS target not found
Native extension for Android target not found
Mono: successfully reloaded assembly
- Finished resetting the current domain, in  0.602 seconds
Domain Reload Profiling: 926ms
	BeginReloadAssembly (114ms)
		ExecutionOrderSort (0ms)
		DisableScriptedObjects (3ms)
		BackupInstance (0ms)
		ReleaseScriptingObjects (0ms)
		CreateAndSetChildDomain (26ms)
	RebuildCommonClasses (23ms)
	RebuildNativeTypeToScriptingClass (7ms)
	initialDomainReloadingComplete (21ms)
	LoadAllAssembliesAndSetupDomain (158ms)
		LoadAssemblies (208ms)
		RebuildTransferFunctionScriptingTraits (0ms)
		AnalyzeDomain (10ms)
			TypeCache.Refresh (6ms)
				TypeCache.ScanAssembly (0ms)
			ScanForSourceGeneratedMonoScriptInfo (0ms)
			ResolveRequiredComponents (3ms)
	FinalizeReload (603ms)
		ReleaseScriptCaches (0ms)
		RebuildScriptCaches (0ms)
		SetupLoadedEditorAssemblies (290ms)
			LogAssemblyErrors (0ms)
			InitializePlatformSupportModulesInManaged (20ms)
			SetLoadedEditorAssemblies (3ms)
			RefreshPlugins (0ms)
			BeforeProcessingInitializeOnLoad (49ms)
			ProcessInitializeOnLoadAttributes (199ms)
			ProcessInitializeOnLoadMethodAttributes (14ms)
			AfterProcessingInitializeOnLoad (4ms)
			EditorAssembliesLoaded (0ms)
		ExecutionOrderSort2 (0ms)
		AwakeInstancesAfterBackupRestoration (7ms)
Refreshing native plugins compatible for Editor in 1.87 ms, found 4 plugins.
Preloading 0 native plugins for Editor in 0.00 ms.
Unloading 4253 Unused Serialized files (Serialized files now loaded: 0)
Unloading 24 unused Assets / (33.7 KB). Loaded Objects now: 4761.
Memory consumption went from 147.3 MB to 147.3 MB.
Total: 2.828300 ms (FindLiveObjects: 0.179300 ms CreateObjectMapping: 0.088500 ms MarkObjects: 2.515000 ms  DeleteObjects: 0.043600 ms)

Prepare: number of updated asset objects reloaded= 0
AssetImportParameters requested are different than current active one (requested -> active):
  custom:container-demuxer-ogg: 62fdf1f143b41e24485cea50d1cbac27 -> 
  custom:video-codec-MediaFoundation-h265: 746d11721c4dcdbdad8f713fa42b33f4 -> 
  custom:video-decoder-ogg-theora: a1e56fd34408186e4bbccfd4996cb3dc -> 
  custom:framework-win-MediaFoundation: 216162199b28c13a410421893ffa2e32 -> 
  custom:CustomObjectIndexerAttribute: 9a22284fe3817be447336de3de66b15e -> 
  custom:container-demuxer-webm: 4f35f7cbe854078d1ac9338744f61a02 -> 
  custom:scripting/monoscript/fileName/PooledStringBuilder.cs: c90d8040c0b234ac28a41e2f514aa76b -> 
  custom:container-muxer-webm: aa71ff27fc2769a1b78a27578f13a17b -> 
  custom:video-decoder-webm-vp8: 9c59270c3fd7afecdb556c50c9e8de78 -> 
  custom:SearchIndexIgnoredProperties: e643bd26f0fe6173181afceb89e7c659 -> 
  custom:AudioImporter_EditorPlatform: d09bf68614088b80899f8185d706f6e7 -> 
  custom:video-encoder-webm-vp8: eb34c28f22e8b96e1ab97ce403110664 -> 
  custom:audio-decoder-ogg-vorbis: bf7c407c2cedff20999df2af8eb42d56 -> 
  custom:scripting/monoscript/fileName/PooledBitArray.cs: 63242dbc45c4894086d10ce96dcd98d8 -> 
  custom:audio-encoder-webm-vorbis: bf7c407c2cedff20999df2af8eb42d56 -> 
  custom:scripting/precompiled-assembly-types:Pooled: a8ec76f4f74617bfbdbd429f7c28d541 -> 6162124d200d88ea66aabea2add4abf0
========================================================================
Received Import Request.
  Time since last request: 9.746134 seconds.
  path: Assets/HotUpdate/Utility/Scripts/Test2
  artifactKey: Guid(ca38ebcf9680ff04584837af11190ce0) Importer(815301076,1909f56bfc062723c751e8b465ee728b)
Start importing Assets/HotUpdate/Utility/Scripts/Test2 using Guid(ca38ebcf9680ff04584837af11190ce0) Importer(815301076,1909f56bfc062723c751e8b465ee728b) [PhysX] Initialized MultithreadedTaskDispatcher with 20 workers.
 -> (artifact id: '14d7e67f7f6a774a432026e3ee6762ff') in 0.001235 seconds
Number of updated asset objects reloaded before import = 0
Number of asset objects unloaded after import = 0
========================================================================
Received Import Request.
  Time since last request: 31.112057 seconds.
  path: Assets/HotUpdate/Utility/Scripts/Test1/New SceneTemplate.scenetemplate
  artifactKey: Guid(250029c788ff2a44c94d2f853edc0cc9) Importer(815301076,1909f56bfc062723c751e8b465ee728b)
Start importing Assets/HotUpdate/Utility/Scripts/Test1/New SceneTemplate.scenetemplate using Guid(250029c788ff2a44c94d2f853edc0cc9) Importer(815301076,1909f56bfc062723c751e8b465ee728b) [PhysX] Initialized MultithreadedTaskDispatcher with 20 workers.
 -> (artifact id: '46af07fe7c055a9a1f0bf5860f3b59f3') in 0.040334 seconds
Number of updated asset objects reloaded before import = 0
Number of asset objects unloaded after import = 1
========================================================================
Received Import Request.
  Time since last request: 5.645066 seconds.
  path: Assets/HotUpdate/Utility/Scripts/Test1/New Scene.unity
  artifactKey: Guid(7897dccecc6e3a54c812cfc045e2dff0) Importer(815301076,1909f56bfc062723c751e8b465ee728b)
Start importing Assets/HotUpdate/Utility/Scripts/Test1/New Scene.unity using Guid(7897dccecc6e3a54c812cfc045e2dff0) Importer(815301076,1909f56bfc062723c751e8b465ee728b) [PhysX] Initialized MultithreadedTaskDispatcher with 20 workers.
 -> (artifact id: 'c41341ba8ebd9d88cd2a89936c91778b') in 0.000384 seconds
Number of updated asset objects reloaded before import = 0
Number of asset objects unloaded after import = 0
========================================================================
Received Import Request.
  Time since last request: 5.682417 seconds.
  path: Assets/HotUpdate/Utility/Scripts/Test2/NewBehaviourScript.cs
  artifactKey: Guid(60ea1df6f242f52409f8e6e553eee457) Importer(815301076,1909f56bfc062723c751e8b465ee728b)
Start importing Assets/HotUpdate/Utility/Scripts/Test2/NewBehaviourScript.cs using Guid(60ea1df6f242f52409f8e6e553eee457) Importer(815301076,1909f56bfc062723c751e8b465ee728b) [PhysX] Initialized MultithreadedTaskDispatcher with 20 workers.
 -> (artifact id: 'afd1f4f0463062eb0a7d31d21f4aecf6') in 0.000720 seconds
Number of updated asset objects reloaded before import = 0
Number of asset objects unloaded after import = 0
========================================================================
Received Prepare
Caller must complete domain reload
Begin MonoManager ReloadAssembly
- Loaded All Assemblies, in  0.351 seconds
Native extension for WindowsStandalone target not found
Native extension for iOS target not found
Native extension for Android target not found
Mono: successfully reloaded assembly
- Finished resetting the current domain, in  0.646 seconds
Domain Reload Profiling: 995ms
	BeginReloadAssembly (113ms)
		ExecutionOrderSort (0ms)
		DisableScriptedObjects (3ms)
		BackupInstance (0ms)
		ReleaseScriptingObjects (0ms)
		CreateAndSetChildDomain (25ms)
	RebuildCommonClasses (23ms)
	RebuildNativeTypeToScriptingClass (8ms)
	initialDomainReloadingComplete (21ms)
	LoadAllAssembliesAndSetupDomain (184ms)
		LoadAssemblies (222ms)
		RebuildTransferFunctionScriptingTraits (0ms)
		AnalyzeDomain (22ms)
			TypeCache.Refresh (9ms)
				TypeCache.ScanAssembly (0ms)
			ScanForSourceGeneratedMonoScriptInfo (6ms)
			ResolveRequiredComponents (5ms)
	FinalizeReload (646ms)
		ReleaseScriptCaches (0ms)
		RebuildScriptCaches (0ms)
		SetupLoadedEditorAssemblies (360ms)
			LogAssemblyErrors (0ms)
			InitializePlatformSupportModulesInManaged (20ms)
			SetLoadedEditorAssemblies (4ms)
			RefreshPlugins (0ms)
			BeforeProcessingInitializeOnLoad (64ms)
			ProcessInitializeOnLoadAttributes (251ms)
			ProcessInitializeOnLoadMethodAttributes (16ms)
			AfterProcessingInitializeOnLoad (5ms)
			EditorAssembliesLoaded (0ms)
		ExecutionOrderSort2 (0ms)
		AwakeInstancesAfterBackupRestoration (6ms)
Refreshing native plugins compatible for Editor in 2.83 ms, found 4 plugins.
Preloading 0 native plugins for Editor in 0.00 ms.
Unloading 4254 Unused Serialized files (Serialized files now loaded: 0)
Unloading 24 unused Assets / (33.7 KB). Loaded Objects now: 4769.
Memory consumption went from 151.7 MB to 151.7 MB.
Total: 2.405300 ms (FindLiveObjects: 0.220400 ms CreateObjectMapping: 0.093600 ms MarkObjects: 2.043800 ms  DeleteObjects: 0.045400 ms)

Prepare: number of updated asset objects reloaded= 0
AssetImportParameters requested are different than current active one (requested -> active):
  custom:container-demuxer-ogg: 62fdf1f143b41e24485cea50d1cbac27 -> 
  custom:video-codec-MediaFoundation-h265: 746d11721c4dcdbdad8f713fa42b33f4 -> 
  custom:video-decoder-ogg-theora: a1e56fd34408186e4bbccfd4996cb3dc -> 
  custom:framework-win-MediaFoundation: 216162199b28c13a410421893ffa2e32 -> 
  custom:scripting/monoscript/fileName/NewBehaviourScript.cs: 703cac14def72cad3b67b6c8fcdd650c -> 
  custom:CustomObjectIndexerAttribute: 9a22284fe3817be447336de3de66b15e -> 
  custom:container-demuxer-webm: 4f35f7cbe854078d1ac9338744f61a02 -> 
  custom:scripting/monoscript/fileName/PooledStringBuilder.cs: c90d8040c0b234ac28a41e2f514aa76b -> 
  custom:scripting/precompiled-assembly-types:Test2: 7000e23115471edb567a99e33833c36d -> 
  custom:container-muxer-webm: aa71ff27fc2769a1b78a27578f13a17b -> 
  custom:video-decoder-webm-vp8: 9c59270c3fd7afecdb556c50c9e8de78 -> 
  custom:SearchIndexIgnoredProperties: e643bd26f0fe6173181afceb89e7c659 -> 
  custom:AudioImporter_EditorPlatform: d09bf68614088b80899f8185d706f6e7 -> 
  custom:video-encoder-webm-vp8: eb34c28f22e8b96e1ab97ce403110664 -> 
  custom:audio-decoder-ogg-vorbis: bf7c407c2cedff20999df2af8eb42d56 -> 
  custom:scripting/monoscript/fileName/PooledBitArray.cs: 63242dbc45c4894086d10ce96dcd98d8 -> 
  custom:audio-encoder-webm-vorbis: bf7c407c2cedff20999df2af8eb42d56 -> 
  custom:scripting/precompiled-assembly-types:Pooled: a8ec76f4f74617bfbdbd429f7c28d541 -> 6162124d200d88ea66aabea2add4abf0
========================================================================
Received Import Request.
  Time since last request: 9.669133 seconds.
  path: Assets/HotUpdate/Utility/Scripts/Test2/Test2.asmdef
  artifactKey: Guid(4a49e87cb5949a243ba148defd8aa92b) Importer(815301076,1909f56bfc062723c751e8b465ee728b)
Start importing Assets/HotUpdate/Utility/Scripts/Test2/Test2.asmdef using Guid(4a49e87cb5949a243ba148defd8aa92b) Importer(815301076,1909f56bfc062723c751e8b465ee728b) [PhysX] Initialized MultithreadedTaskDispatcher with 20 workers.
 -> (artifact id: '1e1851467a4059635f33bfcbd05363f2') in 0.001367 seconds
Number of updated asset objects reloaded before import = 0
Number of asset objects unloaded after import = 0
========================================================================
Received Prepare
Caller must complete domain reload
Begin MonoManager ReloadAssembly
- Loaded All Assemblies, in  0.328 seconds
Native extension for WindowsStandalone target not found
Native extension for iOS target not found
Native extension for Android target not found
Mono: successfully reloaded assembly
- Finished resetting the current domain, in  0.687 seconds
Domain Reload Profiling: 1013ms
	BeginReloadAssembly (111ms)
		ExecutionOrderSort (0ms)
		DisableScriptedObjects (4ms)
		BackupInstance (0ms)
		ReleaseScriptingObjects (0ms)
		CreateAndSetChildDomain (22ms)
	RebuildCommonClasses (23ms)
	RebuildNativeTypeToScriptingClass (8ms)
	initialDomainReloadingComplete (20ms)
	LoadAllAssembliesAndSetupDomain (165ms)
		LoadAssemblies (205ms)
		RebuildTransferFunctionScriptingTraits (0ms)
		AnalyzeDomain (19ms)
			TypeCache.Refresh (9ms)
				TypeCache.ScanAssembly (0ms)
			ScanForSourceGeneratedMonoScriptInfo (5ms)
			ResolveRequiredComponents (4ms)
	FinalizeReload (688ms)
		ReleaseScriptCaches (0ms)
		RebuildScriptCaches (0ms)
		SetupLoadedEditorAssemblies (313ms)
			LogAssemblyErrors (0ms)
			InitializePlatformSupportModulesInManaged (24ms)
			SetLoadedEditorAssemblies (4ms)
			RefreshPlugins (0ms)
			BeforeProcessingInitializeOnLoad (55ms)
			ProcessInitializeOnLoadAttributes (211ms)
			ProcessInitializeOnLoadMethodAttributes (14ms)
			AfterProcessingInitializeOnLoad (4ms)
			EditorAssembliesLoaded (0ms)
		ExecutionOrderSort2 (0ms)
		AwakeInstancesAfterBackupRestoration (7ms)
Refreshing native plugins compatible for Editor in 1.83 ms, found 4 plugins.
Preloading 0 native plugins for Editor in 0.00 ms.
Unloading 4253 Unused Serialized files (Serialized files now loaded: 0)
Unloading 25 unused Assets / (34.2 KB). Loaded Objects now: 4772.
Memory consumption went from 151.7 MB to 151.7 MB.
Total: 2.270900 ms (FindLiveObjects: 0.213300 ms CreateObjectMapping: 0.092400 ms MarkObjects: 1.926700 ms  DeleteObjects: 0.036000 ms)

Prepare: number of updated asset objects reloaded= 0
AssetImportParameters requested are different than current active one (requested -> active):
  custom:container-demuxer-ogg: 62fdf1f143b41e24485cea50d1cbac27 -> 
  custom:video-codec-MediaFoundation-h265: 746d11721c4dcdbdad8f713fa42b33f4 -> 
  custom:video-decoder-ogg-theora: a1e56fd34408186e4bbccfd4996cb3dc -> 
  custom:framework-win-MediaFoundation: 216162199b28c13a410421893ffa2e32 -> 
  custom:scripting/monoscript/fileName/NewBehaviourScript.cs: 703cac14def72cad3b67b6c8fcdd650c -> 
  custom:CustomObjectIndexerAttribute: 9a22284fe3817be447336de3de66b15e -> 
  custom:container-demuxer-webm: 4f35f7cbe854078d1ac9338744f61a02 -> 
  custom:scripting/monoscript/fileName/PooledStringBuilder.cs: c90d8040c0b234ac28a41e2f514aa76b -> 
  custom:container-muxer-webm: aa71ff27fc2769a1b78a27578f13a17b -> 
  custom:video-decoder-webm-vp8: 9c59270c3fd7afecdb556c50c9e8de78 -> 
  custom:SearchIndexIgnoredProperties: e643bd26f0fe6173181afceb89e7c659 -> 
  custom:AudioImporter_EditorPlatform: d09bf68614088b80899f8185d706f6e7 -> 
  custom:video-encoder-webm-vp8: eb34c28f22e8b96e1ab97ce403110664 -> 
  custom:audio-decoder-ogg-vorbis: bf7c407c2cedff20999df2af8eb42d56 -> 
  custom:scripting/monoscript/fileName/PooledBitArray.cs: 63242dbc45c4894086d10ce96dcd98d8 -> 
  custom:audio-encoder-webm-vorbis: bf7c407c2cedff20999df2af8eb42d56 -> 
  custom:scripting/precompiled-assembly-types:Pooled: a8ec76f4f74617bfbdbd429f7c28d541 -> 6162124d200d88ea66aabea2add4abf0
========================================================================
Received Import Request.
  Time since last request: 195.625357 seconds.
  path: Assets/HotUpdate/Utility/Scripts/MVVM
  artifactKey: Guid(04a5a874c8aea6d4182d8f4b73bc773f) Importer(815301076,1909f56bfc062723c751e8b465ee728b)
Start importing Assets/HotUpdate/Utility/Scripts/MVVM using Guid(04a5a874c8aea6d4182d8f4b73bc773f) Importer(815301076,1909f56bfc062723c751e8b465ee728b) [PhysX] Initialized MultithreadedTaskDispatcher with 20 workers.
 -> (artifact id: '369164e59a56b0ef36fe8b66ccad6860') in 0.003480 seconds
Number of updated asset objects reloaded before import = 0
Number of asset objects unloaded after import = 0
========================================================================
Received Import Request.
  Time since last request: 44.522128 seconds.
  path: Assets/HotUpdate/COre
  artifactKey: Guid(351a14019b998ed4ca73334b177cf57f) Importer(815301076,1909f56bfc062723c751e8b465ee728b)
Start importing Assets/HotUpdate/COre using Guid(351a14019b998ed4ca73334b177cf57f) Importer(815301076,1909f56bfc062723c751e8b465ee728b) [PhysX] Initialized MultithreadedTaskDispatcher with 20 workers.
 -> (artifact id: '5d2ef7f3aeefa7c7c7f022ba5e3a70b5') in 0.000864 seconds
Number of updated asset objects reloaded before import = 0
Number of asset objects unloaded after import = 0
========================================================================
Received Import Request.
  Time since last request: 3.427341 seconds.
  path: Assets/HotUpdate/Core
  artifactKey: Guid(351a14019b998ed4ca73334b177cf57f) Importer(815301076,1909f56bfc062723c751e8b465ee728b)
Start importing Assets/HotUpdate/Core using Guid(351a14019b998ed4ca73334b177cf57f) Importer(815301076,1909f56bfc062723c751e8b465ee728b) [PhysX] Initialized MultithreadedTaskDispatcher with 20 workers.
 -> (artifact id: '08d15d0ef3d508d8183572ec185b5733') in 0.000438 seconds
Number of updated asset objects reloaded before import = 0
Number of asset objects unloaded after import = 0
========================================================================
Received Import Request.
  Time since last request: 17.158592 seconds.
  path: Assets/HotUpdate/Scripts
  artifactKey: Guid(17cc0b0a9defcac45bc30f94789c0990) Importer(815301076,1909f56bfc062723c751e8b465ee728b)
Start importing Assets/HotUpdate/Scripts using Guid(17cc0b0a9defcac45bc30f94789c0990) Importer(815301076,1909f56bfc062723c751e8b465ee728b) [PhysX] Initialized MultithreadedTaskDispatcher with 20 workers.
 -> (artifact id: 'fabc3a6540b8d61232948d09580168fb') in 0.000689 seconds
Number of updated asset objects reloaded before import = 0
Number of asset objects unloaded after import = 0
========================================================================
Received Prepare
Assembly with name 'Converter' already exists (Assets/Utility/Scripts/Converter/Converter.asmdef)
Assembly with name 'Converter' already exists (Assets/HotUpdate/Utility/Scripts/Converter/Converter.asmdef)
Assembly with name 'TimeFormat.TMP_Text' already exists (Assets/Utility/Scripts/TimeFormat/Extensions/TMP_Text/TimeFormat.TMP_Text.asmdef)
Assembly with name 'TimeFormat.TMP_Text' already exists (Assets/HotUpdate/Utility/Scripts/TimeFormat/Extensions/TMP_Text/TimeFormat.TMP_Text.asmdef)
Assembly with name 'TimeFormat' already exists (Assets/Utility/Scripts/TimeFormat/TimeFormat.asmdef)
Assembly with name 'TimeFormat' already exists (Assets/HotUpdate/Utility/Scripts/TimeFormat/TimeFormat.asmdef)
Assembly with name 'Pooled.Tests' already exists (Assets/Utility/Scripts/Pooled/Editor/Tests/Pooled.Tests.asmdef)
Assembly with name 'Pooled.Tests' already exists (Assets/HotUpdate/Utility/Scripts/Pooled/Editor/Tests/Pooled.Tests.asmdef)
Assembly with name 'Pooled.Editor' already exists (Assets/Utility/Scripts/Pooled/Editor/Pooled.Editor.asmdef)
Assembly with name 'Pooled.Editor' already exists (Assets/HotUpdate/Utility/Scripts/Pooled/Editor/Pooled.Editor.asmdef)
Assembly with name 'TimeFormat.Editor' already exists (Assets/Utility/Scripts/TimeFormat/Editor/TimeFormat.Editor.asmdef)
Assembly with name 'TimeFormat.Editor' already exists (Assets/HotUpdate/Utility/Scripts/TimeFormat/Editor/TimeFormat.Editor.asmdef)
Assembly with name 'Pooled' already exists (Assets/HotUpdate/Utility/Scripts/Pooled/Pooled.asmdef)
Assembly with name 'Pooled' already exists (Assets/Utility/Scripts/Pooled/Pooled.asmdef)
Assembly with name 'Pooled.TMP_Text' already exists (Assets/Utility/Scripts/Pooled/Extensions/TMP_Text/Pooled.TMP_Text.asmdef)
Assembly with name 'Pooled.TMP_Text' already exists (Assets/HotUpdate/Utility/Scripts/Pooled/Extensions/TMP_Text/Pooled.TMP_Text.asmdef)
Assembly with name 'SystemTime' already exists (Assets/HotUpdate/Utility/Scripts/Time/Time.asmdef)
Assembly with name 'SystemTime' already exists (Assets/Utility/Scripts/Time/Time.asmdef)
Assembly with name 'TimeFormat.Tests' already exists (Assets/HotUpdate/Utility/Scripts/TimeFormat/Editor/Test/TimeFormat.Tests.asmdef)
Assembly with name 'TimeFormat.Tests' already exists (Assets/Utility/Scripts/TimeFormat/Editor/Test/TimeFormat.Tests.asmdef)
Caller must complete domain reload
Assembly with name 'Converter' already exists (Assets/Utility/Scripts/Converter/Converter.asmdef)
Assembly with name 'Converter' already exists (Assets/HotUpdate/Utility/Scripts/Converter/Converter.asmdef)
Assembly with name 'TimeFormat.TMP_Text' already exists (Assets/Utility/Scripts/TimeFormat/Extensions/TMP_Text/TimeFormat.TMP_Text.asmdef)
Assembly with name 'TimeFormat.TMP_Text' already exists (Assets/HotUpdate/Utility/Scripts/TimeFormat/Extensions/TMP_Text/TimeFormat.TMP_Text.asmdef)
Assembly with name 'TimeFormat' already exists (Assets/Utility/Scripts/TimeFormat/TimeFormat.asmdef)
Assembly with name 'TimeFormat' already exists (Assets/HotUpdate/Utility/Scripts/TimeFormat/TimeFormat.asmdef)
Assembly with name 'Pooled.Tests' already exists (Assets/Utility/Scripts/Pooled/Editor/Tests/Pooled.Tests.asmdef)
Assembly with name 'Pooled.Tests' already exists (Assets/HotUpdate/Utility/Scripts/Pooled/Editor/Tests/Pooled.Tests.asmdef)
Assembly with name 'Pooled.Editor' already exists (Assets/Utility/Scripts/Pooled/Editor/Pooled.Editor.asmdef)
Assembly with name 'Pooled.Editor' already exists (Assets/HotUpdate/Utility/Scripts/Pooled/Editor/Pooled.Editor.asmdef)
Assembly with name 'TimeFormat.Editor' already exists (Assets/Utility/Scripts/TimeFormat/Editor/TimeFormat.Editor.asmdef)
Assembly with name 'TimeFormat.Editor' already exists (Assets/HotUpdate/Utility/Scripts/TimeFormat/Editor/TimeFormat.Editor.asmdef)
Assembly with name 'Pooled' already exists (Assets/HotUpdate/Utility/Scripts/Pooled/Pooled.asmdef)
Assembly with name 'Pooled' already exists (Assets/Utility/Scripts/Pooled/Pooled.asmdef)
Assembly with name 'Pooled.TMP_Text' already exists (Assets/Utility/Scripts/Pooled/Extensions/TMP_Text/Pooled.TMP_Text.asmdef)
Assembly with name 'Pooled.TMP_Text' already exists (Assets/HotUpdate/Utility/Scripts/Pooled/Extensions/TMP_Text/Pooled.TMP_Text.asmdef)
Assembly with name 'SystemTime' already exists (Assets/HotUpdate/Utility/Scripts/Time/Time.asmdef)
Assembly with name 'SystemTime' already exists (Assets/Utility/Scripts/Time/Time.asmdef)
Assembly with name 'TimeFormat.Tests' already exists (Assets/HotUpdate/Utility/Scripts/TimeFormat/Editor/Test/TimeFormat.Tests.asmdef)
Assembly with name 'TimeFormat.Tests' already exists (Assets/Utility/Scripts/TimeFormat/Editor/Test/TimeFormat.Tests.asmdef)
Begin MonoManager ReloadAssembly
- Loaded All Assemblies, in  0.353 seconds
Native extension for WindowsStandalone target not found
Native extension for iOS target not found
Native extension for Android target not found
Assembly with name 'Converter' already exists (Assets/Utility/Scripts/Converter/Converter.asmdef)
Assembly with name 'Converter' already exists (Assets/HotUpdate/Utility/Scripts/Converter/Converter.asmdef)
Assembly with name 'TimeFormat.TMP_Text' already exists (Assets/Utility/Scripts/TimeFormat/Extensions/TMP_Text/TimeFormat.TMP_Text.asmdef)
Assembly with name 'TimeFormat.TMP_Text' already exists (Assets/HotUpdate/Utility/Scripts/TimeFormat/Extensions/TMP_Text/TimeFormat.TMP_Text.asmdef)
Assembly with name 'TimeFormat' already exists (Assets/Utility/Scripts/TimeFormat/TimeFormat.asmdef)
Assembly with name 'TimeFormat' already exists (Assets/HotUpdate/Utility/Scripts/TimeFormat/TimeFormat.asmdef)
Assembly with name 'Pooled.Tests' already exists (Assets/Utility/Scripts/Pooled/Editor/Tests/Pooled.Tests.asmdef)
Assembly with name 'Pooled.Tests' already exists (Assets/HotUpdate/Utility/Scripts/Pooled/Editor/Tests/Pooled.Tests.asmdef)
Assembly with name 'Pooled.Editor' already exists (Assets/Utility/Scripts/Pooled/Editor/Pooled.Editor.asmdef)
Assembly with name 'Pooled.Editor' already exists (Assets/HotUpdate/Utility/Scripts/Pooled/Editor/Pooled.Editor.asmdef)
Assembly with name 'TimeFormat.Editor' already exists (Assets/Utility/Scripts/TimeFormat/Editor/TimeFormat.Editor.asmdef)
Assembly with name 'TimeFormat.Editor' already exists (Assets/HotUpdate/Utility/Scripts/TimeFormat/Editor/TimeFormat.Editor.asmdef)
Assembly with name 'Pooled' already exists (Assets/HotUpdate/Utility/Scripts/Pooled/Pooled.asmdef)
Assembly with name 'Pooled' already exists (Assets/Utility/Scripts/Pooled/Pooled.asmdef)
Assembly with name 'Pooled.TMP_Text' already exists (Assets/Utility/Scripts/Pooled/Extensions/TMP_Text/Pooled.TMP_Text.asmdef)
Assembly with name 'Pooled.TMP_Text' already exists (Assets/HotUpdate/Utility/Scripts/Pooled/Extensions/TMP_Text/Pooled.TMP_Text.asmdef)
Assembly with name 'SystemTime' already exists (Assets/HotUpdate/Utility/Scripts/Time/Time.asmdef)
Assembly with name 'SystemTime' already exists (Assets/Utility/Scripts/Time/Time.asmdef)
Assembly with name 'TimeFormat.Tests' already exists (Assets/HotUpdate/Utility/Scripts/TimeFormat/Editor/Test/TimeFormat.Tests.asmdef)
Assembly with name 'TimeFormat.Tests' already exists (Assets/Utility/Scripts/TimeFormat/Editor/Test/TimeFormat.Tests.asmdef)
Mono: successfully reloaded assembly
- Finished resetting the current domain, in  0.713 seconds
Domain Reload Profiling: 1065ms
	BeginReloadAssembly (117ms)
		ExecutionOrderSort (0ms)
		DisableScriptedObjects (5ms)
		BackupInstance (0ms)
		ReleaseScriptingObjects (0ms)
		CreateAndSetChildDomain (24ms)
	RebuildCommonClasses (23ms)
	RebuildNativeTypeToScriptingClass (11ms)
	initialDomainReloadingComplete (21ms)
	LoadAllAssembliesAndSetupDomain (178ms)
		LoadAssemblies (216ms)
		RebuildTransferFunctionScriptingTraits (0ms)
		AnalyzeDomain (26ms)
			TypeCache.Refresh (11ms)
				TypeCache.ScanAssembly (1ms)
			ScanForSourceGeneratedMonoScriptInfo (10ms)
			ResolveRequiredComponents (4ms)
	FinalizeReload (714ms)
		ReleaseScriptCaches (0ms)
		RebuildScriptCaches (0ms)
		SetupLoadedEditorAssemblies (349ms)
			LogAssemblyErrors (0ms)
			InitializePlatformSupportModulesInManaged (25ms)
			SetLoadedEditorAssemblies (4ms)
			RefreshPlugins (0ms)
			BeforeProcessingInitializeOnLoad (88ms)
			ProcessInitializeOnLoadAttributes (213ms)
			ProcessInitializeOnLoadMethodAttributes (16ms)
			AfterProcessingInitializeOnLoad (4ms)
			EditorAssembliesLoaded (0ms)
		ExecutionOrderSort2 (0ms)
		AwakeInstancesAfterBackupRestoration (5ms)
Refreshing native plugins compatible for Editor in 1.78 ms, found 4 plugins.
Preloading 0 native plugins for Editor in 0.00 ms.
Unloading 4253 Unused Serialized files (Serialized files now loaded: 0)
Unloading 24 unused Assets / (33.7 KB). Loaded Objects now: 4776.
Memory consumption went from 151.7 MB to 151.7 MB.
Total: 2.273900 ms (FindLiveObjects: 0.210100 ms CreateObjectMapping: 0.112600 ms MarkObjects: 1.915700 ms  DeleteObjects: 0.034400 ms)

Prepare: number of updated asset objects reloaded= 0
AssetImportParameters requested are different than current active one (requested -> active):
  custom:scripting/monoscript/fileName/Pooled.cs: 0b90fab9a1fc20ad46bdaf5f4ae1cc24 -> cc9dde24a210a09c81ccd567f812f7f5
  custom:container-demuxer-ogg: 62fdf1f143b41e24485cea50d1cbac27 -> 
  custom:scripting/monoscript/fileName/Pooled.TMP_Text.cs: 9004608bacc6b4a65360da0b655cb69f -> 1771dab09d685ca888553b84cf88ad68
  custom:scripting/monoscript/fileName/DateFormat.cs: f4b2d1b5a66d015c7097ce901d74084a -> ed347d33eeb678b14e4abcfa67ee6414
  custom:video-codec-MediaFoundation-h265: 746d11721c4dcdbdad8f713fa42b33f4 -> 
  custom:video-decoder-ogg-theora: a1e56fd34408186e4bbccfd4996cb3dc -> 
  custom:scripting/monoscript/fileName/MapLongIntConverter.cs: 103556747176eae8459166cb25a44791 -> 198d1bce87a4c09dc3abda029a3119ab
  custom:scripting/precompiled-assembly-types:TimeFormat: f19293cbea056c76d76ccc930d1fe9fd -> 57203823c46105faafc43ae197f6f4ca
  custom:scripting/monoscript/fileName/DateFormatTest.cs: f82f244c27b00ac75d9aa3a657a69ecf -> f2ceb48ff4b41406f6de9337dde229d4
  custom:framework-win-MediaFoundation: 216162199b28c13a410421893ffa2e32 -> 
  custom:scripting/monoscript/fileName/NewBehaviourScript.cs: 703cac14def72cad3b67b6c8fcdd650c -> 
  custom:scripting/monoscript/fileName/ConvertUtility.cs: 1b3e35e7edfcd14a55447903fb8cf1fb -> 927bc4a982abdcaa84e56dfdb46b2cbb
  custom:scripting/precompiled-assembly-types:TimeFormat.TMP_Text: 6b5d46ac743700e2199cbd39b71c8281 -> 967252e62fb87db8773533e585e4c322
  custom:scripting/monoscript/fileName/Pooled.Collection.cs: 8f6297df34271fdb1ce2d9607ec6261d -> 90647cc400823b41df847a6cbfc29026
  custom:scripting/monoscript/fileName/BitmapConverter.cs: e59386fef990ea0adbfdf9698bd1c26d -> 12195687a10fb5a33146a377ab118aa6
  custom:scripting/monoscript/fileName/HashSetLongReverseConverter.cs: dd28d93af99c8a6001b336cfc0a9251d -> 932d93a08099455ffa60234096f0bc2c
  custom:scripting/monoscript/fileName/PooledChars.cs: 3881e8c86cab18fbc5d8396e73066c2e -> 21fa764a5afa8b56c3e877b4892d83d0
  custom:scripting/precompiled-assembly-types:TimeFormat.Tests: 6826bffcec3168af7042e1bfde15bb3b -> 17ab779a0d411127942b86927b2dc166
  custom:scripting/precompiled-assembly-types:Pooled.Editor: f54b49e2fdf73924fcf4defc632f50d0 -> 64cdb4d0b09fde53e895bff1f3267621
  custom:scripting/monoscript/fileName/IConverterCollectorSystem.cs: 8f6297df34271fdb1ce2d9607ec6261d -> 90647cc400823b41df847a6cbfc29026
  custom:scripting/monoscript/fileName/MonitoredObjectPoolMemoryWindow.cs: cc34f2aa71923aa272be6908f1d25c67 -> ddc01cc66b15815883e46a79dbae273a
  custom:CustomObjectIndexerAttribute: 9a22284fe3817be447336de3de66b15e -> 
  custom:scripting/precompiled-assembly-types:Pooled.TMP_Text: 5505b88cbf6548d4855103332a8aeb76 -> 3175b5d3dfbf646ba5fc016628a7a8b2
  custom:scripting/monoscript/fileName/HashSetIntConverter.cs: fcffcf987a365758292adeb2aa592441 -> 336b59b95aa86a855094c372f6281efc
  custom:scripting/monoscript/fileName/HashSetLongConverter.cs: 043510f640f673a768932b1ce106a1d4 -> bffc50741551ba327e3defbf92ea631c
  custom:scripting/precompiled-assembly-types:Converter: 1f869c9d3db03e131a6d57c2ac1dc7aa -> ee394a20b19999bd51514d0170308fef
  custom:container-demuxer-webm: 4f35f7cbe854078d1ac9338744f61a02 -> 
  custom:scripting/monoscript/fileName/PooledStringBuilder.cs: 29e3840f19758d2721e0da76df740d3d -> 
  custom:scripting/monoscript/fileName/HashSetIntReverseConverter.cs: fe2bfce5e836a63cd64e2c559d305f00 -> 06c076a9053026cf8408e19462593778
  custom:scripting/monoscript/fileName/Pooled.Map.cs: 8f6297df34271fdb1ce2d9607ec6261d -> 90647cc400823b41df847a6cbfc29026
  custom:scripting/precompiled-assembly-types:Pooled.Tests: 57a6d0cdd4a0a815889db98f84ab1a54 -> 0c2e9c09f1a2b2407f50a1f01f3ca010
  custom:scripting/monoscript/fileName/MapIntIntConverter.cs: 86b5495a5fb2acc61737eb236e1bfece -> 295a5843cb6d0fcae5fda9644abd3119
  custom:scripting/monoscript/fileName/RepeatedField.cs: 8f6297df34271fdb1ce2d9607ec6261d -> 90647cc400823b41df847a6cbfc29026
  custom:scripting/monoscript/fileName/ListIntConverter.cs: b03b665c6642a4d7d14bd8cd3ccc5389 -> ff3a1298932b804b0d15be3a4a8f007d
  custom:scripting/monoscript/fileName/MapIntBitReverseConverter.cs: 01585db48d0aaf7bf04ebf5a33343559 -> 8b8bfcfc92e7150c7cab6194df938961
  custom:scripting/monoscript/fileName/ConverterCollector.cs: 716086397f6fce3cf59561531ac052e5 -> 8f6297df34271fdb1ce2d9607ec6261d
  custom:container-muxer-webm: aa71ff27fc2769a1b78a27578f13a17b -> 
  custom:scripting/monoscript/fileName/ConverterCollectorSystem.cs: 8f6297df34271fdb1ce2d9607ec6261d -> 90647cc400823b41df847a6cbfc29026
  custom:video-decoder-webm-vp8: 9c59270c3fd7afecdb556c50c9e8de78 -> 
  custom:scripting/monoscript/fileName/IConverter.cs: 716086397f6fce3cf59561531ac052e5 -> 8f6297df34271fdb1ce2d9607ec6261d
  custom:scripting/monoscript/fileName/TimeFormat.TMP_Text.cs: edca43652a6a0b5610a8aea8f7408b79 -> f6a319b78dfa7c00602caf474b9ca715
  custom:SearchIndexIgnoredProperties: e643bd26f0fe6173181afceb89e7c659 -> 
  custom:scripting/monoscript/fileName/BitmapTimingResetConverter.cs: ee5e75047157a96110f1e37db86e59d0 -> 16be4e68c9559384167314f33f2262ce
  custom:AudioImporter_EditorPlatform: d09bf68614088b80899f8185d706f6e7 -> 
  custom:scripting/monoscript/fileName/ConverterCollectorSystem.Config.cs: 8f6297df34271fdb1ce2d9607ec6261d -> 90647cc400823b41df847a6cbfc29026
  custom:scripting/monoscript/fileName/SystemTime.cs: 3611880c0b02e51dd4977621c523d9c4 -> aebab7d5993158d333c473fe5ad2e983
  custom:scripting/monoscript/fileName/IConverterCollector.cs: a53f96815da50de15010b1c479bc70cf -> 0cdf409b5aa8d4c25876d72b5c6a3b60
  custom:scripting/monoscript/fileName/DateFormat.TMP_Text.cs: b9051d58d36d978a0c41df424d6f0175 -> cfa4ac74668713a9594e154b6b707e11
  custom:scripting/monoscript/fileName/MapIntBitConverter.cs: ae2e44e5dbfbd3632a5b099cce2be3d7 -> 79a8119290488a133b2d9f55c8d3a0d3
  custom:scripting/monoscript/fileName/DailyRedPointManager.cs: 140da6c76b971a9b19b45fc428d22b43 -> 01ec27a3aa6e2eef520171695290b082
  custom:scripting/monoscript/fileName/CBitmap.cs: 181d3861373f37842f15da8a35c6612f -> f8c1ae0cca981124d219ae3b6d8e6182
  custom:scripting/monoscript/fileName/PooledTest.cs: 225c8c1339ead5e38aaaae4f50bd6bc4 -> d0e5b41c51d29f0613407ea0dc9a2ae1
  custom:scripting/monoscript/fileName/BitmapReverseConverter.cs: d7ce48947a0ef39fed7e07df48a13aed -> acc59c8855034e2bb91a751805bc12bb
  custom:video-encoder-webm-vp8: eb34c28f22e8b96e1ab97ce403110664 -> 
  custom:audio-decoder-ogg-vorbis: bf7c407c2cedff20999df2af8eb42d56 -> 
  custom:scripting/monoscript/fileName/MonitoredObjectPool.cs: f2e8cbd5e60047d282112dadb74bd1f4 -> 9182583f5d8b6c16ed73aee3a076a254
  custom:scripting/monoscript/fileName/MapLongBitConverter.cs: 2cc48a4b2909201fee6bcbe5ba8686b2 -> 328f00929818c8c69bb5b89f3bcc9604
  custom:scripting/monoscript/fileName/PooledBitArray.cs: 63242dbc45c4894086d10ce96dcd98d8 -> 
  custom:scripting/monoscript/fileName/MapIntLongConverter.cs: ad9d27caad0929bf2e7dfb722851d6af -> a2cdffcab0400670150cdf9d6f279bf8
  custom:scripting/precompiled-assembly-types:SystemTime: 91734aa7ac82f286f2356eb6b6274a5f -> de93446e31aab50ce934d7feaa3d7a7d
  custom:scripting/monoscript/fileName/MapLongBitReverseConverter.cs: 26cc1b5f3569f577008e13913ddf31a4 -> 1d61913e53bfc7ab7acf8ae1d97259f0
  custom:scripting/monoscript/fileName/ListLongConverter.cs: 5e3c5b59bd0c9731f40cb15e07585573 -> 067d4451cabf17e3cfccb1cb88d8f36b
  custom:scripting/monoscript/fileName/TimeFormatTest.cs: 93000af73c86810d11268623bfffcd66 -> f90ae55604080c97eefe0555e4b0ad3c
  custom:audio-encoder-webm-vorbis: bf7c407c2cedff20999df2af8eb42d56 -> 
  custom:scripting/monoscript/fileName/TimeFormat.cs: 2f61ff9f2f3184752a15613371e97f0c -> 3d1d90addaffbea026682521871bf1e2
  custom:scripting/precompiled-assembly-types:Pooled: 6d09ce30eb8ead44785cf8b0b7389ead -> 6162124d200d88ea66aabea2add4abf0
  custom:scripting/monoscript/fileName/MapLongLongConverter.cs: a5f4796bedd3ea601ed73f0d8341b1b7 -> b43590451b2c3721d1491012e5c4185c
========================================================================
Received Prepare
Assembly with name 'Converter' already exists (Assets/Utility/Scripts/Converter/Converter.asmdef)
Assembly with name 'Converter' already exists (Assets/HotUpdate/Utility/Scripts/Converter/Converter.asmdef)
Assembly with name 'Pooled.Editor' already exists (Assets/Utility/Services/Pooled/Editor/Pooled.Editor.asmdef)
Assembly with name 'Pooled.Editor' already exists (Assets/HotUpdate/Utility/Scripts/Pooled/Editor/Pooled.Editor.asmdef)
Assembly with name 'Pooled.TMP_Text' already exists (Assets/Utility/Services/Pooled/Extensions/TMP_Text/Pooled.TMP_Text.asmdef)
Assembly with name 'Pooled.TMP_Text' already exists (Assets/HotUpdate/Utility/Scripts/Pooled/Extensions/TMP_Text/Pooled.TMP_Text.asmdef)
Assembly with name 'TimeFormat.TMP_Text' already exists (Assets/HotUpdate/Utility/Scripts/TimeFormat/Extensions/TMP_Text/TimeFormat.TMP_Text.asmdef)
Assembly with name 'TimeFormat.TMP_Text' already exists (Assets/Utility/Services/TimeFormat/Extensions/TMP_Text/TimeFormat.TMP_Text.asmdef)
Assembly with name 'Converter' already exists (Assets/Utility/Services/Converter/Converter.asmdef)
Assembly with name 'Converter' already exists (Assets/HotUpdate/Utility/Scripts/Converter/Converter.asmdef)
Assembly with name 'Pooled' already exists (Assets/Utility/Services/Pooled/Pooled.asmdef)
Assembly with name 'Pooled' already exists (Assets/Utility/Scripts/Pooled/Pooled.asmdef)
Assembly with name 'SystemTime' already exists (Assets/Utility/Services/Time/Time.asmdef)
Assembly with name 'SystemTime' already exists (Assets/Utility/Scripts/Time/Time.asmdef)
Assembly with name 'TimeFormat.Editor' already exists (Assets/Utility/Services/TimeFormat/Editor/TimeFormat.Editor.asmdef)
Assembly with name 'TimeFormat.Editor' already exists (Assets/HotUpdate/Utility/Scripts/TimeFormat/Editor/TimeFormat.Editor.asmdef)
Assembly with name 'TimeFormat.TMP_Text' already exists (Assets/Utility/Scripts/TimeFormat/Extensions/TMP_Text/TimeFormat.TMP_Text.asmdef)
Assembly with name 'TimeFormat.TMP_Text' already exists (Assets/Utility/Services/TimeFormat/Extensions/TMP_Text/TimeFormat.TMP_Text.asmdef)
Assembly with name 'TimeFormat' already exists (Assets/Utility/Scripts/TimeFormat/TimeFormat.asmdef)
Assembly with name 'TimeFormat' already exists (Assets/HotUpdate/Utility/Scripts/TimeFormat/TimeFormat.asmdef)
Assembly with name 'Pooled.Tests' already exists (Assets/Utility/Scripts/Pooled/Editor/Tests/Pooled.Tests.asmdef)
Assembly with name 'Pooled.Tests' already exists (Assets/HotUpdate/Utility/Scripts/Pooled/Editor/Tests/Pooled.Tests.asmdef)
Assembly with name 'Pooled.Tests' already exists (Assets/Utility/Services/Pooled/Editor/Tests/Pooled.Tests.asmdef)
Assembly with name 'Pooled.Tests' already exists (Assets/HotUpdate/Utility/Scripts/Pooled/Editor/Tests/Pooled.Tests.asmdef)
Assembly with name 'Pooled.Editor' already exists (Assets/Utility/Scripts/Pooled/Editor/Pooled.Editor.asmdef)
Assembly with name 'Pooled.Editor' already exists (Assets/HotUpdate/Utility/Scripts/Pooled/Editor/Pooled.Editor.asmdef)
Assembly with name 'TimeFormat.Tests' already exists (Assets/Utility/Services/TimeFormat/Editor/Test/TimeFormat.Tests.asmdef)
Assembly with name 'TimeFormat.Tests' already exists (Assets/Utility/Scripts/TimeFormat/Editor/Test/TimeFormat.Tests.asmdef)
Assembly with name 'TimeFormat.Editor' already exists (Assets/Utility/Scripts/TimeFormat/Editor/TimeFormat.Editor.asmdef)
Assembly with name 'TimeFormat.Editor' already exists (Assets/HotUpdate/Utility/Scripts/TimeFormat/Editor/TimeFormat.Editor.asmdef)
Assembly with name 'Pooled' already exists (Assets/HotUpdate/Utility/Scripts/Pooled/Pooled.asmdef)
Assembly with name 'Pooled' already exists (Assets/Utility/Scripts/Pooled/Pooled.asmdef)
Assembly with name 'Pooled.TMP_Text' already exists (Assets/Utility/Scripts/Pooled/Extensions/TMP_Text/Pooled.TMP_Text.asmdef)
Assembly with name 'Pooled.TMP_Text' already exists (Assets/HotUpdate/Utility/Scripts/Pooled/Extensions/TMP_Text/Pooled.TMP_Text.asmdef)
Assembly with name 'SystemTime' already exists (Assets/HotUpdate/Utility/Scripts/Time/Time.asmdef)
Assembly with name 'SystemTime' already exists (Assets/Utility/Scripts/Time/Time.asmdef)
Assembly with name 'TimeFormat' already exists (Assets/Utility/Services/TimeFormat/TimeFormat.asmdef)
Assembly with name 'TimeFormat' already exists (Assets/HotUpdate/Utility/Scripts/TimeFormat/TimeFormat.asmdef)
Assembly with name 'TimeFormat.Tests' already exists (Assets/HotUpdate/Utility/Scripts/TimeFormat/Editor/Test/TimeFormat.Tests.asmdef)
Assembly with name 'TimeFormat.Tests' already exists (Assets/Utility/Scripts/TimeFormat/Editor/Test/TimeFormat.Tests.asmdef)
Caller must complete domain reload
Assembly with name 'Converter' already exists (Assets/Utility/Scripts/Converter/Converter.asmdef)
Assembly with name 'Converter' already exists (Assets/HotUpdate/Utility/Scripts/Converter/Converter.asmdef)
Assembly with name 'Pooled.Editor' already exists (Assets/Utility/Services/Pooled/Editor/Pooled.Editor.asmdef)
Assembly with name 'Pooled.Editor' already exists (Assets/HotUpdate/Utility/Scripts/Pooled/Editor/Pooled.Editor.asmdef)
Assembly with name 'Pooled.TMP_Text' already exists (Assets/Utility/Services/Pooled/Extensions/TMP_Text/Pooled.TMP_Text.asmdef)
Assembly with name 'Pooled.TMP_Text' already exists (Assets/HotUpdate/Utility/Scripts/Pooled/Extensions/TMP_Text/Pooled.TMP_Text.asmdef)
Assembly with name 'TimeFormat.TMP_Text' already exists (Assets/HotUpdate/Utility/Scripts/TimeFormat/Extensions/TMP_Text/TimeFormat.TMP_Text.asmdef)
Assembly with name 'TimeFormat.TMP_Text' already exists (Assets/Utility/Services/TimeFormat/Extensions/TMP_Text/TimeFormat.TMP_Text.asmdef)
Assembly with name 'Converter' already exists (Assets/Utility/Services/Converter/Converter.asmdef)
Assembly with name 'Converter' already exists (Assets/HotUpdate/Utility/Scripts/Converter/Converter.asmdef)
Assembly with name 'Pooled' already exists (Assets/Utility/Services/Pooled/Pooled.asmdef)
Assembly with name 'Pooled' already exists (Assets/Utility/Scripts/Pooled/Pooled.asmdef)
Assembly with name 'SystemTime' already exists (Assets/Utility/Services/Time/Time.asmdef)
Assembly with name 'SystemTime' already exists (Assets/Utility/Scripts/Time/Time.asmdef)
Assembly with name 'TimeFormat.Editor' already exists (Assets/Utility/Services/TimeFormat/Editor/TimeFormat.Editor.asmdef)
Assembly with name 'TimeFormat.Editor' already exists (Assets/HotUpdate/Utility/Scripts/TimeFormat/Editor/TimeFormat.Editor.asmdef)
Assembly with name 'TimeFormat.TMP_Text' already exists (Assets/Utility/Scripts/TimeFormat/Extensions/TMP_Text/TimeFormat.TMP_Text.asmdef)
Assembly with name 'TimeFormat.TMP_Text' already exists (Assets/Utility/Services/TimeFormat/Extensions/TMP_Text/TimeFormat.TMP_Text.asmdef)
Assembly with name 'TimeFormat' already exists (Assets/Utility/Scripts/TimeFormat/TimeFormat.asmdef)
Assembly with name 'TimeFormat' already exists (Assets/HotUpdate/Utility/Scripts/TimeFormat/TimeFormat.asmdef)
Assembly with name 'Pooled.Tests' already exists (Assets/Utility/Scripts/Pooled/Editor/Tests/Pooled.Tests.asmdef)
Assembly with name 'Pooled.Tests' already exists (Assets/HotUpdate/Utility/Scripts/Pooled/Editor/Tests/Pooled.Tests.asmdef)
Assembly with name 'Pooled.Tests' already exists (Assets/Utility/Services/Pooled/Editor/Tests/Pooled.Tests.asmdef)
Assembly with name 'Pooled.Tests' already exists (Assets/HotUpdate/Utility/Scripts/Pooled/Editor/Tests/Pooled.Tests.asmdef)
Assembly with name 'Pooled.Editor' already exists (Assets/Utility/Scripts/Pooled/Editor/Pooled.Editor.asmdef)
Assembly with name 'Pooled.Editor' already exists (Assets/HotUpdate/Utility/Scripts/Pooled/Editor/Pooled.Editor.asmdef)
Assembly with name 'TimeFormat.Tests' already exists (Assets/Utility/Services/TimeFormat/Editor/Test/TimeFormat.Tests.asmdef)
Assembly with name 'TimeFormat.Tests' already exists (Assets/Utility/Scripts/TimeFormat/Editor/Test/TimeFormat.Tests.asmdef)
Assembly with name 'TimeFormat.Editor' already exists (Assets/Utility/Scripts/TimeFormat/Editor/TimeFormat.Editor.asmdef)
Assembly with name 'TimeFormat.Editor' already exists (Assets/HotUpdate/Utility/Scripts/TimeFormat/Editor/TimeFormat.Editor.asmdef)
Assembly with name 'Pooled' already exists (Assets/HotUpdate/Utility/Scripts/Pooled/Pooled.asmdef)
Assembly with name 'Pooled' already exists (Assets/Utility/Scripts/Pooled/Pooled.asmdef)
Assembly with name 'Pooled.TMP_Text' already exists (Assets/Utility/Scripts/Pooled/Extensions/TMP_Text/Pooled.TMP_Text.asmdef)
Assembly with name 'Pooled.TMP_Text' already exists (Assets/HotUpdate/Utility/Scripts/Pooled/Extensions/TMP_Text/Pooled.TMP_Text.asmdef)
Assembly with name 'SystemTime' already exists (Assets/HotUpdate/Utility/Scripts/Time/Time.asmdef)
Assembly with name 'SystemTime' already exists (Assets/Utility/Scripts/Time/Time.asmdef)
Assembly with name 'TimeFormat' already exists (Assets/Utility/Services/TimeFormat/TimeFormat.asmdef)
Assembly with name 'TimeFormat' already exists (Assets/HotUpdate/Utility/Scripts/TimeFormat/TimeFormat.asmdef)
Assembly with name 'TimeFormat.Tests' already exists (Assets/HotUpdate/Utility/Scripts/TimeFormat/Editor/Test/TimeFormat.Tests.asmdef)
Assembly with name 'TimeFormat.Tests' already exists (Assets/Utility/Scripts/TimeFormat/Editor/Test/TimeFormat.Tests.asmdef)
Begin MonoManager ReloadAssembly
- Loaded All Assemblies, in  0.338 seconds
Native extension for WindowsStandalone target not found
Native extension for iOS target not found
Native extension for Android target not found
Assembly with name 'Converter' already exists (Assets/Utility/Scripts/Converter/Converter.asmdef)
Assembly with name 'Converter' already exists (Assets/HotUpdate/Utility/Scripts/Converter/Converter.asmdef)
Assembly with name 'Pooled.Editor' already exists (Assets/Utility/Services/Pooled/Editor/Pooled.Editor.asmdef)
Assembly with name 'Pooled.Editor' already exists (Assets/HotUpdate/Utility/Scripts/Pooled/Editor/Pooled.Editor.asmdef)
Assembly with name 'Pooled.TMP_Text' already exists (Assets/Utility/Services/Pooled/Extensions/TMP_Text/Pooled.TMP_Text.asmdef)
Assembly with name 'Pooled.TMP_Text' already exists (Assets/HotUpdate/Utility/Scripts/Pooled/Extensions/TMP_Text/Pooled.TMP_Text.asmdef)
Assembly with name 'TimeFormat.TMP_Text' already exists (Assets/HotUpdate/Utility/Scripts/TimeFormat/Extensions/TMP_Text/TimeFormat.TMP_Text.asmdef)
Assembly with name 'TimeFormat.TMP_Text' already exists (Assets/Utility/Services/TimeFormat/Extensions/TMP_Text/TimeFormat.TMP_Text.asmdef)
Assembly with name 'Converter' already exists (Assets/Utility/Services/Converter/Converter.asmdef)
Assembly with name 'Converter' already exists (Assets/HotUpdate/Utility/Scripts/Converter/Converter.asmdef)
Assembly with name 'Pooled' already exists (Assets/Utility/Services/Pooled/Pooled.asmdef)
Assembly with name 'Pooled' already exists (Assets/Utility/Scripts/Pooled/Pooled.asmdef)
Assembly with name 'SystemTime' already exists (Assets/Utility/Services/Time/Time.asmdef)
Assembly with name 'SystemTime' already exists (Assets/Utility/Scripts/Time/Time.asmdef)
Assembly with name 'TimeFormat.Editor' already exists (Assets/Utility/Services/TimeFormat/Editor/TimeFormat.Editor.asmdef)
Assembly with name 'TimeFormat.Editor' already exists (Assets/HotUpdate/Utility/Scripts/TimeFormat/Editor/TimeFormat.Editor.asmdef)
Assembly with name 'TimeFormat.TMP_Text' already exists (Assets/Utility/Scripts/TimeFormat/Extensions/TMP_Text/TimeFormat.TMP_Text.asmdef)
Assembly with name 'TimeFormat.TMP_Text' already exists (Assets/Utility/Services/TimeFormat/Extensions/TMP_Text/TimeFormat.TMP_Text.asmdef)
Assembly with name 'TimeFormat' already exists (Assets/Utility/Scripts/TimeFormat/TimeFormat.asmdef)
Assembly with name 'TimeFormat' already exists (Assets/HotUpdate/Utility/Scripts/TimeFormat/TimeFormat.asmdef)
Assembly with name 'Pooled.Tests' already exists (Assets/Utility/Scripts/Pooled/Editor/Tests/Pooled.Tests.asmdef)
Assembly with name 'Pooled.Tests' already exists (Assets/HotUpdate/Utility/Scripts/Pooled/Editor/Tests/Pooled.Tests.asmdef)
Assembly with name 'Pooled.Tests' already exists (Assets/Utility/Services/Pooled/Editor/Tests/Pooled.Tests.asmdef)
Assembly with name 'Pooled.Tests' already exists (Assets/HotUpdate/Utility/Scripts/Pooled/Editor/Tests/Pooled.Tests.asmdef)
Assembly with name 'Pooled.Editor' already exists (Assets/Utility/Scripts/Pooled/Editor/Pooled.Editor.asmdef)
Assembly with name 'Pooled.Editor' already exists (Assets/HotUpdate/Utility/Scripts/Pooled/Editor/Pooled.Editor.asmdef)
Assembly with name 'TimeFormat.Tests' already exists (Assets/Utility/Services/TimeFormat/Editor/Test/TimeFormat.Tests.asmdef)
Assembly with name 'TimeFormat.Tests' already exists (Assets/Utility/Scripts/TimeFormat/Editor/Test/TimeFormat.Tests.asmdef)
Assembly with name 'TimeFormat.Editor' already exists (Assets/Utility/Scripts/TimeFormat/Editor/TimeFormat.Editor.asmdef)
Assembly with name 'TimeFormat.Editor' already exists (Assets/HotUpdate/Utility/Scripts/TimeFormat/Editor/TimeFormat.Editor.asmdef)
Assembly with name 'Pooled' already exists (Assets/HotUpdate/Utility/Scripts/Pooled/Pooled.asmdef)
Assembly with name 'Pooled' already exists (Assets/Utility/Scripts/Pooled/Pooled.asmdef)
Assembly with name 'Pooled.TMP_Text' already exists (Assets/Utility/Scripts/Pooled/Extensions/TMP_Text/Pooled.TMP_Text.asmdef)
Assembly with name 'Pooled.TMP_Text' already exists (Assets/HotUpdate/Utility/Scripts/Pooled/Extensions/TMP_Text/Pooled.TMP_Text.asmdef)
Assembly with name 'SystemTime' already exists (Assets/HotUpdate/Utility/Scripts/Time/Time.asmdef)
Assembly with name 'SystemTime' already exists (Assets/Utility/Scripts/Time/Time.asmdef)
Assembly with name 'TimeFormat' already exists (Assets/Utility/Services/TimeFormat/TimeFormat.asmdef)
Assembly with name 'TimeFormat' already exists (Assets/HotUpdate/Utility/Scripts/TimeFormat/TimeFormat.asmdef)
Assembly with name 'TimeFormat.Tests' already exists (Assets/HotUpdate/Utility/Scripts/TimeFormat/Editor/Test/TimeFormat.Tests.asmdef)
Assembly with name 'TimeFormat.Tests' already exists (Assets/Utility/Scripts/TimeFormat/Editor/Test/TimeFormat.Tests.asmdef)
Mono: successfully reloaded assembly
- Finished resetting the current domain, in  0.698 seconds
Domain Reload Profiling: 1035ms
	BeginReloadAssembly (111ms)
		ExecutionOrderSort (0ms)
		DisableScriptedObjects (3ms)
		BackupInstance (0ms)
		ReleaseScriptingObjects (0ms)
		CreateAndSetChildDomain (24ms)
	RebuildCommonClasses (22ms)
	RebuildNativeTypeToScriptingClass (12ms)
	initialDomainReloadingComplete (21ms)
	LoadAllAssembliesAndSetupDomain (171ms)
		LoadAssemblies (211ms)
		RebuildTransferFunctionScriptingTraits (0ms)
		AnalyzeDomain (20ms)
			TypeCache.Refresh (9ms)
				TypeCache.ScanAssembly (1ms)
			ScanForSourceGeneratedMonoScriptInfo (6ms)
			ResolveRequiredComponents (4ms)
	FinalizeReload (699ms)
		ReleaseScriptCaches (0ms)
		RebuildScriptCaches (0ms)
		SetupLoadedEditorAssemblies (367ms)
			LogAssemblyErrors (0ms)
			InitializePlatformSupportModulesInManaged (24ms)
			SetLoadedEditorAssemblies (5ms)
			RefreshPlugins (0ms)
			BeforeProcessingInitializeOnLoad (116ms)
			ProcessInitializeOnLoadAttributes (204ms)
			ProcessInitializeOnLoadMethodAttributes (14ms)
			AfterProcessingInitializeOnLoad (5ms)
			EditorAssembliesLoaded (0ms)
		ExecutionOrderSort2 (0ms)
		AwakeInstancesAfterBackupRestoration (8ms)
Refreshing native plugins compatible for Editor in 1.86 ms, found 4 plugins.
Preloading 0 native plugins for Editor in 0.00 ms.
Unloading 4254 Unused Serialized files (Serialized files now loaded: 0)
Unloading 24 unused Assets / (33.7 KB). Loaded Objects now: 4780.
Memory consumption went from 152.1 MB to 152.0 MB.
Total: 2.284700 ms (FindLiveObjects: 0.229700 ms CreateObjectMapping: 0.094500 ms MarkObjects: 1.921800 ms  DeleteObjects: 0.037400 ms)

Prepare: number of updated asset objects reloaded= 0
AssetImportParameters requested are different than current active one (requested -> active):
  custom:scripting/monoscript/fileName/Pooled.cs: feed63256ddb291e717ae660ac980dc8 -> cc9dde24a210a09c81ccd567f812f7f5
  custom:container-demuxer-ogg: 62fdf1f143b41e24485cea50d1cbac27 -> 
  custom:scripting/monoscript/fileName/Pooled.TMP_Text.cs: f28c7d35908661c42718ee907d293e9c -> 1771dab09d685ca888553b84cf88ad68
  custom:scripting/monoscript/fileName/DateFormat.cs: 49b4ac4725b2c32329ab84ce38d3445c -> ed347d33eeb678b14e4abcfa67ee6414
  custom:video-codec-MediaFoundation-h265: 746d11721c4dcdbdad8f713fa42b33f4 -> 
  custom:video-decoder-ogg-theora: a1e56fd34408186e4bbccfd4996cb3dc -> 
  custom:scripting/monoscript/fileName/MapLongIntConverter.cs: f76d5d7117e80b4e1ace1a3b562d283c -> 198d1bce87a4c09dc3abda029a3119ab
  custom:scripting/precompiled-assembly-types:TimeFormat: bc8f916772369d6402321fd1ac8cff4e -> 57203823c46105faafc43ae197f6f4ca
  custom:scripting/monoscript/fileName/DateFormatTest.cs: d7962c8bdd0a51b02a5f8ab493238fa5 -> f2ceb48ff4b41406f6de9337dde229d4
  custom:framework-win-MediaFoundation: 216162199b28c13a410421893ffa2e32 -> 
  custom:scripting/monoscript/fileName/NewBehaviourScript.cs: 703cac14def72cad3b67b6c8fcdd650c -> 
  custom:scripting/monoscript/fileName/ConvertUtility.cs: b19a575a9f007000c4b6a76c2854ca22 -> 927bc4a982abdcaa84e56dfdb46b2cbb
  custom:scripting/precompiled-assembly-types:TimeFormat.TMP_Text: ae91b33dc760caf30f87c67eed71a33d -> 967252e62fb87db8773533e585e4c322
  custom:scripting/monoscript/fileName/Pooled.Collection.cs: d81fe1a86eaaaaa888ee50e17a01544a -> 90647cc400823b41df847a6cbfc29026
  custom:scripting/monoscript/fileName/BitmapConverter.cs: d8fa867ffb161ace1a573b8810dcc7dd -> 12195687a10fb5a33146a377ab118aa6
  custom:scripting/monoscript/fileName/HashSetLongReverseConverter.cs: 7d1ff40e2c5cc4b0042842082811b577 -> 932d93a08099455ffa60234096f0bc2c
  custom:scripting/monoscript/fileName/PooledChars.cs: 37b6d5e28575b7b86e1b42c9044377ec -> 21fa764a5afa8b56c3e877b4892d83d0
  custom:scripting/precompiled-assembly-types:TimeFormat.Tests: fb741d5e6dd8c46f9b22de10c4872b16 -> 17ab779a0d411127942b86927b2dc166
  custom:scripting/precompiled-assembly-types:Pooled.Editor: d090769817dfb2666cb6e76434a4732c -> 64cdb4d0b09fde53e895bff1f3267621
  custom:scripting/monoscript/fileName/IConverterCollectorSystem.cs: d81fe1a86eaaaaa888ee50e17a01544a -> 90647cc400823b41df847a6cbfc29026
  custom:scripting/monoscript/fileName/MonitoredObjectPoolMemoryWindow.cs: 2737ec68d51a2134d39e4b641de29a58 -> ddc01cc66b15815883e46a79dbae273a
  custom:CustomObjectIndexerAttribute: 9a22284fe3817be447336de3de66b15e -> 
  custom:scripting/precompiled-assembly-types:Pooled.TMP_Text: 65c98b2163460914e94bc479dba588a0 -> 3175b5d3dfbf646ba5fc016628a7a8b2
  custom:scripting/monoscript/fileName/HashSetIntConverter.cs: b4950f01fe14006250e104e68d3e9686 -> 336b59b95aa86a855094c372f6281efc
  custom:scripting/monoscript/fileName/HashSetLongConverter.cs: 7cf25c0caedfa5ea0c0da8f7ff2b2c1b -> bffc50741551ba327e3defbf92ea631c
  custom:scripting/precompiled-assembly-types:Converter: a39fcf3f194b83a2a6ba2f76e9eed80f -> ee394a20b19999bd51514d0170308fef
  custom:container-demuxer-webm: 4f35f7cbe854078d1ac9338744f61a02 -> 
  custom:scripting/monoscript/fileName/PooledStringBuilder.cs: 143fca98bbb6c412364af6138af9c9db -> 
  custom:scripting/monoscript/fileName/HashSetIntReverseConverter.cs: a0f9ae22aeb4830e80ad206a1b42f4f8 -> 06c076a9053026cf8408e19462593778
  custom:scripting/monoscript/fileName/Pooled.Map.cs: d81fe1a86eaaaaa888ee50e17a01544a -> 90647cc400823b41df847a6cbfc29026
  custom:scripting/precompiled-assembly-types:Pooled.Tests: 908133251c42820e7a8b6e7fd5faf829 -> 0c2e9c09f1a2b2407f50a1f01f3ca010
  custom:scripting/monoscript/fileName/MapIntIntConverter.cs: d3d1f56e89adfdfe6791885fea09d3cc -> 295a5843cb6d0fcae5fda9644abd3119
  custom:scripting/monoscript/fileName/RepeatedField.cs: d81fe1a86eaaaaa888ee50e17a01544a -> 90647cc400823b41df847a6cbfc29026
  custom:scripting/monoscript/fileName/ListIntConverter.cs: 4c54c24fa5d0dfa7dc10681d60324204 -> ff3a1298932b804b0d15be3a4a8f007d
  custom:scripting/monoscript/fileName/MapIntBitReverseConverter.cs: 77aaa0e98dd1cb384539938b0374775b -> 8b8bfcfc92e7150c7cab6194df938961
  custom:scripting/monoscript/fileName/ConverterCollector.cs: 746c2793a1542f45df69a229f5186413 -> 8f6297df34271fdb1ce2d9607ec6261d
  custom:container-muxer-webm: aa71ff27fc2769a1b78a27578f13a17b -> 
  custom:scripting/monoscript/fileName/ConverterCollectorSystem.cs: d81fe1a86eaaaaa888ee50e17a01544a -> 90647cc400823b41df847a6cbfc29026
  custom:video-decoder-webm-vp8: 9c59270c3fd7afecdb556c50c9e8de78 -> 
  custom:scripting/monoscript/fileName/IConverter.cs: 746c2793a1542f45df69a229f5186413 -> 8f6297df34271fdb1ce2d9607ec6261d
  custom:scripting/monoscript/fileName/TimeFormat.TMP_Text.cs: b14671f7cd35fb367ffa96b688ed1e80 -> f6a319b78dfa7c00602caf474b9ca715
  custom:SearchIndexIgnoredProperties: e643bd26f0fe6173181afceb89e7c659 -> 
  custom:scripting/monoscript/fileName/BitmapTimingResetConverter.cs: 5b1af40e12df579e040133a3565faa60 -> 16be4e68c9559384167314f33f2262ce
  custom:AudioImporter_EditorPlatform: d09bf68614088b80899f8185d706f6e7 -> 
  custom:scripting/monoscript/fileName/ConverterCollectorSystem.Config.cs: d81fe1a86eaaaaa888ee50e17a01544a -> 90647cc400823b41df847a6cbfc29026
  custom:scripting/monoscript/fileName/SystemTime.cs: 01034eacbe884d671b2f2b8473087e02 -> aebab7d5993158d333c473fe5ad2e983
  custom:scripting/monoscript/fileName/IConverterCollector.cs: e0a51e584485b56d9971a06b4f70ecb4 -> 0cdf409b5aa8d4c25876d72b5c6a3b60
  custom:scripting/monoscript/fileName/DateFormat.TMP_Text.cs: a304312eed5551be745503e2f265aac0 -> cfa4ac74668713a9594e154b6b707e11
  custom:scripting/monoscript/fileName/MapIntBitConverter.cs: 6f54926089f03b80c8a196bd255d07d8 -> 79a8119290488a133b2d9f55c8d3a0d3
  custom:scripting/monoscript/fileName/DailyRedPointManager.cs: 02b46f57b153a414e8234e45dcb9188c -> 01ec27a3aa6e2eef520171695290b082
  custom:scripting/monoscript/fileName/CBitmap.cs: 759722ededaa0d31b276f5975e527d4e -> f8c1ae0cca981124d219ae3b6d8e6182
  custom:scripting/monoscript/fileName/PooledTest.cs: 119201205816d91e3759e2ecb22ea7f2 -> d0e5b41c51d29f0613407ea0dc9a2ae1
  custom:scripting/monoscript/fileName/BitmapReverseConverter.cs: c21c845e18ac3e6b8173b040da8de1e0 -> acc59c8855034e2bb91a751805bc12bb
  custom:video-encoder-webm-vp8: eb34c28f22e8b96e1ab97ce403110664 -> 
  custom:audio-decoder-ogg-vorbis: bf7c407c2cedff20999df2af8eb42d56 -> 
  custom:scripting/monoscript/fileName/MonitoredObjectPool.cs: 1f2e01e8f5b1831231a23f0833047efc -> 9182583f5d8b6c16ed73aee3a076a254
  custom:scripting/monoscript/fileName/MapLongBitConverter.cs: 8924361b031bc2a369a097aa10d2bda8 -> 328f00929818c8c69bb5b89f3bcc9604
  custom:scripting/monoscript/fileName/PooledBitArray.cs: 63242dbc45c4894086d10ce96dcd98d8 -> 
  custom:scripting/monoscript/fileName/MapIntLongConverter.cs: 0f7f8136ff7f06ed328a71ddbf42fc85 -> a2cdffcab0400670150cdf9d6f279bf8
  custom:scripting/precompiled-assembly-types:SystemTime: 9c4160d6b53576e76a74738480837d5d -> de93446e31aab50ce934d7feaa3d7a7d
  custom:scripting/monoscript/fileName/MapLongBitReverseConverter.cs: 17ada0ec8f29f28cc2fd7588430a5297 -> 1d61913e53bfc7ab7acf8ae1d97259f0
  custom:scripting/monoscript/fileName/ListLongConverter.cs: cf537a73eca4eeeaeb2a405c9a042391 -> 067d4451cabf17e3cfccb1cb88d8f36b
  custom:scripting/monoscript/fileName/TimeFormatTest.cs: 90b92beb05ee96394d2d232633faf2fd -> f90ae55604080c97eefe0555e4b0ad3c
  custom:audio-encoder-webm-vorbis: bf7c407c2cedff20999df2af8eb42d56 -> 
  custom:scripting/monoscript/fileName/TimeFormat.cs: af24cc60bac4d76474f4c7b09d25d252 -> 3d1d90addaffbea026682521871bf1e2
  custom:scripting/precompiled-assembly-types:Pooled: 6e207c8cec1fb7f0a9fb87864768407e -> 6162124d200d88ea66aabea2add4abf0
  custom:scripting/monoscript/fileName/MapLongLongConverter.cs: 63eb25aa112b68736934a86028818341 -> b43590451b2c3721d1491012e5c4185c
========================================================================
Received Prepare
Assembly with name 'Converter' already exists (Assets/Utility/Scripts/Converter/Converter.asmdef)
Assembly with name 'Converter' already exists (Assets/HotUpdate/Utility/Scripts/Converter/Converter.asmdef)
Assembly with name 'Pooled.Editor' already exists (Assets/Utility/Services/Pooled/Editor/Pooled.Editor.asmdef)
Assembly with name 'Pooled.Editor' already exists (Assets/HotUpdate/Utility/Scripts/Pooled/Editor/Pooled.Editor.asmdef)
Assembly with name 'Pooled.Editor' already exists (Assets/Services/Pooled/Editor/Pooled.Editor.asmdef)
Assembly with name 'Pooled.Editor' already exists (Assets/HotUpdate/Utility/Scripts/Pooled/Editor/Pooled.Editor.asmdef)
Assembly with name 'Pooled.TMP_Text' already exists (Assets/Utility/Services/Pooled/Extensions/TMP_Text/Pooled.TMP_Text.asmdef)
Assembly with name 'Pooled.TMP_Text' already exists (Assets/HotUpdate/Utility/Scripts/Pooled/Extensions/TMP_Text/Pooled.TMP_Text.asmdef)
Assembly with name 'Pooled.Tests' already exists (Assets/Services/Pooled/Editor/Tests/Pooled.Tests.asmdef)
Assembly with name 'Pooled.Tests' already exists (Assets/HotUpdate/Utility/Scripts/Pooled/Editor/Tests/Pooled.Tests.asmdef)
Assembly with name 'TimeFormat.TMP_Text' already exists (Assets/HotUpdate/Utility/Scripts/TimeFormat/Extensions/TMP_Text/TimeFormat.TMP_Text.asmdef)
Assembly with name 'TimeFormat.TMP_Text' already exists (Assets/Utility/Services/TimeFormat/Extensions/TMP_Text/TimeFormat.TMP_Text.asmdef)
Assembly with name 'Converter' already exists (Assets/Utility/Services/Converter/Converter.asmdef)
Assembly with name 'Converter' already exists (Assets/HotUpdate/Utility/Scripts/Converter/Converter.asmdef)
Assembly with name 'Converter' already exists (Assets/Services/Converter/Converter.asmdef)
Assembly with name 'Converter' already exists (Assets/HotUpdate/Utility/Scripts/Converter/Converter.asmdef)
Assembly with name 'Pooled' already exists (Assets/Utility/Services/Pooled/Pooled.asmdef)
Assembly with name 'Pooled' already exists (Assets/Utility/Scripts/Pooled/Pooled.asmdef)
Assembly with name 'SystemTime' already exists (Assets/Utility/Services/Time/Time.asmdef)
Assembly with name 'SystemTime' already exists (Assets/Utility/Scripts/Time/Time.asmdef)
Assembly with name 'TimeFormat.Editor' already exists (Assets/Utility/Services/TimeFormat/Editor/TimeFormat.Editor.asmdef)
Assembly with name 'TimeFormat.Editor' already exists (Assets/HotUpdate/Utility/Scripts/TimeFormat/Editor/TimeFormat.Editor.asmdef)
Assembly with name 'TimeFormat.TMP_Text' already exists (Assets/Utility/Scripts/TimeFormat/Extensions/TMP_Text/TimeFormat.TMP_Text.asmdef)
Assembly with name 'TimeFormat.TMP_Text' already exists (Assets/Utility/Services/TimeFormat/Extensions/TMP_Text/TimeFormat.TMP_Text.asmdef)
Assembly with name 'TimeFormat' already exists (Assets/Utility/Scripts/TimeFormat/TimeFormat.asmdef)
Assembly with name 'TimeFormat' already exists (Assets/HotUpdate/Utility/Scripts/TimeFormat/TimeFormat.asmdef)
Assembly with name 'TimeFormat' already exists (Assets/Services/TimeFormat/TimeFormat.asmdef)
Assembly with name 'TimeFormat' already exists (Assets/HotUpdate/Utility/Scripts/TimeFormat/TimeFormat.asmdef)
Assembly with name 'TimeFormat.TMP_Text' already exists (Assets/Services/TimeFormat/Extensions/TMP_Text/TimeFormat.TMP_Text.asmdef)
Assembly with name 'TimeFormat.TMP_Text' already exists (Assets/Utility/Services/TimeFormat/Extensions/TMP_Text/TimeFormat.TMP_Text.asmdef)
Assembly with name 'Pooled.Tests' already exists (Assets/Utility/Scripts/Pooled/Editor/Tests/Pooled.Tests.asmdef)
Assembly with name 'Pooled.Tests' already exists (Assets/HotUpdate/Utility/Scripts/Pooled/Editor/Tests/Pooled.Tests.asmdef)
Assembly with name 'SystemTime' already exists (Assets/Services/Time/Time.asmdef)
Assembly with name 'SystemTime' already exists (Assets/Utility/Scripts/Time/Time.asmdef)
Assembly with name 'Pooled.Tests' already exists (Assets/Utility/Services/Pooled/Editor/Tests/Pooled.Tests.asmdef)
Assembly with name 'Pooled.Tests' already exists (Assets/HotUpdate/Utility/Scripts/Pooled/Editor/Tests/Pooled.Tests.asmdef)
Assembly with name 'Pooled.Editor' already exists (Assets/Utility/Scripts/Pooled/Editor/Pooled.Editor.asmdef)
Assembly with name 'Pooled.Editor' already exists (Assets/HotUpdate/Utility/Scripts/Pooled/Editor/Pooled.Editor.asmdef)
Assembly with name 'Pooled' already exists (Assets/Services/Pooled/Pooled.asmdef)
Assembly with name 'Pooled' already exists (Assets/Utility/Scripts/Pooled/Pooled.asmdef)
Assembly with name 'TimeFormat.Tests' already exists (Assets/Services/TimeFormat/Editor/Test/TimeFormat.Tests.asmdef)
Assembly with name 'TimeFormat.Tests' already exists (Assets/Utility/Scripts/TimeFormat/Editor/Test/TimeFormat.Tests.asmdef)
Assembly with name 'TimeFormat.Editor' already exists (Assets/Services/TimeFormat/Editor/TimeFormat.Editor.asmdef)
Assembly with name 'TimeFormat.Editor' already exists (Assets/HotUpdate/Utility/Scripts/TimeFormat/Editor/TimeFormat.Editor.asmdef)
Assembly with name 'TimeFormat.Tests' already exists (Assets/Utility/Services/TimeFormat/Editor/Test/TimeFormat.Tests.asmdef)
Assembly with name 'TimeFormat.Tests' already exists (Assets/Utility/Scripts/TimeFormat/Editor/Test/TimeFormat.Tests.asmdef)
Assembly with name 'TimeFormat.Editor' already exists (Assets/Utility/Scripts/TimeFormat/Editor/TimeFormat.Editor.asmdef)
Assembly with name 'TimeFormat.Editor' already exists (Assets/HotUpdate/Utility/Scripts/TimeFormat/Editor/TimeFormat.Editor.asmdef)
Assembly with name 'Pooled' already exists (Assets/HotUpdate/Utility/Scripts/Pooled/Pooled.asmdef)
Assembly with name 'Pooled' already exists (Assets/Utility/Scripts/Pooled/Pooled.asmdef)
Assembly with name 'Pooled.TMP_Text' already exists (Assets/Services/Pooled/Extensions/TMP_Text/Pooled.TMP_Text.asmdef)
Assembly with name 'Pooled.TMP_Text' already exists (Assets/HotUpdate/Utility/Scripts/Pooled/Extensions/TMP_Text/Pooled.TMP_Text.asmdef)
Assembly with name 'Pooled.TMP_Text' already exists (Assets/Utility/Scripts/Pooled/Extensions/TMP_Text/Pooled.TMP_Text.asmdef)
Assembly with name 'Pooled.TMP_Text' already exists (Assets/HotUpdate/Utility/Scripts/Pooled/Extensions/TMP_Text/Pooled.TMP_Text.asmdef)
Assembly with name 'SystemTime' already exists (Assets/HotUpdate/Utility/Scripts/Time/Time.asmdef)
Assembly with name 'SystemTime' already exists (Assets/Utility/Scripts/Time/Time.asmdef)
Assembly with name 'TimeFormat' already exists (Assets/Utility/Services/TimeFormat/TimeFormat.asmdef)
Assembly with name 'TimeFormat' already exists (Assets/HotUpdate/Utility/Scripts/TimeFormat/TimeFormat.asmdef)
Assembly with name 'TimeFormat.Tests' already exists (Assets/HotUpdate/Utility/Scripts/TimeFormat/Editor/Test/TimeFormat.Tests.asmdef)
Assembly with name 'TimeFormat.Tests' already exists (Assets/Utility/Scripts/TimeFormat/Editor/Test/TimeFormat.Tests.asmdef)
Caller must complete domain reload
Assembly with name 'Converter' already exists (Assets/Utility/Scripts/Converter/Converter.asmdef)
Assembly with name 'Converter' already exists (Assets/HotUpdate/Utility/Scripts/Converter/Converter.asmdef)
Assembly with name 'Pooled.Editor' already exists (Assets/Utility/Services/Pooled/Editor/Pooled.Editor.asmdef)
Assembly with name 'Pooled.Editor' already exists (Assets/HotUpdate/Utility/Scripts/Pooled/Editor/Pooled.Editor.asmdef)
Assembly with name 'Pooled.Editor' already exists (Assets/Services/Pooled/Editor/Pooled.Editor.asmdef)
Assembly with name 'Pooled.Editor' already exists (Assets/HotUpdate/Utility/Scripts/Pooled/Editor/Pooled.Editor.asmdef)
Assembly with name 'Pooled.TMP_Text' already exists (Assets/Utility/Services/Pooled/Extensions/TMP_Text/Pooled.TMP_Text.asmdef)
Assembly with name 'Pooled.TMP_Text' already exists (Assets/HotUpdate/Utility/Scripts/Pooled/Extensions/TMP_Text/Pooled.TMP_Text.asmdef)
Assembly with name 'Pooled.Tests' already exists (Assets/Services/Pooled/Editor/Tests/Pooled.Tests.asmdef)
Assembly with name 'Pooled.Tests' already exists (Assets/HotUpdate/Utility/Scripts/Pooled/Editor/Tests/Pooled.Tests.asmdef)
Assembly with name 'TimeFormat.TMP_Text' already exists (Assets/HotUpdate/Utility/Scripts/TimeFormat/Extensions/TMP_Text/TimeFormat.TMP_Text.asmdef)
Assembly with name 'TimeFormat.TMP_Text' already exists (Assets/Utility/Services/TimeFormat/Extensions/TMP_Text/TimeFormat.TMP_Text.asmdef)
Assembly with name 'Converter' already exists (Assets/Utility/Services/Converter/Converter.asmdef)
Assembly with name 'Converter' already exists (Assets/HotUpdate/Utility/Scripts/Converter/Converter.asmdef)
Assembly with name 'Converter' already exists (Assets/Services/Converter/Converter.asmdef)
Assembly with name 'Converter' already exists (Assets/HotUpdate/Utility/Scripts/Converter/Converter.asmdef)
Assembly with name 'Pooled' already exists (Assets/Utility/Services/Pooled/Pooled.asmdef)
Assembly with name 'Pooled' already exists (Assets/Utility/Scripts/Pooled/Pooled.asmdef)
Assembly with name 'SystemTime' already exists (Assets/Utility/Services/Time/Time.asmdef)
Assembly with name 'SystemTime' already exists (Assets/Utility/Scripts/Time/Time.asmdef)
Assembly with name 'TimeFormat.Editor' already exists (Assets/Utility/Services/TimeFormat/Editor/TimeFormat.Editor.asmdef)
Assembly with name 'TimeFormat.Editor' already exists (Assets/HotUpdate/Utility/Scripts/TimeFormat/Editor/TimeFormat.Editor.asmdef)
Assembly with name 'TimeFormat.TMP_Text' already exists (Assets/Utility/Scripts/TimeFormat/Extensions/TMP_Text/TimeFormat.TMP_Text.asmdef)
Assembly with name 'TimeFormat.TMP_Text' already exists (Assets/Utility/Services/TimeFormat/Extensions/TMP_Text/TimeFormat.TMP_Text.asmdef)
Assembly with name 'TimeFormat' already exists (Assets/Utility/Scripts/TimeFormat/TimeFormat.asmdef)
Assembly with name 'TimeFormat' already exists (Assets/HotUpdate/Utility/Scripts/TimeFormat/TimeFormat.asmdef)
Assembly with name 'TimeFormat' already exists (Assets/Services/TimeFormat/TimeFormat.asmdef)
Assembly with name 'TimeFormat' already exists (Assets/HotUpdate/Utility/Scripts/TimeFormat/TimeFormat.asmdef)
Assembly with name 'TimeFormat.TMP_Text' already exists (Assets/Services/TimeFormat/Extensions/TMP_Text/TimeFormat.TMP_Text.asmdef)
Assembly with name 'TimeFormat.TMP_Text' already exists (Assets/Utility/Services/TimeFormat/Extensions/TMP_Text/TimeFormat.TMP_Text.asmdef)
Assembly with name 'Pooled.Tests' already exists (Assets/Utility/Scripts/Pooled/Editor/Tests/Pooled.Tests.asmdef)
Assembly with name 'Pooled.Tests' already exists (Assets/HotUpdate/Utility/Scripts/Pooled/Editor/Tests/Pooled.Tests.asmdef)
Assembly with name 'SystemTime' already exists (Assets/Services/Time/Time.asmdef)
Assembly with name 'SystemTime' already exists (Assets/Utility/Scripts/Time/Time.asmdef)
Assembly with name 'Pooled.Tests' already exists (Assets/Utility/Services/Pooled/Editor/Tests/Pooled.Tests.asmdef)
Assembly with name 'Pooled.Tests' already exists (Assets/HotUpdate/Utility/Scripts/Pooled/Editor/Tests/Pooled.Tests.asmdef)
Assembly with name 'Pooled.Editor' already exists (Assets/Utility/Scripts/Pooled/Editor/Pooled.Editor.asmdef)
Assembly with name 'Pooled.Editor' already exists (Assets/HotUpdate/Utility/Scripts/Pooled/Editor/Pooled.Editor.asmdef)
Assembly with name 'Pooled' already exists (Assets/Services/Pooled/Pooled.asmdef)
Assembly with name 'Pooled' already exists (Assets/Utility/Scripts/Pooled/Pooled.asmdef)
Assembly with name 'TimeFormat.Tests' already exists (Assets/Services/TimeFormat/Editor/Test/TimeFormat.Tests.asmdef)
Assembly with name 'TimeFormat.Tests' already exists (Assets/Utility/Scripts/TimeFormat/Editor/Test/TimeFormat.Tests.asmdef)
Assembly with name 'TimeFormat.Editor' already exists (Assets/Services/TimeFormat/Editor/TimeFormat.Editor.asmdef)
Assembly with name 'TimeFormat.Editor' already exists (Assets/HotUpdate/Utility/Scripts/TimeFormat/Editor/TimeFormat.Editor.asmdef)
Assembly with name 'TimeFormat.Tests' already exists (Assets/Utility/Services/TimeFormat/Editor/Test/TimeFormat.Tests.asmdef)
Assembly with name 'TimeFormat.Tests' already exists (Assets/Utility/Scripts/TimeFormat/Editor/Test/TimeFormat.Tests.asmdef)
Assembly with name 'TimeFormat.Editor' already exists (Assets/Utility/Scripts/TimeFormat/Editor/TimeFormat.Editor.asmdef)
Assembly with name 'TimeFormat.Editor' already exists (Assets/HotUpdate/Utility/Scripts/TimeFormat/Editor/TimeFormat.Editor.asmdef)
Assembly with name 'Pooled' already exists (Assets/HotUpdate/Utility/Scripts/Pooled/Pooled.asmdef)
Assembly with name 'Pooled' already exists (Assets/Utility/Scripts/Pooled/Pooled.asmdef)
Assembly with name 'Pooled.TMP_Text' already exists (Assets/Services/Pooled/Extensions/TMP_Text/Pooled.TMP_Text.asmdef)
Assembly with name 'Pooled.TMP_Text' already exists (Assets/HotUpdate/Utility/Scripts/Pooled/Extensions/TMP_Text/Pooled.TMP_Text.asmdef)
Assembly with name 'Pooled.TMP_Text' already exists (Assets/Utility/Scripts/Pooled/Extensions/TMP_Text/Pooled.TMP_Text.asmdef)
Assembly with name 'Pooled.TMP_Text' already exists (Assets/HotUpdate/Utility/Scripts/Pooled/Extensions/TMP_Text/Pooled.TMP_Text.asmdef)
Assembly with name 'SystemTime' already exists (Assets/HotUpdate/Utility/Scripts/Time/Time.asmdef)
Assembly with name 'SystemTime' already exists (Assets/Utility/Scripts/Time/Time.asmdef)
Assembly with name 'TimeFormat' already exists (Assets/Utility/Services/TimeFormat/TimeFormat.asmdef)
Assembly with name 'TimeFormat' already exists (Assets/HotUpdate/Utility/Scripts/TimeFormat/TimeFormat.asmdef)
Assembly with name 'TimeFormat.Tests' already exists (Assets/HotUpdate/Utility/Scripts/TimeFormat/Editor/Test/TimeFormat.Tests.asmdef)
Assembly with name 'TimeFormat.Tests' already exists (Assets/Utility/Scripts/TimeFormat/Editor/Test/TimeFormat.Tests.asmdef)
Begin MonoManager ReloadAssembly
- Loaded All Assemblies, in  0.578 seconds
Native extension for WindowsStandalone target not found
Native extension for iOS target not found
Native extension for Android target not found
Assembly with name 'Converter' already exists (Assets/Utility/Scripts/Converter/Converter.asmdef)
Assembly with name 'Converter' already exists (Assets/HotUpdate/Utility/Scripts/Converter/Converter.asmdef)
Assembly with name 'Pooled.Editor' already exists (Assets/Utility/Services/Pooled/Editor/Pooled.Editor.asmdef)
Assembly with name 'Pooled.Editor' already exists (Assets/HotUpdate/Utility/Scripts/Pooled/Editor/Pooled.Editor.asmdef)
Assembly with name 'Pooled.Editor' already exists (Assets/Services/Pooled/Editor/Pooled.Editor.asmdef)
Assembly with name 'Pooled.Editor' already exists (Assets/HotUpdate/Utility/Scripts/Pooled/Editor/Pooled.Editor.asmdef)
Assembly with name 'Pooled.TMP_Text' already exists (Assets/Utility/Services/Pooled/Extensions/TMP_Text/Pooled.TMP_Text.asmdef)
Assembly with name 'Pooled.TMP_Text' already exists (Assets/HotUpdate/Utility/Scripts/Pooled/Extensions/TMP_Text/Pooled.TMP_Text.asmdef)
Assembly with name 'Pooled.Tests' already exists (Assets/Services/Pooled/Editor/Tests/Pooled.Tests.asmdef)
Assembly with name 'Pooled.Tests' already exists (Assets/HotUpdate/Utility/Scripts/Pooled/Editor/Tests/Pooled.Tests.asmdef)
Assembly with name 'TimeFormat.TMP_Text' already exists (Assets/HotUpdate/Utility/Scripts/TimeFormat/Extensions/TMP_Text/TimeFormat.TMP_Text.asmdef)
Assembly with name 'TimeFormat.TMP_Text' already exists (Assets/Utility/Services/TimeFormat/Extensions/TMP_Text/TimeFormat.TMP_Text.asmdef)
Assembly with name 'Converter' already exists (Assets/Utility/Services/Converter/Converter.asmdef)
Assembly with name 'Converter' already exists (Assets/HotUpdate/Utility/Scripts/Converter/Converter.asmdef)
Assembly with name 'Converter' already exists (Assets/Services/Converter/Converter.asmdef)
Assembly with name 'Converter' already exists (Assets/HotUpdate/Utility/Scripts/Converter/Converter.asmdef)
Assembly with name 'Pooled' already exists (Assets/Utility/Services/Pooled/Pooled.asmdef)
Assembly with name 'Pooled' already exists (Assets/Utility/Scripts/Pooled/Pooled.asmdef)
Assembly with name 'SystemTime' already exists (Assets/Utility/Services/Time/Time.asmdef)
Assembly with name 'SystemTime' already exists (Assets/Utility/Scripts/Time/Time.asmdef)
Assembly with name 'TimeFormat.Editor' already exists (Assets/Utility/Services/TimeFormat/Editor/TimeFormat.Editor.asmdef)
Assembly with name 'TimeFormat.Editor' already exists (Assets/HotUpdate/Utility/Scripts/TimeFormat/Editor/TimeFormat.Editor.asmdef)
Assembly with name 'TimeFormat.TMP_Text' already exists (Assets/Utility/Scripts/TimeFormat/Extensions/TMP_Text/TimeFormat.TMP_Text.asmdef)
Assembly with name 'TimeFormat.TMP_Text' already exists (Assets/Utility/Services/TimeFormat/Extensions/TMP_Text/TimeFormat.TMP_Text.asmdef)
Assembly with name 'TimeFormat' already exists (Assets/Utility/Scripts/TimeFormat/TimeFormat.asmdef)
Assembly with name 'TimeFormat' already exists (Assets/HotUpdate/Utility/Scripts/TimeFormat/TimeFormat.asmdef)
Assembly with name 'TimeFormat' already exists (Assets/Services/TimeFormat/TimeFormat.asmdef)
Assembly with name 'TimeFormat' already exists (Assets/HotUpdate/Utility/Scripts/TimeFormat/TimeFormat.asmdef)
Assembly with name 'TimeFormat.TMP_Text' already exists (Assets/Services/TimeFormat/Extensions/TMP_Text/TimeFormat.TMP_Text.asmdef)
Assembly with name 'TimeFormat.TMP_Text' already exists (Assets/Utility/Services/TimeFormat/Extensions/TMP_Text/TimeFormat.TMP_Text.asmdef)
Assembly with name 'Pooled.Tests' already exists (Assets/Utility/Scripts/Pooled/Editor/Tests/Pooled.Tests.asmdef)
Assembly with name 'Pooled.Tests' already exists (Assets/HotUpdate/Utility/Scripts/Pooled/Editor/Tests/Pooled.Tests.asmdef)
Assembly with name 'SystemTime' already exists (Assets/Services/Time/Time.asmdef)
Assembly with name 'SystemTime' already exists (Assets/Utility/Scripts/Time/Time.asmdef)
Assembly with name 'Pooled.Tests' already exists (Assets/Utility/Services/Pooled/Editor/Tests/Pooled.Tests.asmdef)
Assembly with name 'Pooled.Tests' already exists (Assets/HotUpdate/Utility/Scripts/Pooled/Editor/Tests/Pooled.Tests.asmdef)
Assembly with name 'Pooled.Editor' already exists (Assets/Utility/Scripts/Pooled/Editor/Pooled.Editor.asmdef)
Assembly with name 'Pooled.Editor' already exists (Assets/HotUpdate/Utility/Scripts/Pooled/Editor/Pooled.Editor.asmdef)
Assembly with name 'Pooled' already exists (Assets/Services/Pooled/Pooled.asmdef)
Assembly with name 'Pooled' already exists (Assets/Utility/Scripts/Pooled/Pooled.asmdef)
Assembly with name 'TimeFormat.Tests' already exists (Assets/Services/TimeFormat/Editor/Test/TimeFormat.Tests.asmdef)
Assembly with name 'TimeFormat.Tests' already exists (Assets/Utility/Scripts/TimeFormat/Editor/Test/TimeFormat.Tests.asmdef)
Assembly with name 'TimeFormat.Editor' already exists (Assets/Services/TimeFormat/Editor/TimeFormat.Editor.asmdef)
Assembly with name 'TimeFormat.Editor' already exists (Assets/HotUpdate/Utility/Scripts/TimeFormat/Editor/TimeFormat.Editor.asmdef)
Assembly with name 'TimeFormat.Tests' already exists (Assets/Utility/Services/TimeFormat/Editor/Test/TimeFormat.Tests.asmdef)
Assembly with name 'TimeFormat.Tests' already exists (Assets/Utility/Scripts/TimeFormat/Editor/Test/TimeFormat.Tests.asmdef)
Assembly with name 'TimeFormat.Editor' already exists (Assets/Utility/Scripts/TimeFormat/Editor/TimeFormat.Editor.asmdef)
Assembly with name 'TimeFormat.Editor' already exists (Assets/HotUpdate/Utility/Scripts/TimeFormat/Editor/TimeFormat.Editor.asmdef)
Assembly with name 'Pooled' already exists (Assets/HotUpdate/Utility/Scripts/Pooled/Pooled.asmdef)
Assembly with name 'Pooled' already exists (Assets/Utility/Scripts/Pooled/Pooled.asmdef)
Assembly with name 'Pooled.TMP_Text' already exists (Assets/Services/Pooled/Extensions/TMP_Text/Pooled.TMP_Text.asmdef)
Assembly with name 'Pooled.TMP_Text' already exists (Assets/HotUpdate/Utility/Scripts/Pooled/Extensions/TMP_Text/Pooled.TMP_Text.asmdef)
Assembly with name 'Pooled.TMP_Text' already exists (Assets/Utility/Scripts/Pooled/Extensions/TMP_Text/Pooled.TMP_Text.asmdef)
Assembly with name 'Pooled.TMP_Text' already exists (Assets/HotUpdate/Utility/Scripts/Pooled/Extensions/TMP_Text/Pooled.TMP_Text.asmdef)
Assembly with name 'SystemTime' already exists (Assets/HotUpdate/Utility/Scripts/Time/Time.asmdef)
Assembly with name 'SystemTime' already exists (Assets/Utility/Scripts/Time/Time.asmdef)
Assembly with name 'TimeFormat' already exists (Assets/Utility/Services/TimeFormat/TimeFormat.asmdef)
Assembly with name 'TimeFormat' already exists (Assets/HotUpdate/Utility/Scripts/TimeFormat/TimeFormat.asmdef)
Assembly with name 'TimeFormat.Tests' already exists (Assets/HotUpdate/Utility/Scripts/TimeFormat/Editor/Test/TimeFormat.Tests.asmdef)
Assembly with name 'TimeFormat.Tests' already exists (Assets/Utility/Scripts/TimeFormat/Editor/Test/TimeFormat.Tests.asmdef)
Mono: successfully reloaded assembly
- Finished resetting the current domain, in  0.938 seconds
Domain Reload Profiling: 1513ms
	BeginReloadAssembly (159ms)
		ExecutionOrderSort (0ms)
		DisableScriptedObjects (4ms)
		BackupInstance (0ms)
		ReleaseScriptingObjects (0ms)
		CreateAndSetChildDomain (36ms)
	RebuildCommonClasses (35ms)
	RebuildNativeTypeToScriptingClass (14ms)
	initialDomainReloadingComplete (44ms)
	LoadAllAssembliesAndSetupDomain (322ms)
		LoadAssemblies (373ms)
		RebuildTransferFunctionScriptingTraits (0ms)
		AnalyzeDomain (38ms)
			TypeCache.Refresh (15ms)
				TypeCache.ScanAssembly (1ms)
			ScanForSourceGeneratedMonoScriptInfo (13ms)
			ResolveRequiredComponents (7ms)
	FinalizeReload (938ms)
		ReleaseScriptCaches (0ms)
		RebuildScriptCaches (0ms)
		SetupLoadedEditorAssemblies (391ms)
			LogAssemblyErrors (0ms)
			InitializePlatformSupportModulesInManaged (25ms)
			SetLoadedEditorAssemblies (3ms)
			RefreshPlugins (0ms)
			BeforeProcessingInitializeOnLoad (86ms)
			ProcessInitializeOnLoadAttributes (253ms)
			ProcessInitializeOnLoadMethodAttributes (18ms)
			AfterProcessingInitializeOnLoad (5ms)
			EditorAssembliesLoaded (0ms)
		ExecutionOrderSort2 (0ms)
		AwakeInstancesAfterBackupRestoration (10ms)
Refreshing native plugins compatible for Editor in 1.93 ms, found 4 plugins.
Preloading 0 native plugins for Editor in 0.00 ms.
Unloading 4254 Unused Serialized files (Serialized files now loaded: 0)
Unloading 24 unused Assets / (33.6 KB). Loaded Objects now: 4784.
Memory consumption went from 152.1 MB to 152.1 MB.
Total: 2.280600 ms (FindLiveObjects: 0.188300 ms CreateObjectMapping: 0.090900 ms MarkObjects: 1.961700 ms  DeleteObjects: 0.039000 ms)

Prepare: number of updated asset objects reloaded= 0
AssetImportParameters requested are different than current active one (requested -> active):
  custom:scripting/monoscript/fileName/Pooled.cs: baad0cab28575340793c5f53e885a6c4 -> cc9dde24a210a09c81ccd567f812f7f5
  custom:container-demuxer-ogg: 62fdf1f143b41e24485cea50d1cbac27 -> 
  custom:scripting/monoscript/fileName/Pooled.TMP_Text.cs: a92ef4f9461d963a03ce3513e6feb2e9 -> 1771dab09d685ca888553b84cf88ad68
  custom:scripting/monoscript/fileName/DateFormat.cs: 5ee8ffb2f9a8c45cdb8729643aa539ae -> ed347d33eeb678b14e4abcfa67ee6414
  custom:video-codec-MediaFoundation-h265: 746d11721c4dcdbdad8f713fa42b33f4 -> 
  custom:video-decoder-ogg-theora: a1e56fd34408186e4bbccfd4996cb3dc -> 
  custom:scripting/monoscript/fileName/MapLongIntConverter.cs: cac9c0c36b85ebec03eed6b196c587f3 -> 198d1bce87a4c09dc3abda029a3119ab
  custom:scripting/precompiled-assembly-types:TimeFormat: 6d4a1e77502fe8961e9ef7de10638446 -> 57203823c46105faafc43ae197f6f4ca
  custom:scripting/monoscript/fileName/DateFormatTest.cs: 87f1e5d6f74d151f0e3b6c5aaac155e0 -> f2ceb48ff4b41406f6de9337dde229d4
  custom:framework-win-MediaFoundation: 216162199b28c13a410421893ffa2e32 -> 
  custom:scripting/monoscript/fileName/NewBehaviourScript.cs: 703cac14def72cad3b67b6c8fcdd650c -> 
  custom:scripting/monoscript/fileName/ConvertUtility.cs: b008f65e78f7bf89556fe97cb76fb4d3 -> 927bc4a982abdcaa84e56dfdb46b2cbb
  custom:scripting/precompiled-assembly-types:TimeFormat.TMP_Text: cd1c242309f2ac781468485f8860f302 -> 967252e62fb87db8773533e585e4c322
  custom:scripting/monoscript/fileName/Pooled.Collection.cs: 716086397f6fce3cf59561531ac052e5 -> 90647cc400823b41df847a6cbfc29026
  custom:scripting/monoscript/fileName/BitmapConverter.cs: bef8b0754ce803040d5a34241bac00a7 -> 12195687a10fb5a33146a377ab118aa6
  custom:scripting/monoscript/fileName/HashSetLongReverseConverter.cs: a7cbafa91cdd0e3708b092796562a868 -> 932d93a08099455ffa60234096f0bc2c
  custom:scripting/monoscript/fileName/PooledChars.cs: 33880515bd376b511b6adaad23c845ab -> 21fa764a5afa8b56c3e877b4892d83d0
  custom:scripting/precompiled-assembly-types:TimeFormat.Tests: 7a5bdcca3fd2fe5564c87584e6959e0f -> 17ab779a0d411127942b86927b2dc166
  custom:scripting/precompiled-assembly-types:Pooled.Editor: fa10dbda0f98c59fa57f342ce5b8db3d -> 64cdb4d0b09fde53e895bff1f3267621
  custom:scripting/monoscript/fileName/IConverterCollectorSystem.cs: 716086397f6fce3cf59561531ac052e5 -> 90647cc400823b41df847a6cbfc29026
  custom:scripting/monoscript/fileName/MonitoredObjectPoolMemoryWindow.cs: 59b16281f30e691a756f58cb5d9a8b60 -> ddc01cc66b15815883e46a79dbae273a
  custom:CustomObjectIndexerAttribute: 9a22284fe3817be447336de3de66b15e -> 
  custom:scripting/precompiled-assembly-types:Pooled.TMP_Text: 92558fb10d66941a554c40cb582c3db5 -> 3175b5d3dfbf646ba5fc016628a7a8b2
  custom:scripting/monoscript/fileName/HashSetIntConverter.cs: b5db394041c6646ac4fd66508f5786f4 -> 336b59b95aa86a855094c372f6281efc
  custom:scripting/monoscript/fileName/HashSetLongConverter.cs: a1cab3b4ffce114d592ca6c175a5f63d -> bffc50741551ba327e3defbf92ea631c
  custom:scripting/precompiled-assembly-types:Converter: 9c7eeca5229a3a42351e9ebcae44f77d -> ee394a20b19999bd51514d0170308fef
  custom:container-demuxer-webm: 4f35f7cbe854078d1ac9338744f61a02 -> 
  custom:scripting/monoscript/fileName/PooledStringBuilder.cs: 6043f7e32526ae7771d6c5e21572c929 -> 
  custom:scripting/monoscript/fileName/HashSetIntReverseConverter.cs: f04f195534430a1a5aa1033234bed4af -> 06c076a9053026cf8408e19462593778
  custom:scripting/monoscript/fileName/Pooled.Map.cs: 716086397f6fce3cf59561531ac052e5 -> 90647cc400823b41df847a6cbfc29026
  custom:scripting/precompiled-assembly-types:Pooled.Tests: 5bf323a3bc5ed9c432319119ab1c09db -> 0c2e9c09f1a2b2407f50a1f01f3ca010
  custom:scripting/monoscript/fileName/MapIntIntConverter.cs: 9620af3d9654ec97245971bd53d35ab6 -> 295a5843cb6d0fcae5fda9644abd3119
  custom:scripting/monoscript/fileName/RepeatedField.cs: 716086397f6fce3cf59561531ac052e5 -> 90647cc400823b41df847a6cbfc29026
  custom:scripting/monoscript/fileName/ListIntConverter.cs: 436b2b3f5ca930ff78d428c441ef8c8a -> ff3a1298932b804b0d15be3a4a8f007d
  custom:scripting/monoscript/fileName/MapIntBitReverseConverter.cs: e14fde3dcc64c3c0d176ccdd1d016eae -> 8b8bfcfc92e7150c7cab6194df938961
  custom:scripting/monoscript/fileName/ConverterCollector.cs: 23f82105a25a75216e658215522f0c07 -> 8f6297df34271fdb1ce2d9607ec6261d
  custom:container-muxer-webm: aa71ff27fc2769a1b78a27578f13a17b -> 
  custom:scripting/monoscript/fileName/ConverterCollectorSystem.cs: 716086397f6fce3cf59561531ac052e5 -> 90647cc400823b41df847a6cbfc29026
  custom:video-decoder-webm-vp8: 9c59270c3fd7afecdb556c50c9e8de78 -> 
  custom:scripting/monoscript/fileName/IConverter.cs: 23f82105a25a75216e658215522f0c07 -> 8f6297df34271fdb1ce2d9607ec6261d
  custom:scripting/monoscript/fileName/TimeFormat.TMP_Text.cs: 04b153d1e87700945c251cd57f0caf28 -> f6a319b78dfa7c00602caf474b9ca715
  custom:SearchIndexIgnoredProperties: e643bd26f0fe6173181afceb89e7c659 -> 
  custom:scripting/monoscript/fileName/BitmapTimingResetConverter.cs: 0a600efde2430e87d9d3b74fefe851b4 -> 16be4e68c9559384167314f33f2262ce
  custom:AudioImporter_EditorPlatform: d09bf68614088b80899f8185d706f6e7 -> 
  custom:scripting/monoscript/fileName/ConverterCollectorSystem.Config.cs: 716086397f6fce3cf59561531ac052e5 -> 90647cc400823b41df847a6cbfc29026
  custom:scripting/monoscript/fileName/SystemTime.cs: 0871270ccfddc6f47e3ac605866cf236 -> aebab7d5993158d333c473fe5ad2e983
  custom:scripting/monoscript/fileName/IConverterCollector.cs: 7204df85a06eb33c552568921744fc7f -> 0cdf409b5aa8d4c25876d72b5c6a3b60
  custom:scripting/monoscript/fileName/DateFormat.TMP_Text.cs: 121711a8ea84a13844106aa2e82a1cd2 -> cfa4ac74668713a9594e154b6b707e11
  custom:scripting/monoscript/fileName/MapIntBitConverter.cs: dce2875ca3c4cad9ab6f13f6a6965680 -> 79a8119290488a133b2d9f55c8d3a0d3
  custom:scripting/monoscript/fileName/DailyRedPointManager.cs: 513629b390c64237ae10fadc04fe33e2 -> 01ec27a3aa6e2eef520171695290b082
  custom:scripting/monoscript/fileName/CBitmap.cs: ec0fdd5ea2398b1b65c18ea095c42afb -> f8c1ae0cca981124d219ae3b6d8e6182
  custom:scripting/monoscript/fileName/PooledTest.cs: 28426ac1d0a0bad5d092e27ae3a87191 -> d0e5b41c51d29f0613407ea0dc9a2ae1
  custom:scripting/monoscript/fileName/BitmapReverseConverter.cs: 1fc067da77a3ccc221d0c0fe577e4e0f -> acc59c8855034e2bb91a751805bc12bb
  custom:video-encoder-webm-vp8: eb34c28f22e8b96e1ab97ce403110664 -> 
  custom:audio-decoder-ogg-vorbis: bf7c407c2cedff20999df2af8eb42d56 -> 
  custom:scripting/monoscript/fileName/MonitoredObjectPool.cs: 07c2f06c1be72f5574a820b4727b45d6 -> 9182583f5d8b6c16ed73aee3a076a254
  custom:scripting/monoscript/fileName/MapLongBitConverter.cs: 43ce4e9aba0920885e00f67136ef7071 -> 328f00929818c8c69bb5b89f3bcc9604
  custom:scripting/monoscript/fileName/PooledBitArray.cs: 63242dbc45c4894086d10ce96dcd98d8 -> 
  custom:scripting/monoscript/fileName/MapIntLongConverter.cs: 31cf1c377d37f97e076e6bb7ba8ce6bd -> a2cdffcab0400670150cdf9d6f279bf8
  custom:scripting/precompiled-assembly-types:SystemTime: a9afdb8eba24b40bf6e6d2e0d79e8e29 -> de93446e31aab50ce934d7feaa3d7a7d
  custom:scripting/monoscript/fileName/MapLongBitReverseConverter.cs: 3a3a53b77999da0e1aba4b8aa6a2efb1 -> 1d61913e53bfc7ab7acf8ae1d97259f0
  custom:scripting/monoscript/fileName/ListLongConverter.cs: 8035177bb4988529bdf021b5674f63f7 -> 067d4451cabf17e3cfccb1cb88d8f36b
  custom:scripting/monoscript/fileName/TimeFormatTest.cs: 93a42fa151a026f2dc7824ac0622d2a5 -> f90ae55604080c97eefe0555e4b0ad3c
  custom:audio-encoder-webm-vorbis: bf7c407c2cedff20999df2af8eb42d56 -> 
  custom:scripting/monoscript/fileName/TimeFormat.cs: 9204fd782b26c55826382465702b381a -> 3d1d90addaffbea026682521871bf1e2
  custom:scripting/precompiled-assembly-types:Pooled: 90ae12e970b0a4c25cdd11d8926c1a55 -> 6162124d200d88ea66aabea2add4abf0
  custom:scripting/monoscript/fileName/MapLongLongConverter.cs: 5e2c827038738a02120b98610ada1a79 -> b43590451b2c3721d1491012e5c4185c
========================================================================
Received Import Request.
  Time since last request: 60.012075 seconds.
  path: Assets/HotUpdate/Scripts/Launcher.cs
  artifactKey: Guid(99e21c27bbb8a4448b53db6fe42955ee) Importer(815301076,1909f56bfc062723c751e8b465ee728b)
Start importing Assets/HotUpdate/Scripts/Launcher.cs using Guid(99e21c27bbb8a4448b53db6fe42955ee) Importer(815301076,1909f56bfc062723c751e8b465ee728b) [PhysX] Initialized MultithreadedTaskDispatcher with 20 workers.
 -> (artifact id: '201fd74208ee7fa4ea7c4afc2050cffd') in 0.001326 seconds
Number of updated asset objects reloaded before import = 0
Number of asset objects unloaded after import = 0
========================================================================
Received Prepare
Assembly with name 'Converter' already exists (Assets/Utility/Scripts/Converter/Converter.asmdef)
Assembly with name 'Converter' already exists (Assets/HotUpdate/Utility/Scripts/Converter/Converter.asmdef)
Assembly with name 'Pooled.Editor' already exists (Assets/Utility/Services/Pooled/Editor/Pooled.Editor.asmdef)
Assembly with name 'Pooled.Editor' already exists (Assets/HotUpdate/Utility/Scripts/Pooled/Editor/Pooled.Editor.asmdef)
Assembly with name 'Pooled.Editor' already exists (Assets/Services/Pooled/Editor/Pooled.Editor.asmdef)
Assembly with name 'Pooled.Editor' already exists (Assets/HotUpdate/Utility/Scripts/Pooled/Editor/Pooled.Editor.asmdef)
Assembly with name 'Pooled.TMP_Text' already exists (Assets/Utility/Services/Pooled/Extensions/TMP_Text/Pooled.TMP_Text.asmdef)
Assembly with name 'Pooled.TMP_Text' already exists (Assets/HotUpdate/Utility/Scripts/Pooled/Extensions/TMP_Text/Pooled.TMP_Text.asmdef)
Assembly with name 'Pooled.Tests' already exists (Assets/Services/Pooled/Editor/Tests/Pooled.Tests.asmdef)
Assembly with name 'Pooled.Tests' already exists (Assets/HotUpdate/Utility/Scripts/Pooled/Editor/Tests/Pooled.Tests.asmdef)
Assembly with name 'TimeFormat.TMP_Text' already exists (Assets/HotUpdate/Utility/Scripts/TimeFormat/Extensions/TMP_Text/TimeFormat.TMP_Text.asmdef)
Assembly with name 'TimeFormat.TMP_Text' already exists (Assets/Utility/Services/TimeFormat/Extensions/TMP_Text/TimeFormat.TMP_Text.asmdef)
Assembly with name 'Converter' already exists (Assets/Utility/Services/Converter/Converter.asmdef)
Assembly with name 'Converter' already exists (Assets/HotUpdate/Utility/Scripts/Converter/Converter.asmdef)
Assembly with name 'Converter' already exists (Assets/Services/Converter/Converter.asmdef)
Assembly with name 'Converter' already exists (Assets/HotUpdate/Utility/Scripts/Converter/Converter.asmdef)
Assembly with name 'Pooled' already exists (Assets/Utility/Services/Pooled/Pooled.asmdef)
Assembly with name 'Pooled' already exists (Assets/Utility/Scripts/Pooled/Pooled.asmdef)
Assembly with name 'SystemTime' already exists (Assets/Utility/Services/Time/Time.asmdef)
Assembly with name 'SystemTime' already exists (Assets/Utility/Scripts/Time/Time.asmdef)
Assembly with name 'TimeFormat.Editor' already exists (Assets/Utility/Services/TimeFormat/Editor/TimeFormat.Editor.asmdef)
Assembly with name 'TimeFormat.Editor' already exists (Assets/HotUpdate/Utility/Scripts/TimeFormat/Editor/TimeFormat.Editor.asmdef)
Assembly with name 'TimeFormat.TMP_Text' already exists (Assets/Utility/Scripts/TimeFormat/Extensions/TMP_Text/TimeFormat.TMP_Text.asmdef)
Assembly with name 'TimeFormat.TMP_Text' already exists (Assets/Utility/Services/TimeFormat/Extensions/TMP_Text/TimeFormat.TMP_Text.asmdef)
Assembly with name 'TimeFormat' already exists (Assets/Utility/Scripts/TimeFormat/TimeFormat.asmdef)
Assembly with name 'TimeFormat' already exists (Assets/HotUpdate/Utility/Scripts/TimeFormat/TimeFormat.asmdef)
Assembly with name 'TimeFormat' already exists (Assets/Services/TimeFormat/TimeFormat.asmdef)
Assembly with name 'TimeFormat' already exists (Assets/HotUpdate/Utility/Scripts/TimeFormat/TimeFormat.asmdef)
Assembly with name 'TimeFormat.TMP_Text' already exists (Assets/Services/TimeFormat/Extensions/TMP_Text/TimeFormat.TMP_Text.asmdef)
Assembly with name 'TimeFormat.TMP_Text' already exists (Assets/Utility/Services/TimeFormat/Extensions/TMP_Text/TimeFormat.TMP_Text.asmdef)
Assembly with name 'Pooled.Tests' already exists (Assets/Utility/Scripts/Pooled/Editor/Tests/Pooled.Tests.asmdef)
Assembly with name 'Pooled.Tests' already exists (Assets/HotUpdate/Utility/Scripts/Pooled/Editor/Tests/Pooled.Tests.asmdef)
Assembly with name 'SystemTime' already exists (Assets/Services/Time/Time.asmdef)
Assembly with name 'SystemTime' already exists (Assets/Utility/Scripts/Time/Time.asmdef)
Assembly with name 'Pooled.Tests' already exists (Assets/Utility/Services/Pooled/Editor/Tests/Pooled.Tests.asmdef)
Assembly with name 'Pooled.Tests' already exists (Assets/HotUpdate/Utility/Scripts/Pooled/Editor/Tests/Pooled.Tests.asmdef)
Assembly with name 'Pooled.Editor' already exists (Assets/Utility/Scripts/Pooled/Editor/Pooled.Editor.asmdef)
Assembly with name 'Pooled.Editor' already exists (Assets/HotUpdate/Utility/Scripts/Pooled/Editor/Pooled.Editor.asmdef)
Assembly with name 'Pooled' already exists (Assets/Services/Pooled/Pooled.asmdef)
Assembly with name 'Pooled' already exists (Assets/Utility/Scripts/Pooled/Pooled.asmdef)
Assembly with name 'TimeFormat.Tests' already exists (Assets/Services/TimeFormat/Editor/Test/TimeFormat.Tests.asmdef)
Assembly with name 'TimeFormat.Tests' already exists (Assets/Utility/Scripts/TimeFormat/Editor/Test/TimeFormat.Tests.asmdef)
Assembly with name 'TimeFormat.Editor' already exists (Assets/Services/TimeFormat/Editor/TimeFormat.Editor.asmdef)
Assembly with name 'TimeFormat.Editor' already exists (Assets/HotUpdate/Utility/Scripts/TimeFormat/Editor/TimeFormat.Editor.asmdef)
Assembly with name 'TimeFormat.Tests' already exists (Assets/Utility/Services/TimeFormat/Editor/Test/TimeFormat.Tests.asmdef)
Assembly with name 'TimeFormat.Tests' already exists (Assets/Utility/Scripts/TimeFormat/Editor/Test/TimeFormat.Tests.asmdef)
Assembly with name 'TimeFormat.Editor' already exists (Assets/Utility/Scripts/TimeFormat/Editor/TimeFormat.Editor.asmdef)
Assembly with name 'TimeFormat.Editor' already exists (Assets/HotUpdate/Utility/Scripts/TimeFormat/Editor/TimeFormat.Editor.asmdef)
Assembly with name 'Pooled' already exists (Assets/HotUpdate/Utility/Scripts/Pooled/Pooled.asmdef)
Assembly with name 'Pooled' already exists (Assets/Utility/Scripts/Pooled/Pooled.asmdef)
Assembly with name 'Pooled.TMP_Text' already exists (Assets/Services/Pooled/Extensions/TMP_Text/Pooled.TMP_Text.asmdef)
Assembly with name 'Pooled.TMP_Text' already exists (Assets/HotUpdate/Utility/Scripts/Pooled/Extensions/TMP_Text/Pooled.TMP_Text.asmdef)
Assembly with name 'Pooled.TMP_Text' already exists (Assets/Utility/Scripts/Pooled/Extensions/TMP_Text/Pooled.TMP_Text.asmdef)
Assembly with name 'Pooled.TMP_Text' already exists (Assets/HotUpdate/Utility/Scripts/Pooled/Extensions/TMP_Text/Pooled.TMP_Text.asmdef)
Assembly with name 'SystemTime' already exists (Assets/HotUpdate/Utility/Scripts/Time/Time.asmdef)
Assembly with name 'SystemTime' already exists (Assets/Utility/Scripts/Time/Time.asmdef)
Assembly with name 'TimeFormat' already exists (Assets/Utility/Services/TimeFormat/TimeFormat.asmdef)
Assembly with name 'TimeFormat' already exists (Assets/HotUpdate/Utility/Scripts/TimeFormat/TimeFormat.asmdef)
Assembly with name 'TimeFormat.Tests' already exists (Assets/HotUpdate/Utility/Scripts/TimeFormat/Editor/Test/TimeFormat.Tests.asmdef)
Assembly with name 'TimeFormat.Tests' already exists (Assets/Utility/Scripts/TimeFormat/Editor/Test/TimeFormat.Tests.asmdef)
Caller must complete domain reload
Assembly with name 'Converter' already exists (Assets/Utility/Scripts/Converter/Converter.asmdef)
Assembly with name 'Converter' already exists (Assets/HotUpdate/Utility/Scripts/Converter/Converter.asmdef)
Assembly with name 'Pooled.Editor' already exists (Assets/Utility/Services/Pooled/Editor/Pooled.Editor.asmdef)
Assembly with name 'Pooled.Editor' already exists (Assets/HotUpdate/Utility/Scripts/Pooled/Editor/Pooled.Editor.asmdef)
Assembly with name 'Pooled.Editor' already exists (Assets/Services/Pooled/Editor/Pooled.Editor.asmdef)
Assembly with name 'Pooled.Editor' already exists (Assets/HotUpdate/Utility/Scripts/Pooled/Editor/Pooled.Editor.asmdef)
Assembly with name 'Pooled.TMP_Text' already exists (Assets/Utility/Services/Pooled/Extensions/TMP_Text/Pooled.TMP_Text.asmdef)
Assembly with name 'Pooled.TMP_Text' already exists (Assets/HotUpdate/Utility/Scripts/Pooled/Extensions/TMP_Text/Pooled.TMP_Text.asmdef)
Assembly with name 'Pooled.Tests' already exists (Assets/Services/Pooled/Editor/Tests/Pooled.Tests.asmdef)
Assembly with name 'Pooled.Tests' already exists (Assets/HotUpdate/Utility/Scripts/Pooled/Editor/Tests/Pooled.Tests.asmdef)
Assembly with name 'TimeFormat.TMP_Text' already exists (Assets/HotUpdate/Utility/Scripts/TimeFormat/Extensions/TMP_Text/TimeFormat.TMP_Text.asmdef)
Assembly with name 'TimeFormat.TMP_Text' already exists (Assets/Utility/Services/TimeFormat/Extensions/TMP_Text/TimeFormat.TMP_Text.asmdef)
Assembly with name 'Converter' already exists (Assets/Utility/Services/Converter/Converter.asmdef)
Assembly with name 'Converter' already exists (Assets/HotUpdate/Utility/Scripts/Converter/Converter.asmdef)
Assembly with name 'Converter' already exists (Assets/Services/Converter/Converter.asmdef)
Assembly with name 'Converter' already exists (Assets/HotUpdate/Utility/Scripts/Converter/Converter.asmdef)
Assembly with name 'Pooled' already exists (Assets/Utility/Services/Pooled/Pooled.asmdef)
Assembly with name 'Pooled' already exists (Assets/Utility/Scripts/Pooled/Pooled.asmdef)
Assembly with name 'SystemTime' already exists (Assets/Utility/Services/Time/Time.asmdef)
Assembly with name 'SystemTime' already exists (Assets/Utility/Scripts/Time/Time.asmdef)
Assembly with name 'TimeFormat.Editor' already exists (Assets/Utility/Services/TimeFormat/Editor/TimeFormat.Editor.asmdef)
Assembly with name 'TimeFormat.Editor' already exists (Assets/HotUpdate/Utility/Scripts/TimeFormat/Editor/TimeFormat.Editor.asmdef)
Assembly with name 'TimeFormat.TMP_Text' already exists (Assets/Utility/Scripts/TimeFormat/Extensions/TMP_Text/TimeFormat.TMP_Text.asmdef)
Assembly with name 'TimeFormat.TMP_Text' already exists (Assets/Utility/Services/TimeFormat/Extensions/TMP_Text/TimeFormat.TMP_Text.asmdef)
Assembly with name 'TimeFormat' already exists (Assets/Utility/Scripts/TimeFormat/TimeFormat.asmdef)
Assembly with name 'TimeFormat' already exists (Assets/HotUpdate/Utility/Scripts/TimeFormat/TimeFormat.asmdef)
Assembly with name 'TimeFormat' already exists (Assets/Services/TimeFormat/TimeFormat.asmdef)
Assembly with name 'TimeFormat' already exists (Assets/HotUpdate/Utility/Scripts/TimeFormat/TimeFormat.asmdef)
Assembly with name 'TimeFormat.TMP_Text' already exists (Assets/Services/TimeFormat/Extensions/TMP_Text/TimeFormat.TMP_Text.asmdef)
Assembly with name 'TimeFormat.TMP_Text' already exists (Assets/Utility/Services/TimeFormat/Extensions/TMP_Text/TimeFormat.TMP_Text.asmdef)
Assembly with name 'Pooled.Tests' already exists (Assets/Utility/Scripts/Pooled/Editor/Tests/Pooled.Tests.asmdef)
Assembly with name 'Pooled.Tests' already exists (Assets/HotUpdate/Utility/Scripts/Pooled/Editor/Tests/Pooled.Tests.asmdef)
Assembly with name 'SystemTime' already exists (Assets/Services/Time/Time.asmdef)
Assembly with name 'SystemTime' already exists (Assets/Utility/Scripts/Time/Time.asmdef)
Assembly with name 'Pooled.Tests' already exists (Assets/Utility/Services/Pooled/Editor/Tests/Pooled.Tests.asmdef)
Assembly with name 'Pooled.Tests' already exists (Assets/HotUpdate/Utility/Scripts/Pooled/Editor/Tests/Pooled.Tests.asmdef)
Assembly with name 'Pooled.Editor' already exists (Assets/Utility/Scripts/Pooled/Editor/Pooled.Editor.asmdef)
Assembly with name 'Pooled.Editor' already exists (Assets/HotUpdate/Utility/Scripts/Pooled/Editor/Pooled.Editor.asmdef)
Assembly with name 'Pooled' already exists (Assets/Services/Pooled/Pooled.asmdef)
Assembly with name 'Pooled' already exists (Assets/Utility/Scripts/Pooled/Pooled.asmdef)
Assembly with name 'TimeFormat.Tests' already exists (Assets/Services/TimeFormat/Editor/Test/TimeFormat.Tests.asmdef)
Assembly with name 'TimeFormat.Tests' already exists (Assets/Utility/Scripts/TimeFormat/Editor/Test/TimeFormat.Tests.asmdef)
Assembly with name 'TimeFormat.Editor' already exists (Assets/Services/TimeFormat/Editor/TimeFormat.Editor.asmdef)
Assembly with name 'TimeFormat.Editor' already exists (Assets/HotUpdate/Utility/Scripts/TimeFormat/Editor/TimeFormat.Editor.asmdef)
Assembly with name 'TimeFormat.Tests' already exists (Assets/Utility/Services/TimeFormat/Editor/Test/TimeFormat.Tests.asmdef)
Assembly with name 'TimeFormat.Tests' already exists (Assets/Utility/Scripts/TimeFormat/Editor/Test/TimeFormat.Tests.asmdef)
Assembly with name 'TimeFormat.Editor' already exists (Assets/Utility/Scripts/TimeFormat/Editor/TimeFormat.Editor.asmdef)
Assembly with name 'TimeFormat.Editor' already exists (Assets/HotUpdate/Utility/Scripts/TimeFormat/Editor/TimeFormat.Editor.asmdef)
Assembly with name 'Pooled' already exists (Assets/HotUpdate/Utility/Scripts/Pooled/Pooled.asmdef)
Assembly with name 'Pooled' already exists (Assets/Utility/Scripts/Pooled/Pooled.asmdef)
Assembly with name 'Pooled.TMP_Text' already exists (Assets/Services/Pooled/Extensions/TMP_Text/Pooled.TMP_Text.asmdef)
Assembly with name 'Pooled.TMP_Text' already exists (Assets/HotUpdate/Utility/Scripts/Pooled/Extensions/TMP_Text/Pooled.TMP_Text.asmdef)
Assembly with name 'Pooled.TMP_Text' already exists (Assets/Utility/Scripts/Pooled/Extensions/TMP_Text/Pooled.TMP_Text.asmdef)
Assembly with name 'Pooled.TMP_Text' already exists (Assets/HotUpdate/Utility/Scripts/Pooled/Extensions/TMP_Text/Pooled.TMP_Text.asmdef)
Assembly with name 'SystemTime' already exists (Assets/HotUpdate/Utility/Scripts/Time/Time.asmdef)
Assembly with name 'SystemTime' already exists (Assets/Utility/Scripts/Time/Time.asmdef)
Assembly with name 'TimeFormat' already exists (Assets/Utility/Services/TimeFormat/TimeFormat.asmdef)
Assembly with name 'TimeFormat' already exists (Assets/HotUpdate/Utility/Scripts/TimeFormat/TimeFormat.asmdef)
Assembly with name 'TimeFormat.Tests' already exists (Assets/HotUpdate/Utility/Scripts/TimeFormat/Editor/Test/TimeFormat.Tests.asmdef)
Assembly with name 'TimeFormat.Tests' already exists (Assets/Utility/Scripts/TimeFormat/Editor/Test/TimeFormat.Tests.asmdef)
Begin MonoManager ReloadAssembly
- Loaded All Assemblies, in  0.392 seconds
Native extension for WindowsStandalone target not found
Native extension for iOS target not found
Native extension for Android target not found
Assembly with name 'Converter' already exists (Assets/Utility/Scripts/Converter/Converter.asmdef)
Assembly with name 'Converter' already exists (Assets/HotUpdate/Utility/Scripts/Converter/Converter.asmdef)
Assembly with name 'Pooled.Editor' already exists (Assets/Utility/Services/Pooled/Editor/Pooled.Editor.asmdef)
Assembly with name 'Pooled.Editor' already exists (Assets/HotUpdate/Utility/Scripts/Pooled/Editor/Pooled.Editor.asmdef)
Assembly with name 'Pooled.Editor' already exists (Assets/Services/Pooled/Editor/Pooled.Editor.asmdef)
Assembly with name 'Pooled.Editor' already exists (Assets/HotUpdate/Utility/Scripts/Pooled/Editor/Pooled.Editor.asmdef)
Assembly with name 'Pooled.TMP_Text' already exists (Assets/Utility/Services/Pooled/Extensions/TMP_Text/Pooled.TMP_Text.asmdef)
Assembly with name 'Pooled.TMP_Text' already exists (Assets/HotUpdate/Utility/Scripts/Pooled/Extensions/TMP_Text/Pooled.TMP_Text.asmdef)
Assembly with name 'Pooled.Tests' already exists (Assets/Services/Pooled/Editor/Tests/Pooled.Tests.asmdef)
Assembly with name 'Pooled.Tests' already exists (Assets/HotUpdate/Utility/Scripts/Pooled/Editor/Tests/Pooled.Tests.asmdef)
Assembly with name 'TimeFormat.TMP_Text' already exists (Assets/HotUpdate/Utility/Scripts/TimeFormat/Extensions/TMP_Text/TimeFormat.TMP_Text.asmdef)
Assembly with name 'TimeFormat.TMP_Text' already exists (Assets/Utility/Services/TimeFormat/Extensions/TMP_Text/TimeFormat.TMP_Text.asmdef)
Assembly with name 'Converter' already exists (Assets/Utility/Services/Converter/Converter.asmdef)
Assembly with name 'Converter' already exists (Assets/HotUpdate/Utility/Scripts/Converter/Converter.asmdef)
Assembly with name 'Converter' already exists (Assets/Services/Converter/Converter.asmdef)
Assembly with name 'Converter' already exists (Assets/HotUpdate/Utility/Scripts/Converter/Converter.asmdef)
Assembly with name 'Pooled' already exists (Assets/Utility/Services/Pooled/Pooled.asmdef)
Assembly with name 'Pooled' already exists (Assets/Utility/Scripts/Pooled/Pooled.asmdef)
Assembly with name 'SystemTime' already exists (Assets/Utility/Services/Time/Time.asmdef)
Assembly with name 'SystemTime' already exists (Assets/Utility/Scripts/Time/Time.asmdef)
Assembly with name 'TimeFormat.Editor' already exists (Assets/Utility/Services/TimeFormat/Editor/TimeFormat.Editor.asmdef)
Assembly with name 'TimeFormat.Editor' already exists (Assets/HotUpdate/Utility/Scripts/TimeFormat/Editor/TimeFormat.Editor.asmdef)
Assembly with name 'TimeFormat.TMP_Text' already exists (Assets/Utility/Scripts/TimeFormat/Extensions/TMP_Text/TimeFormat.TMP_Text.asmdef)
Assembly with name 'TimeFormat.TMP_Text' already exists (Assets/Utility/Services/TimeFormat/Extensions/TMP_Text/TimeFormat.TMP_Text.asmdef)
Assembly with name 'TimeFormat' already exists (Assets/Utility/Scripts/TimeFormat/TimeFormat.asmdef)
Assembly with name 'TimeFormat' already exists (Assets/HotUpdate/Utility/Scripts/TimeFormat/TimeFormat.asmdef)
Assembly with name 'TimeFormat' already exists (Assets/Services/TimeFormat/TimeFormat.asmdef)
Assembly with name 'TimeFormat' already exists (Assets/HotUpdate/Utility/Scripts/TimeFormat/TimeFormat.asmdef)
Assembly with name 'TimeFormat.TMP_Text' already exists (Assets/Services/TimeFormat/Extensions/TMP_Text/TimeFormat.TMP_Text.asmdef)
Assembly with name 'TimeFormat.TMP_Text' already exists (Assets/Utility/Services/TimeFormat/Extensions/TMP_Text/TimeFormat.TMP_Text.asmdef)
Assembly with name 'Pooled.Tests' already exists (Assets/Utility/Scripts/Pooled/Editor/Tests/Pooled.Tests.asmdef)
Assembly with name 'Pooled.Tests' already exists (Assets/HotUpdate/Utility/Scripts/Pooled/Editor/Tests/Pooled.Tests.asmdef)
Assembly with name 'SystemTime' already exists (Assets/Services/Time/Time.asmdef)
Assembly with name 'SystemTime' already exists (Assets/Utility/Scripts/Time/Time.asmdef)
Assembly with name 'Pooled.Tests' already exists (Assets/Utility/Services/Pooled/Editor/Tests/Pooled.Tests.asmdef)
Assembly with name 'Pooled.Tests' already exists (Assets/HotUpdate/Utility/Scripts/Pooled/Editor/Tests/Pooled.Tests.asmdef)
Assembly with name 'Pooled.Editor' already exists (Assets/Utility/Scripts/Pooled/Editor/Pooled.Editor.asmdef)
Assembly with name 'Pooled.Editor' already exists (Assets/HotUpdate/Utility/Scripts/Pooled/Editor/Pooled.Editor.asmdef)
Assembly with name 'Pooled' already exists (Assets/Services/Pooled/Pooled.asmdef)
Assembly with name 'Pooled' already exists (Assets/Utility/Scripts/Pooled/Pooled.asmdef)
Assembly with name 'TimeFormat.Tests' already exists (Assets/Services/TimeFormat/Editor/Test/TimeFormat.Tests.asmdef)
Assembly with name 'TimeFormat.Tests' already exists (Assets/Utility/Scripts/TimeFormat/Editor/Test/TimeFormat.Tests.asmdef)
Assembly with name 'TimeFormat.Editor' already exists (Assets/Services/TimeFormat/Editor/TimeFormat.Editor.asmdef)
Assembly with name 'TimeFormat.Editor' already exists (Assets/HotUpdate/Utility/Scripts/TimeFormat/Editor/TimeFormat.Editor.asmdef)
Assembly with name 'TimeFormat.Tests' already exists (Assets/Utility/Services/TimeFormat/Editor/Test/TimeFormat.Tests.asmdef)
Assembly with name 'TimeFormat.Tests' already exists (Assets/Utility/Scripts/TimeFormat/Editor/Test/TimeFormat.Tests.asmdef)
Assembly with name 'TimeFormat.Editor' already exists (Assets/Utility/Scripts/TimeFormat/Editor/TimeFormat.Editor.asmdef)
Assembly with name 'TimeFormat.Editor' already exists (Assets/HotUpdate/Utility/Scripts/TimeFormat/Editor/TimeFormat.Editor.asmdef)
Assembly with name 'Pooled' already exists (Assets/HotUpdate/Utility/Scripts/Pooled/Pooled.asmdef)
Assembly with name 'Pooled' already exists (Assets/Utility/Scripts/Pooled/Pooled.asmdef)
Assembly with name 'Pooled.TMP_Text' already exists (Assets/Services/Pooled/Extensions/TMP_Text/Pooled.TMP_Text.asmdef)
Assembly with name 'Pooled.TMP_Text' already exists (Assets/HotUpdate/Utility/Scripts/Pooled/Extensions/TMP_Text/Pooled.TMP_Text.asmdef)
Assembly with name 'Pooled.TMP_Text' already exists (Assets/Utility/Scripts/Pooled/Extensions/TMP_Text/Pooled.TMP_Text.asmdef)
Assembly with name 'Pooled.TMP_Text' already exists (Assets/HotUpdate/Utility/Scripts/Pooled/Extensions/TMP_Text/Pooled.TMP_Text.asmdef)
Assembly with name 'SystemTime' already exists (Assets/HotUpdate/Utility/Scripts/Time/Time.asmdef)
Assembly with name 'SystemTime' already exists (Assets/Utility/Scripts/Time/Time.asmdef)
Assembly with name 'TimeFormat' already exists (Assets/Utility/Services/TimeFormat/TimeFormat.asmdef)
Assembly with name 'TimeFormat' already exists (Assets/HotUpdate/Utility/Scripts/TimeFormat/TimeFormat.asmdef)
Assembly with name 'TimeFormat.Tests' already exists (Assets/HotUpdate/Utility/Scripts/TimeFormat/Editor/Test/TimeFormat.Tests.asmdef)
Assembly with name 'TimeFormat.Tests' already exists (Assets/Utility/Scripts/TimeFormat/Editor/Test/TimeFormat.Tests.asmdef)
Mono: successfully reloaded assembly
- Finished resetting the current domain, in  0.759 seconds
Domain Reload Profiling: 1149ms
	BeginReloadAssembly (126ms)
		ExecutionOrderSort (0ms)
		DisableScriptedObjects (3ms)
		BackupInstance (0ms)
		ReleaseScriptingObjects (0ms)
		CreateAndSetChildDomain (31ms)
	RebuildCommonClasses (28ms)
	RebuildNativeTypeToScriptingClass (10ms)
	initialDomainReloadingComplete (24ms)
	LoadAllAssembliesAndSetupDomain (202ms)
		LoadAssemblies (250ms)
		RebuildTransferFunctionScriptingTraits (0ms)
		AnalyzeDomain (18ms)
			TypeCache.Refresh (8ms)
				TypeCache.ScanAssembly (1ms)
			ScanForSourceGeneratedMonoScriptInfo (5ms)
			ResolveRequiredComponents (3ms)
	FinalizeReload (759ms)
		ReleaseScriptCaches (0ms)
		RebuildScriptCaches (0ms)
		SetupLoadedEditorAssemblies (394ms)
			LogAssemblyErrors (0ms)
			InitializePlatformSupportModulesInManaged (52ms)
			SetLoadedEditorAssemblies (3ms)
			RefreshPlugins (0ms)
			BeforeProcessingInitializeOnLoad (88ms)
			ProcessInitializeOnLoadAttributes (231ms)
			ProcessInitializeOnLoadMethodAttributes (15ms)
			AfterProcessingInitializeOnLoad (5ms)
			EditorAssembliesLoaded (0ms)
		ExecutionOrderSort2 (0ms)
		AwakeInstancesAfterBackupRestoration (7ms)
Refreshing native plugins compatible for Editor in 2.52 ms, found 4 plugins.
Preloading 0 native plugins for Editor in 0.00 ms.
Unloading 4254 Unused Serialized files (Serialized files now loaded: 0)
Unloading 24 unused Assets / (33.7 KB). Loaded Objects now: 4789.
Memory consumption went from 151.9 MB to 151.8 MB.
Total: 2.368300 ms (FindLiveObjects: 0.205400 ms CreateObjectMapping: 0.105300 ms MarkObjects: 2.012800 ms  DeleteObjects: 0.043900 ms)

Prepare: number of updated asset objects reloaded= 0
AssetImportParameters requested are different than current active one (requested -> active):
  custom:scripting/monoscript/fileName/Pooled.cs: baad0cab28575340793c5f53e885a6c4 -> cc9dde24a210a09c81ccd567f812f7f5
  custom:container-demuxer-ogg: 62fdf1f143b41e24485cea50d1cbac27 -> 
  custom:scripting/monoscript/fileName/Pooled.TMP_Text.cs: a92ef4f9461d963a03ce3513e6feb2e9 -> 1771dab09d685ca888553b84cf88ad68
  custom:scripting/monoscript/fileName/DateFormat.cs: 5ee8ffb2f9a8c45cdb8729643aa539ae -> ed347d33eeb678b14e4abcfa67ee6414
  custom:video-codec-MediaFoundation-h265: 746d11721c4dcdbdad8f713fa42b33f4 -> 
  custom:video-decoder-ogg-theora: a1e56fd34408186e4bbccfd4996cb3dc -> 
  custom:scripting/monoscript/fileName/MapLongIntConverter.cs: cac9c0c36b85ebec03eed6b196c587f3 -> 198d1bce87a4c09dc3abda029a3119ab
  custom:scripting/precompiled-assembly-types:TimeFormat: 6d4a1e77502fe8961e9ef7de10638446 -> 57203823c46105faafc43ae197f6f4ca
  custom:scripting/monoscript/fileName/DateFormatTest.cs: 87f1e5d6f74d151f0e3b6c5aaac155e0 -> f2ceb48ff4b41406f6de9337dde229d4
  custom:framework-win-MediaFoundation: 216162199b28c13a410421893ffa2e32 -> 
  custom:scripting/monoscript/fileName/NewBehaviourScript.cs: 703cac14def72cad3b67b6c8fcdd650c -> 
  custom:scripting/monoscript/fileName/ConvertUtility.cs: b008f65e78f7bf89556fe97cb76fb4d3 -> 927bc4a982abdcaa84e56dfdb46b2cbb
  custom:scripting/precompiled-assembly-types:TimeFormat.TMP_Text: cd1c242309f2ac781468485f8860f302 -> 967252e62fb87db8773533e585e4c322
  custom:scripting/monoscript/fileName/Pooled.Collection.cs: 716086397f6fce3cf59561531ac052e5 -> 90647cc400823b41df847a6cbfc29026
  custom:scripting/monoscript/fileName/BitmapConverter.cs: bef8b0754ce803040d5a34241bac00a7 -> 12195687a10fb5a33146a377ab118aa6
  custom:scripting/monoscript/fileName/HashSetLongReverseConverter.cs: a7cbafa91cdd0e3708b092796562a868 -> 932d93a08099455ffa60234096f0bc2c
  custom:scripting/monoscript/fileName/PooledChars.cs: 33880515bd376b511b6adaad23c845ab -> 21fa764a5afa8b56c3e877b4892d83d0
  custom:scripting/precompiled-assembly-types:TimeFormat.Tests: 7a5bdcca3fd2fe5564c87584e6959e0f -> 17ab779a0d411127942b86927b2dc166
  custom:scripting/precompiled-assembly-types:Pooled.Editor: fa10dbda0f98c59fa57f342ce5b8db3d -> 64cdb4d0b09fde53e895bff1f3267621
  custom:scripting/monoscript/fileName/IConverterCollectorSystem.cs: 716086397f6fce3cf59561531ac052e5 -> 90647cc400823b41df847a6cbfc29026
  custom:scripting/monoscript/fileName/MonitoredObjectPoolMemoryWindow.cs: 59b16281f30e691a756f58cb5d9a8b60 -> ddc01cc66b15815883e46a79dbae273a
  custom:CustomObjectIndexerAttribute: 9a22284fe3817be447336de3de66b15e -> 
  custom:scripting/precompiled-assembly-types:Pooled.TMP_Text: 92558fb10d66941a554c40cb582c3db5 -> 3175b5d3dfbf646ba5fc016628a7a8b2
  custom:scripting/monoscript/fileName/HashSetIntConverter.cs: b5db394041c6646ac4fd66508f5786f4 -> 336b59b95aa86a855094c372f6281efc
  custom:scripting/monoscript/fileName/HashSetLongConverter.cs: a1cab3b4ffce114d592ca6c175a5f63d -> bffc50741551ba327e3defbf92ea631c
  custom:scripting/precompiled-assembly-types:Converter: 9c7eeca5229a3a42351e9ebcae44f77d -> ee394a20b19999bd51514d0170308fef
  custom:container-demuxer-webm: 4f35f7cbe854078d1ac9338744f61a02 -> 
  custom:scripting/monoscript/fileName/PooledStringBuilder.cs: 6043f7e32526ae7771d6c5e21572c929 -> 
  custom:scripting/monoscript/fileName/HashSetIntReverseConverter.cs: f04f195534430a1a5aa1033234bed4af -> 06c076a9053026cf8408e19462593778
  custom:scripting/monoscript/fileName/Pooled.Map.cs: 716086397f6fce3cf59561531ac052e5 -> 90647cc400823b41df847a6cbfc29026
  custom:scripting/precompiled-assembly-types:Pooled.Tests: 5bf323a3bc5ed9c432319119ab1c09db -> 0c2e9c09f1a2b2407f50a1f01f3ca010
  custom:scripting/monoscript/fileName/MapIntIntConverter.cs: 9620af3d9654ec97245971bd53d35ab6 -> 295a5843cb6d0fcae5fda9644abd3119
  custom:scripting/monoscript/fileName/RepeatedField.cs: 716086397f6fce3cf59561531ac052e5 -> 90647cc400823b41df847a6cbfc29026
  custom:scripting/monoscript/fileName/ListIntConverter.cs: 436b2b3f5ca930ff78d428c441ef8c8a -> ff3a1298932b804b0d15be3a4a8f007d
  custom:scripting/monoscript/fileName/MapIntBitReverseConverter.cs: e14fde3dcc64c3c0d176ccdd1d016eae -> 8b8bfcfc92e7150c7cab6194df938961
  custom:scripting/monoscript/fileName/ConverterCollector.cs: 23f82105a25a75216e658215522f0c07 -> 8f6297df34271fdb1ce2d9607ec6261d
  custom:container-muxer-webm: aa71ff27fc2769a1b78a27578f13a17b -> 
  custom:scripting/monoscript/fileName/ConverterCollectorSystem.cs: 716086397f6fce3cf59561531ac052e5 -> 90647cc400823b41df847a6cbfc29026
  custom:video-decoder-webm-vp8: 9c59270c3fd7afecdb556c50c9e8de78 -> 
  custom:scripting/monoscript/fileName/IConverter.cs: 23f82105a25a75216e658215522f0c07 -> 8f6297df34271fdb1ce2d9607ec6261d
  custom:scripting/monoscript/fileName/TimeFormat.TMP_Text.cs: 04b153d1e87700945c251cd57f0caf28 -> f6a319b78dfa7c00602caf474b9ca715
  custom:SearchIndexIgnoredProperties: e643bd26f0fe6173181afceb89e7c659 -> 
  custom:scripting/monoscript/fileName/BitmapTimingResetConverter.cs: 0a600efde2430e87d9d3b74fefe851b4 -> 16be4e68c9559384167314f33f2262ce
  custom:AudioImporter_EditorPlatform: d09bf68614088b80899f8185d706f6e7 -> 
  custom:scripting/monoscript/fileName/ConverterCollectorSystem.Config.cs: 716086397f6fce3cf59561531ac052e5 -> 90647cc400823b41df847a6cbfc29026
  custom:scripting/monoscript/fileName/SystemTime.cs: 0871270ccfddc6f47e3ac605866cf236 -> aebab7d5993158d333c473fe5ad2e983
  custom:scripting/monoscript/fileName/IConverterCollector.cs: 7204df85a06eb33c552568921744fc7f -> 0cdf409b5aa8d4c25876d72b5c6a3b60
  custom:scripting/monoscript/fileName/DateFormat.TMP_Text.cs: 121711a8ea84a13844106aa2e82a1cd2 -> cfa4ac74668713a9594e154b6b707e11
  custom:scripting/monoscript/fileName/MapIntBitConverter.cs: dce2875ca3c4cad9ab6f13f6a6965680 -> 79a8119290488a133b2d9f55c8d3a0d3
  custom:scripting/monoscript/fileName/DailyRedPointManager.cs: 513629b390c64237ae10fadc04fe33e2 -> 01ec27a3aa6e2eef520171695290b082
  custom:scripting/monoscript/fileName/CBitmap.cs: ec0fdd5ea2398b1b65c18ea095c42afb -> f8c1ae0cca981124d219ae3b6d8e6182
  custom:scripting/monoscript/fileName/PooledTest.cs: 28426ac1d0a0bad5d092e27ae3a87191 -> d0e5b41c51d29f0613407ea0dc9a2ae1
  custom:scripting/monoscript/fileName/BitmapReverseConverter.cs: 1fc067da77a3ccc221d0c0fe577e4e0f -> acc59c8855034e2bb91a751805bc12bb
  custom:scripting/monoscript/fileName/Launcher.cs: 494dc092cdf395111596a365c823c056 -> 5bb5cfe85734624b9dda7f37e40514f0
  custom:video-encoder-webm-vp8: eb34c28f22e8b96e1ab97ce403110664 -> 
  custom:audio-decoder-ogg-vorbis: bf7c407c2cedff20999df2af8eb42d56 -> 
  custom:scripting/monoscript/fileName/MonitoredObjectPool.cs: 07c2f06c1be72f5574a820b4727b45d6 -> 9182583f5d8b6c16ed73aee3a076a254
  custom:scripting/monoscript/fileName/MapLongBitConverter.cs: 43ce4e9aba0920885e00f67136ef7071 -> 328f00929818c8c69bb5b89f3bcc9604
  custom:scripting/monoscript/fileName/PooledBitArray.cs: 63242dbc45c4894086d10ce96dcd98d8 -> 
  custom:scripting/monoscript/fileName/MapIntLongConverter.cs: 31cf1c377d37f97e076e6bb7ba8ce6bd -> a2cdffcab0400670150cdf9d6f279bf8
  custom:scripting/precompiled-assembly-types:SystemTime: a9afdb8eba24b40bf6e6d2e0d79e8e29 -> de93446e31aab50ce934d7feaa3d7a7d
  custom:scripting/monoscript/fileName/MapLongBitReverseConverter.cs: 3a3a53b77999da0e1aba4b8aa6a2efb1 -> 1d61913e53bfc7ab7acf8ae1d97259f0
  custom:scripting/monoscript/fileName/ListLongConverter.cs: 8035177bb4988529bdf021b5674f63f7 -> 067d4451cabf17e3cfccb1cb88d8f36b
  custom:scripting/monoscript/fileName/TimeFormatTest.cs: 93a42fa151a026f2dc7824ac0622d2a5 -> f90ae55604080c97eefe0555e4b0ad3c
  custom:audio-encoder-webm-vorbis: bf7c407c2cedff20999df2af8eb42d56 -> 
  custom:scripting/monoscript/fileName/TimeFormat.cs: 9204fd782b26c55826382465702b381a -> 3d1d90addaffbea026682521871bf1e2
  custom:scripting/precompiled-assembly-types:Pooled: 90ae12e970b0a4c25cdd11d8926c1a55 -> 6162124d200d88ea66aabea2add4abf0
  custom:scripting/precompiled-assembly-types:Assembly-CSharp: e71c5728c966a47a55e1666dd729ba6f -> ca302b85ac7cb5dde54815037db7f469
  custom:scripting/monoscript/fileName/MapLongLongConverter.cs: 5e2c827038738a02120b98610ada1a79 -> b43590451b2c3721d1491012e5c4185c
========================================================================
Received Import Request.
  Time since last request: 3.900093 seconds.
  path: Assets/HotUpdate/Scripts/Launcher.cs
  artifactKey: Guid(99e21c27bbb8a4448b53db6fe42955ee) Importer(815301076,1909f56bfc062723c751e8b465ee728b)
Start importing Assets/HotUpdate/Scripts/Launcher.cs using Guid(99e21c27bbb8a4448b53db6fe42955ee) Importer(815301076,1909f56bfc062723c751e8b465ee728b) [PhysX] Initialized MultithreadedTaskDispatcher with 20 workers.
 -> (artifact id: '34552203a7632e3f2532c9d8144e6996') in 0.001618 seconds
Number of updated asset objects reloaded before import = 0
Number of asset objects unloaded after import = 0
========================================================================
Received Import Request.
  Time since last request: 12.570136 seconds.
  path: Assets/HotUpdate/HotUpdate.asmdef
  artifactKey: Guid(d0c41103e50cb444e96ebb92f2610482) Importer(815301076,1909f56bfc062723c751e8b465ee728b)
Start importing Assets/HotUpdate/HotUpdate.asmdef using Guid(d0c41103e50cb444e96ebb92f2610482) Importer(815301076,1909f56bfc062723c751e8b465ee728b) [PhysX] Initialized MultithreadedTaskDispatcher with 20 workers.
 -> (artifact id: 'dbc1dbf53ec2e36b08e8360edb5ed49d') in 0.000609 seconds
Number of updated asset objects reloaded before import = 0
Number of asset objects unloaded after import = 0
========================================================================
Received Prepare
Assembly with name 'Converter' already exists (Assets/Utility/Scripts/Converter/Converter.asmdef)
Assembly with name 'Converter' already exists (Assets/HotUpdate/Utility/Scripts/Converter/Converter.asmdef)
Assembly with name 'Pooled.Editor' already exists (Assets/Utility/Services/Pooled/Editor/Pooled.Editor.asmdef)
Assembly with name 'Pooled.Editor' already exists (Assets/HotUpdate/Utility/Scripts/Pooled/Editor/Pooled.Editor.asmdef)
Assembly with name 'Pooled.Editor' already exists (Assets/Services/Pooled/Editor/Pooled.Editor.asmdef)
Assembly with name 'Pooled.Editor' already exists (Assets/HotUpdate/Utility/Scripts/Pooled/Editor/Pooled.Editor.asmdef)
Assembly with name 'Pooled.TMP_Text' already exists (Assets/Utility/Services/Pooled/Extensions/TMP_Text/Pooled.TMP_Text.asmdef)
Assembly with name 'Pooled.TMP_Text' already exists (Assets/HotUpdate/Utility/Scripts/Pooled/Extensions/TMP_Text/Pooled.TMP_Text.asmdef)
Assembly with name 'Pooled.Tests' already exists (Assets/Services/Pooled/Editor/Tests/Pooled.Tests.asmdef)
Assembly with name 'Pooled.Tests' already exists (Assets/HotUpdate/Utility/Scripts/Pooled/Editor/Tests/Pooled.Tests.asmdef)
Assembly with name 'TimeFormat.TMP_Text' already exists (Assets/HotUpdate/Utility/Scripts/TimeFormat/Extensions/TMP_Text/TimeFormat.TMP_Text.asmdef)
Assembly with name 'TimeFormat.TMP_Text' already exists (Assets/Utility/Services/TimeFormat/Extensions/TMP_Text/TimeFormat.TMP_Text.asmdef)
Assembly with name 'Converter' already exists (Assets/Utility/Services/Converter/Converter.asmdef)
Assembly with name 'Converter' already exists (Assets/HotUpdate/Utility/Scripts/Converter/Converter.asmdef)
Assembly with name 'Converter' already exists (Assets/Services/Converter/Converter.asmdef)
Assembly with name 'Converter' already exists (Assets/HotUpdate/Utility/Scripts/Converter/Converter.asmdef)
Assembly with name 'Pooled' already exists (Assets/Utility/Services/Pooled/Pooled.asmdef)
Assembly with name 'Pooled' already exists (Assets/Utility/Scripts/Pooled/Pooled.asmdef)
Assembly with name 'SystemTime' already exists (Assets/Utility/Services/Time/Time.asmdef)
Assembly with name 'SystemTime' already exists (Assets/Utility/Scripts/Time/Time.asmdef)
Assembly with name 'TimeFormat.Editor' already exists (Assets/Utility/Services/TimeFormat/Editor/TimeFormat.Editor.asmdef)
Assembly with name 'TimeFormat.Editor' already exists (Assets/HotUpdate/Utility/Scripts/TimeFormat/Editor/TimeFormat.Editor.asmdef)
Assembly with name 'TimeFormat.TMP_Text' already exists (Assets/Utility/Scripts/TimeFormat/Extensions/TMP_Text/TimeFormat.TMP_Text.asmdef)
Assembly with name 'TimeFormat.TMP_Text' already exists (Assets/Utility/Services/TimeFormat/Extensions/TMP_Text/TimeFormat.TMP_Text.asmdef)
Assembly with name 'TimeFormat' already exists (Assets/Utility/Scripts/TimeFormat/TimeFormat.asmdef)
Assembly with name 'TimeFormat' already exists (Assets/HotUpdate/Utility/Scripts/TimeFormat/TimeFormat.asmdef)
Assembly with name 'TimeFormat' already exists (Assets/Services/TimeFormat/TimeFormat.asmdef)
Assembly with name 'TimeFormat' already exists (Assets/HotUpdate/Utility/Scripts/TimeFormat/TimeFormat.asmdef)
Assembly with name 'TimeFormat.TMP_Text' already exists (Assets/Services/TimeFormat/Extensions/TMP_Text/TimeFormat.TMP_Text.asmdef)
Assembly with name 'TimeFormat.TMP_Text' already exists (Assets/Utility/Services/TimeFormat/Extensions/TMP_Text/TimeFormat.TMP_Text.asmdef)
Assembly with name 'Pooled.Tests' already exists (Assets/Utility/Scripts/Pooled/Editor/Tests/Pooled.Tests.asmdef)
Assembly with name 'Pooled.Tests' already exists (Assets/HotUpdate/Utility/Scripts/Pooled/Editor/Tests/Pooled.Tests.asmdef)
Assembly with name 'SystemTime' already exists (Assets/Services/Time/Time.asmdef)
Assembly with name 'SystemTime' already exists (Assets/Utility/Scripts/Time/Time.asmdef)
Assembly with name 'Pooled.Tests' already exists (Assets/Utility/Services/Pooled/Editor/Tests/Pooled.Tests.asmdef)
Assembly with name 'Pooled.Tests' already exists (Assets/HotUpdate/Utility/Scripts/Pooled/Editor/Tests/Pooled.Tests.asmdef)
Assembly with name 'Pooled.Editor' already exists (Assets/Utility/Scripts/Pooled/Editor/Pooled.Editor.asmdef)
Assembly with name 'Pooled.Editor' already exists (Assets/HotUpdate/Utility/Scripts/Pooled/Editor/Pooled.Editor.asmdef)
Assembly with name 'Pooled' already exists (Assets/Services/Pooled/Pooled.asmdef)
Assembly with name 'Pooled' already exists (Assets/Utility/Scripts/Pooled/Pooled.asmdef)
Assembly with name 'TimeFormat.Tests' already exists (Assets/Services/TimeFormat/Editor/Test/TimeFormat.Tests.asmdef)
Assembly with name 'TimeFormat.Tests' already exists (Assets/Utility/Scripts/TimeFormat/Editor/Test/TimeFormat.Tests.asmdef)
Assembly with name 'TimeFormat.Editor' already exists (Assets/Services/TimeFormat/Editor/TimeFormat.Editor.asmdef)
Assembly with name 'TimeFormat.Editor' already exists (Assets/HotUpdate/Utility/Scripts/TimeFormat/Editor/TimeFormat.Editor.asmdef)
Assembly with name 'TimeFormat.Tests' already exists (Assets/Utility/Services/TimeFormat/Editor/Test/TimeFormat.Tests.asmdef)
Assembly with name 'TimeFormat.Tests' already exists (Assets/Utility/Scripts/TimeFormat/Editor/Test/TimeFormat.Tests.asmdef)
Assembly with name 'TimeFormat.Editor' already exists (Assets/Utility/Scripts/TimeFormat/Editor/TimeFormat.Editor.asmdef)
Assembly with name 'TimeFormat.Editor' already exists (Assets/HotUpdate/Utility/Scripts/TimeFormat/Editor/TimeFormat.Editor.asmdef)
Assembly with name 'Pooled' already exists (Assets/HotUpdate/Utility/Scripts/Pooled/Pooled.asmdef)
Assembly with name 'Pooled' already exists (Assets/Utility/Scripts/Pooled/Pooled.asmdef)
Assembly with name 'Pooled.TMP_Text' already exists (Assets/Services/Pooled/Extensions/TMP_Text/Pooled.TMP_Text.asmdef)
Assembly with name 'Pooled.TMP_Text' already exists (Assets/HotUpdate/Utility/Scripts/Pooled/Extensions/TMP_Text/Pooled.TMP_Text.asmdef)
Assembly with name 'Pooled.TMP_Text' already exists (Assets/Utility/Scripts/Pooled/Extensions/TMP_Text/Pooled.TMP_Text.asmdef)
Assembly with name 'Pooled.TMP_Text' already exists (Assets/HotUpdate/Utility/Scripts/Pooled/Extensions/TMP_Text/Pooled.TMP_Text.asmdef)
Assembly with name 'SystemTime' already exists (Assets/HotUpdate/Utility/Scripts/Time/Time.asmdef)
Assembly with name 'SystemTime' already exists (Assets/Utility/Scripts/Time/Time.asmdef)
Assembly with name 'TimeFormat' already exists (Assets/Utility/Services/TimeFormat/TimeFormat.asmdef)
Assembly with name 'TimeFormat' already exists (Assets/HotUpdate/Utility/Scripts/TimeFormat/TimeFormat.asmdef)
Assembly with name 'TimeFormat.Tests' already exists (Assets/HotUpdate/Utility/Scripts/TimeFormat/Editor/Test/TimeFormat.Tests.asmdef)
Assembly with name 'TimeFormat.Tests' already exists (Assets/Utility/Scripts/TimeFormat/Editor/Test/TimeFormat.Tests.asmdef)
Caller must complete domain reload
Assembly with name 'Converter' already exists (Assets/Utility/Scripts/Converter/Converter.asmdef)
Assembly with name 'Converter' already exists (Assets/HotUpdate/Utility/Scripts/Converter/Converter.asmdef)
Assembly with name 'Pooled.Editor' already exists (Assets/Utility/Services/Pooled/Editor/Pooled.Editor.asmdef)
Assembly with name 'Pooled.Editor' already exists (Assets/HotUpdate/Utility/Scripts/Pooled/Editor/Pooled.Editor.asmdef)
Assembly with name 'Pooled.Editor' already exists (Assets/Services/Pooled/Editor/Pooled.Editor.asmdef)
Assembly with name 'Pooled.Editor' already exists (Assets/HotUpdate/Utility/Scripts/Pooled/Editor/Pooled.Editor.asmdef)
Assembly with name 'Pooled.TMP_Text' already exists (Assets/Utility/Services/Pooled/Extensions/TMP_Text/Pooled.TMP_Text.asmdef)
Assembly with name 'Pooled.TMP_Text' already exists (Assets/HotUpdate/Utility/Scripts/Pooled/Extensions/TMP_Text/Pooled.TMP_Text.asmdef)
Assembly with name 'Pooled.Tests' already exists (Assets/Services/Pooled/Editor/Tests/Pooled.Tests.asmdef)
Assembly with name 'Pooled.Tests' already exists (Assets/HotUpdate/Utility/Scripts/Pooled/Editor/Tests/Pooled.Tests.asmdef)
Assembly with name 'TimeFormat.TMP_Text' already exists (Assets/HotUpdate/Utility/Scripts/TimeFormat/Extensions/TMP_Text/TimeFormat.TMP_Text.asmdef)
Assembly with name 'TimeFormat.TMP_Text' already exists (Assets/Utility/Services/TimeFormat/Extensions/TMP_Text/TimeFormat.TMP_Text.asmdef)
Assembly with name 'Converter' already exists (Assets/Utility/Services/Converter/Converter.asmdef)
Assembly with name 'Converter' already exists (Assets/HotUpdate/Utility/Scripts/Converter/Converter.asmdef)
Assembly with name 'Converter' already exists (Assets/Services/Converter/Converter.asmdef)
Assembly with name 'Converter' already exists (Assets/HotUpdate/Utility/Scripts/Converter/Converter.asmdef)
Assembly with name 'Pooled' already exists (Assets/Utility/Services/Pooled/Pooled.asmdef)
Assembly with name 'Pooled' already exists (Assets/Utility/Scripts/Pooled/Pooled.asmdef)
Assembly with name 'SystemTime' already exists (Assets/Utility/Services/Time/Time.asmdef)
Assembly with name 'SystemTime' already exists (Assets/Utility/Scripts/Time/Time.asmdef)
Assembly with name 'TimeFormat.Editor' already exists (Assets/Utility/Services/TimeFormat/Editor/TimeFormat.Editor.asmdef)
Assembly with name 'TimeFormat.Editor' already exists (Assets/HotUpdate/Utility/Scripts/TimeFormat/Editor/TimeFormat.Editor.asmdef)
Assembly with name 'TimeFormat.TMP_Text' already exists (Assets/Utility/Scripts/TimeFormat/Extensions/TMP_Text/TimeFormat.TMP_Text.asmdef)
Assembly with name 'TimeFormat.TMP_Text' already exists (Assets/Utility/Services/TimeFormat/Extensions/TMP_Text/TimeFormat.TMP_Text.asmdef)
Assembly with name 'TimeFormat' already exists (Assets/Utility/Scripts/TimeFormat/TimeFormat.asmdef)
Assembly with name 'TimeFormat' already exists (Assets/HotUpdate/Utility/Scripts/TimeFormat/TimeFormat.asmdef)
Assembly with name 'TimeFormat' already exists (Assets/Services/TimeFormat/TimeFormat.asmdef)
Assembly with name 'TimeFormat' already exists (Assets/HotUpdate/Utility/Scripts/TimeFormat/TimeFormat.asmdef)
Assembly with name 'TimeFormat.TMP_Text' already exists (Assets/Services/TimeFormat/Extensions/TMP_Text/TimeFormat.TMP_Text.asmdef)
Assembly with name 'TimeFormat.TMP_Text' already exists (Assets/Utility/Services/TimeFormat/Extensions/TMP_Text/TimeFormat.TMP_Text.asmdef)
Assembly with name 'Pooled.Tests' already exists (Assets/Utility/Scripts/Pooled/Editor/Tests/Pooled.Tests.asmdef)
Assembly with name 'Pooled.Tests' already exists (Assets/HotUpdate/Utility/Scripts/Pooled/Editor/Tests/Pooled.Tests.asmdef)
Assembly with name 'SystemTime' already exists (Assets/Services/Time/Time.asmdef)
Assembly with name 'SystemTime' already exists (Assets/Utility/Scripts/Time/Time.asmdef)
Assembly with name 'Pooled.Tests' already exists (Assets/Utility/Services/Pooled/Editor/Tests/Pooled.Tests.asmdef)
Assembly with name 'Pooled.Tests' already exists (Assets/HotUpdate/Utility/Scripts/Pooled/Editor/Tests/Pooled.Tests.asmdef)
Assembly with name 'Pooled.Editor' already exists (Assets/Utility/Scripts/Pooled/Editor/Pooled.Editor.asmdef)
Assembly with name 'Pooled.Editor' already exists (Assets/HotUpdate/Utility/Scripts/Pooled/Editor/Pooled.Editor.asmdef)
Assembly with name 'Pooled' already exists (Assets/Services/Pooled/Pooled.asmdef)
Assembly with name 'Pooled' already exists (Assets/Utility/Scripts/Pooled/Pooled.asmdef)
Assembly with name 'TimeFormat.Tests' already exists (Assets/Services/TimeFormat/Editor/Test/TimeFormat.Tests.asmdef)
Assembly with name 'TimeFormat.Tests' already exists (Assets/Utility/Scripts/TimeFormat/Editor/Test/TimeFormat.Tests.asmdef)
Assembly with name 'TimeFormat.Editor' already exists (Assets/Services/TimeFormat/Editor/TimeFormat.Editor.asmdef)
Assembly with name 'TimeFormat.Editor' already exists (Assets/HotUpdate/Utility/Scripts/TimeFormat/Editor/TimeFormat.Editor.asmdef)
Assembly with name 'TimeFormat.Tests' already exists (Assets/Utility/Services/TimeFormat/Editor/Test/TimeFormat.Tests.asmdef)
Assembly with name 'TimeFormat.Tests' already exists (Assets/Utility/Scripts/TimeFormat/Editor/Test/TimeFormat.Tests.asmdef)
Assembly with name 'TimeFormat.Editor' already exists (Assets/Utility/Scripts/TimeFormat/Editor/TimeFormat.Editor.asmdef)
Assembly with name 'TimeFormat.Editor' already exists (Assets/HotUpdate/Utility/Scripts/TimeFormat/Editor/TimeFormat.Editor.asmdef)
Assembly with name 'Pooled' already exists (Assets/HotUpdate/Utility/Scripts/Pooled/Pooled.asmdef)
Assembly with name 'Pooled' already exists (Assets/Utility/Scripts/Pooled/Pooled.asmdef)
Assembly with name 'Pooled.TMP_Text' already exists (Assets/Services/Pooled/Extensions/TMP_Text/Pooled.TMP_Text.asmdef)
Assembly with name 'Pooled.TMP_Text' already exists (Assets/HotUpdate/Utility/Scripts/Pooled/Extensions/TMP_Text/Pooled.TMP_Text.asmdef)
Assembly with name 'Pooled.TMP_Text' already exists (Assets/Utility/Scripts/Pooled/Extensions/TMP_Text/Pooled.TMP_Text.asmdef)
Assembly with name 'Pooled.TMP_Text' already exists (Assets/HotUpdate/Utility/Scripts/Pooled/Extensions/TMP_Text/Pooled.TMP_Text.asmdef)
Assembly with name 'SystemTime' already exists (Assets/HotUpdate/Utility/Scripts/Time/Time.asmdef)
Assembly with name 'SystemTime' already exists (Assets/Utility/Scripts/Time/Time.asmdef)
Assembly with name 'TimeFormat' already exists (Assets/Utility/Services/TimeFormat/TimeFormat.asmdef)
Assembly with name 'TimeFormat' already exists (Assets/HotUpdate/Utility/Scripts/TimeFormat/TimeFormat.asmdef)
Assembly with name 'TimeFormat.Tests' already exists (Assets/HotUpdate/Utility/Scripts/TimeFormat/Editor/Test/TimeFormat.Tests.asmdef)
Assembly with name 'TimeFormat.Tests' already exists (Assets/Utility/Scripts/TimeFormat/Editor/Test/TimeFormat.Tests.asmdef)
Begin MonoManager ReloadAssembly
- Loaded All Assemblies, in  0.350 seconds
Native extension for WindowsStandalone target not found
Native extension for iOS target not found
Native extension for Android target not found
Assembly with name 'Converter' already exists (Assets/Utility/Scripts/Converter/Converter.asmdef)
Assembly with name 'Converter' already exists (Assets/HotUpdate/Utility/Scripts/Converter/Converter.asmdef)
Assembly with name 'Pooled.Editor' already exists (Assets/Utility/Services/Pooled/Editor/Pooled.Editor.asmdef)
Assembly with name 'Pooled.Editor' already exists (Assets/HotUpdate/Utility/Scripts/Pooled/Editor/Pooled.Editor.asmdef)
Assembly with name 'Pooled.Editor' already exists (Assets/Services/Pooled/Editor/Pooled.Editor.asmdef)
Assembly with name 'Pooled.Editor' already exists (Assets/HotUpdate/Utility/Scripts/Pooled/Editor/Pooled.Editor.asmdef)
Assembly with name 'Pooled.TMP_Text' already exists (Assets/Utility/Services/Pooled/Extensions/TMP_Text/Pooled.TMP_Text.asmdef)
Assembly with name 'Pooled.TMP_Text' already exists (Assets/HotUpdate/Utility/Scripts/Pooled/Extensions/TMP_Text/Pooled.TMP_Text.asmdef)
Assembly with name 'Pooled.Tests' already exists (Assets/Services/Pooled/Editor/Tests/Pooled.Tests.asmdef)
Assembly with name 'Pooled.Tests' already exists (Assets/HotUpdate/Utility/Scripts/Pooled/Editor/Tests/Pooled.Tests.asmdef)
Assembly with name 'TimeFormat.TMP_Text' already exists (Assets/HotUpdate/Utility/Scripts/TimeFormat/Extensions/TMP_Text/TimeFormat.TMP_Text.asmdef)
Assembly with name 'TimeFormat.TMP_Text' already exists (Assets/Utility/Services/TimeFormat/Extensions/TMP_Text/TimeFormat.TMP_Text.asmdef)
Assembly with name 'Converter' already exists (Assets/Utility/Services/Converter/Converter.asmdef)
Assembly with name 'Converter' already exists (Assets/HotUpdate/Utility/Scripts/Converter/Converter.asmdef)
Assembly with name 'Converter' already exists (Assets/Services/Converter/Converter.asmdef)
Assembly with name 'Converter' already exists (Assets/HotUpdate/Utility/Scripts/Converter/Converter.asmdef)
Assembly with name 'Pooled' already exists (Assets/Utility/Services/Pooled/Pooled.asmdef)
Assembly with name 'Pooled' already exists (Assets/Utility/Scripts/Pooled/Pooled.asmdef)
Assembly with name 'SystemTime' already exists (Assets/Utility/Services/Time/Time.asmdef)
Assembly with name 'SystemTime' already exists (Assets/Utility/Scripts/Time/Time.asmdef)
Assembly with name 'TimeFormat.Editor' already exists (Assets/Utility/Services/TimeFormat/Editor/TimeFormat.Editor.asmdef)
Assembly with name 'TimeFormat.Editor' already exists (Assets/HotUpdate/Utility/Scripts/TimeFormat/Editor/TimeFormat.Editor.asmdef)
Assembly with name 'TimeFormat.TMP_Text' already exists (Assets/Utility/Scripts/TimeFormat/Extensions/TMP_Text/TimeFormat.TMP_Text.asmdef)
Assembly with name 'TimeFormat.TMP_Text' already exists (Assets/Utility/Services/TimeFormat/Extensions/TMP_Text/TimeFormat.TMP_Text.asmdef)
Assembly with name 'TimeFormat' already exists (Assets/Utility/Scripts/TimeFormat/TimeFormat.asmdef)
Assembly with name 'TimeFormat' already exists (Assets/HotUpdate/Utility/Scripts/TimeFormat/TimeFormat.asmdef)
Assembly with name 'TimeFormat' already exists (Assets/Services/TimeFormat/TimeFormat.asmdef)
Assembly with name 'TimeFormat' already exists (Assets/HotUpdate/Utility/Scripts/TimeFormat/TimeFormat.asmdef)
Assembly with name 'TimeFormat.TMP_Text' already exists (Assets/Services/TimeFormat/Extensions/TMP_Text/TimeFormat.TMP_Text.asmdef)
Assembly with name 'TimeFormat.TMP_Text' already exists (Assets/Utility/Services/TimeFormat/Extensions/TMP_Text/TimeFormat.TMP_Text.asmdef)
Assembly with name 'Pooled.Tests' already exists (Assets/Utility/Scripts/Pooled/Editor/Tests/Pooled.Tests.asmdef)
Assembly with name 'Pooled.Tests' already exists (Assets/HotUpdate/Utility/Scripts/Pooled/Editor/Tests/Pooled.Tests.asmdef)
Assembly with name 'SystemTime' already exists (Assets/Services/Time/Time.asmdef)
Assembly with name 'SystemTime' already exists (Assets/Utility/Scripts/Time/Time.asmdef)
Assembly with name 'Pooled.Tests' already exists (Assets/Utility/Services/Pooled/Editor/Tests/Pooled.Tests.asmdef)
Assembly with name 'Pooled.Tests' already exists (Assets/HotUpdate/Utility/Scripts/Pooled/Editor/Tests/Pooled.Tests.asmdef)
Assembly with name 'Pooled.Editor' already exists (Assets/Utility/Scripts/Pooled/Editor/Pooled.Editor.asmdef)
Assembly with name 'Pooled.Editor' already exists (Assets/HotUpdate/Utility/Scripts/Pooled/Editor/Pooled.Editor.asmdef)
Assembly with name 'Pooled' already exists (Assets/Services/Pooled/Pooled.asmdef)
Assembly with name 'Pooled' already exists (Assets/Utility/Scripts/Pooled/Pooled.asmdef)
Assembly with name 'TimeFormat.Tests' already exists (Assets/Services/TimeFormat/Editor/Test/TimeFormat.Tests.asmdef)
Assembly with name 'TimeFormat.Tests' already exists (Assets/Utility/Scripts/TimeFormat/Editor/Test/TimeFormat.Tests.asmdef)
Assembly with name 'TimeFormat.Editor' already exists (Assets/Services/TimeFormat/Editor/TimeFormat.Editor.asmdef)
Assembly with name 'TimeFormat.Editor' already exists (Assets/HotUpdate/Utility/Scripts/TimeFormat/Editor/TimeFormat.Editor.asmdef)
Assembly with name 'TimeFormat.Tests' already exists (Assets/Utility/Services/TimeFormat/Editor/Test/TimeFormat.Tests.asmdef)
Assembly with name 'TimeFormat.Tests' already exists (Assets/Utility/Scripts/TimeFormat/Editor/Test/TimeFormat.Tests.asmdef)
Assembly with name 'TimeFormat.Editor' already exists (Assets/Utility/Scripts/TimeFormat/Editor/TimeFormat.Editor.asmdef)
Assembly with name 'TimeFormat.Editor' already exists (Assets/HotUpdate/Utility/Scripts/TimeFormat/Editor/TimeFormat.Editor.asmdef)
Assembly with name 'Pooled' already exists (Assets/HotUpdate/Utility/Scripts/Pooled/Pooled.asmdef)
Assembly with name 'Pooled' already exists (Assets/Utility/Scripts/Pooled/Pooled.asmdef)
Assembly with name 'Pooled.TMP_Text' already exists (Assets/Services/Pooled/Extensions/TMP_Text/Pooled.TMP_Text.asmdef)
Assembly with name 'Pooled.TMP_Text' already exists (Assets/HotUpdate/Utility/Scripts/Pooled/Extensions/TMP_Text/Pooled.TMP_Text.asmdef)
Assembly with name 'Pooled.TMP_Text' already exists (Assets/Utility/Scripts/Pooled/Extensions/TMP_Text/Pooled.TMP_Text.asmdef)
Assembly with name 'Pooled.TMP_Text' already exists (Assets/HotUpdate/Utility/Scripts/Pooled/Extensions/TMP_Text/Pooled.TMP_Text.asmdef)
Assembly with name 'SystemTime' already exists (Assets/HotUpdate/Utility/Scripts/Time/Time.asmdef)
Assembly with name 'SystemTime' already exists (Assets/Utility/Scripts/Time/Time.asmdef)
Assembly with name 'TimeFormat' already exists (Assets/Utility/Services/TimeFormat/TimeFormat.asmdef)
Assembly with name 'TimeFormat' already exists (Assets/HotUpdate/Utility/Scripts/TimeFormat/TimeFormat.asmdef)
Assembly with name 'TimeFormat.Tests' already exists (Assets/HotUpdate/Utility/Scripts/TimeFormat/Editor/Test/TimeFormat.Tests.asmdef)
Assembly with name 'TimeFormat.Tests' already exists (Assets/Utility/Scripts/TimeFormat/Editor/Test/TimeFormat.Tests.asmdef)
Mono: successfully reloaded assembly
- Finished resetting the current domain, in  0.661 seconds
Domain Reload Profiling: 1010ms
	BeginReloadAssembly (113ms)
		ExecutionOrderSort (0ms)
		DisableScriptedObjects (4ms)
		BackupInstance (0ms)
		ReleaseScriptingObjects (0ms)
		CreateAndSetChildDomain (23ms)
	RebuildCommonClasses (27ms)
	RebuildNativeTypeToScriptingClass (7ms)
	initialDomainReloadingComplete (25ms)
	LoadAllAssembliesAndSetupDomain (176ms)
		LoadAssemblies (214ms)
		RebuildTransferFunctionScriptingTraits (0ms)
		AnalyzeDomain (23ms)
			TypeCache.Refresh (9ms)
				TypeCache.ScanAssembly (1ms)
			ScanForSourceGeneratedMonoScriptInfo (7ms)
			ResolveRequiredComponents (5ms)
	FinalizeReload (661ms)
		ReleaseScriptCaches (0ms)
		RebuildScriptCaches (0ms)
		SetupLoadedEditorAssemblies (371ms)
			LogAssemblyErrors (0ms)
			InitializePlatformSupportModulesInManaged (21ms)
			SetLoadedEditorAssemblies (4ms)
			RefreshPlugins (0ms)
			BeforeProcessingInitializeOnLoad (116ms)
			ProcessInitializeOnLoadAttributes (210ms)
			ProcessInitializeOnLoadMethodAttributes (16ms)
			AfterProcessingInitializeOnLoad (4ms)
			EditorAssembliesLoaded (0ms)
		ExecutionOrderSort2 (0ms)
		AwakeInstancesAfterBackupRestoration (6ms)
Refreshing native plugins compatible for Editor in 1.90 ms, found 4 plugins.
Preloading 0 native plugins for Editor in 0.00 ms.
Unloading 4254 Unused Serialized files (Serialized files now loaded: 0)
Unloading 24 unused Assets / (33.6 KB). Loaded Objects now: 4793.
Memory consumption went from 151.9 MB to 151.8 MB.
Total: 2.561200 ms (FindLiveObjects: 0.186200 ms CreateObjectMapping: 0.091600 ms MarkObjects: 2.236600 ms  DeleteObjects: 0.044500 ms)

Prepare: number of updated asset objects reloaded= 0
AssetImportParameters requested are different than current active one (requested -> active):
  custom:scripting/monoscript/fileName/Pooled.cs: baad0cab28575340793c5f53e885a6c4 -> cc9dde24a210a09c81ccd567f812f7f5
  custom:container-demuxer-ogg: 62fdf1f143b41e24485cea50d1cbac27 -> 
  custom:scripting/monoscript/fileName/Pooled.TMP_Text.cs: a92ef4f9461d963a03ce3513e6feb2e9 -> 1771dab09d685ca888553b84cf88ad68
  custom:scripting/monoscript/fileName/DateFormat.cs: 5ee8ffb2f9a8c45cdb8729643aa539ae -> ed347d33eeb678b14e4abcfa67ee6414
  custom:video-codec-MediaFoundation-h265: 746d11721c4dcdbdad8f713fa42b33f4 -> 
  custom:video-decoder-ogg-theora: a1e56fd34408186e4bbccfd4996cb3dc -> 
  custom:scripting/monoscript/fileName/MapLongIntConverter.cs: cac9c0c36b85ebec03eed6b196c587f3 -> 198d1bce87a4c09dc3abda029a3119ab
  custom:scripting/precompiled-assembly-types:TimeFormat: 6d4a1e77502fe8961e9ef7de10638446 -> 57203823c46105faafc43ae197f6f4ca
  custom:scripting/monoscript/fileName/DateFormatTest.cs: 87f1e5d6f74d151f0e3b6c5aaac155e0 -> f2ceb48ff4b41406f6de9337dde229d4
  custom:framework-win-MediaFoundation: 216162199b28c13a410421893ffa2e32 -> 
  custom:scripting/monoscript/fileName/NewBehaviourScript.cs: 703cac14def72cad3b67b6c8fcdd650c -> 
  custom:scripting/monoscript/fileName/ConvertUtility.cs: b008f65e78f7bf89556fe97cb76fb4d3 -> 927bc4a982abdcaa84e56dfdb46b2cbb
  custom:scripting/precompiled-assembly-types:TimeFormat.TMP_Text: cd1c242309f2ac781468485f8860f302 -> 967252e62fb87db8773533e585e4c322
  custom:scripting/monoscript/fileName/Pooled.Collection.cs: 716086397f6fce3cf59561531ac052e5 -> 90647cc400823b41df847a6cbfc29026
  custom:scripting/monoscript/fileName/BitmapConverter.cs: bef8b0754ce803040d5a34241bac00a7 -> 12195687a10fb5a33146a377ab118aa6
  custom:scripting/monoscript/fileName/HashSetLongReverseConverter.cs: a7cbafa91cdd0e3708b092796562a868 -> 932d93a08099455ffa60234096f0bc2c
  custom:scripting/monoscript/fileName/PooledChars.cs: 33880515bd376b511b6adaad23c845ab -> 21fa764a5afa8b56c3e877b4892d83d0
  custom:scripting/precompiled-assembly-types:TimeFormat.Tests: 7a5bdcca3fd2fe5564c87584e6959e0f -> 17ab779a0d411127942b86927b2dc166
  custom:scripting/precompiled-assembly-types:Pooled.Editor: fa10dbda0f98c59fa57f342ce5b8db3d -> 64cdb4d0b09fde53e895bff1f3267621
  custom:scripting/monoscript/fileName/IConverterCollectorSystem.cs: 716086397f6fce3cf59561531ac052e5 -> 90647cc400823b41df847a6cbfc29026
  custom:scripting/monoscript/fileName/MonitoredObjectPoolMemoryWindow.cs: 59b16281f30e691a756f58cb5d9a8b60 -> ddc01cc66b15815883e46a79dbae273a
  custom:CustomObjectIndexerAttribute: 9a22284fe3817be447336de3de66b15e -> 
  custom:scripting/precompiled-assembly-types:Pooled.TMP_Text: 92558fb10d66941a554c40cb582c3db5 -> 3175b5d3dfbf646ba5fc016628a7a8b2
  custom:scripting/monoscript/fileName/HashSetIntConverter.cs: b5db394041c6646ac4fd66508f5786f4 -> 336b59b95aa86a855094c372f6281efc
  custom:scripting/monoscript/fileName/HashSetLongConverter.cs: a1cab3b4ffce114d592ca6c175a5f63d -> bffc50741551ba327e3defbf92ea631c
  custom:scripting/precompiled-assembly-types:Converter: 9c7eeca5229a3a42351e9ebcae44f77d -> ee394a20b19999bd51514d0170308fef
  custom:container-demuxer-webm: 4f35f7cbe854078d1ac9338744f61a02 -> 
  custom:scripting/monoscript/fileName/PooledStringBuilder.cs: 6043f7e32526ae7771d6c5e21572c929 -> 
  custom:scripting/monoscript/fileName/HashSetIntReverseConverter.cs: f04f195534430a1a5aa1033234bed4af -> 06c076a9053026cf8408e19462593778
  custom:scripting/monoscript/fileName/Pooled.Map.cs: 716086397f6fce3cf59561531ac052e5 -> 90647cc400823b41df847a6cbfc29026
  custom:scripting/precompiled-assembly-types:Pooled.Tests: 5bf323a3bc5ed9c432319119ab1c09db -> 0c2e9c09f1a2b2407f50a1f01f3ca010
  custom:scripting/monoscript/fileName/MapIntIntConverter.cs: 9620af3d9654ec97245971bd53d35ab6 -> 295a5843cb6d0fcae5fda9644abd3119
  custom:scripting/monoscript/fileName/RepeatedField.cs: 716086397f6fce3cf59561531ac052e5 -> 90647cc400823b41df847a6cbfc29026
  custom:scripting/monoscript/fileName/ListIntConverter.cs: 436b2b3f5ca930ff78d428c441ef8c8a -> ff3a1298932b804b0d15be3a4a8f007d
  custom:scripting/monoscript/fileName/MapIntBitReverseConverter.cs: e14fde3dcc64c3c0d176ccdd1d016eae -> 8b8bfcfc92e7150c7cab6194df938961
  custom:scripting/monoscript/fileName/ConverterCollector.cs: 23f82105a25a75216e658215522f0c07 -> 8f6297df34271fdb1ce2d9607ec6261d
  custom:container-muxer-webm: aa71ff27fc2769a1b78a27578f13a17b -> 
  custom:scripting/monoscript/fileName/ConverterCollectorSystem.cs: 716086397f6fce3cf59561531ac052e5 -> 90647cc400823b41df847a6cbfc29026
  custom:video-decoder-webm-vp8: 9c59270c3fd7afecdb556c50c9e8de78 -> 
  custom:scripting/monoscript/fileName/IConverter.cs: 23f82105a25a75216e658215522f0c07 -> 8f6297df34271fdb1ce2d9607ec6261d
  custom:scripting/monoscript/fileName/TimeFormat.TMP_Text.cs: 04b153d1e87700945c251cd57f0caf28 -> f6a319b78dfa7c00602caf474b9ca715
  custom:SearchIndexIgnoredProperties: e643bd26f0fe6173181afceb89e7c659 -> 
  custom:scripting/monoscript/fileName/BitmapTimingResetConverter.cs: 0a600efde2430e87d9d3b74fefe851b4 -> 16be4e68c9559384167314f33f2262ce
  custom:AudioImporter_EditorPlatform: d09bf68614088b80899f8185d706f6e7 -> 
  custom:scripting/monoscript/fileName/ConverterCollectorSystem.Config.cs: 716086397f6fce3cf59561531ac052e5 -> 90647cc400823b41df847a6cbfc29026
  custom:scripting/monoscript/fileName/SystemTime.cs: 0871270ccfddc6f47e3ac605866cf236 -> aebab7d5993158d333c473fe5ad2e983
  custom:scripting/monoscript/fileName/IConverterCollector.cs: 7204df85a06eb33c552568921744fc7f -> 0cdf409b5aa8d4c25876d72b5c6a3b60
  custom:scripting/monoscript/fileName/DateFormat.TMP_Text.cs: 121711a8ea84a13844106aa2e82a1cd2 -> cfa4ac74668713a9594e154b6b707e11
  custom:scripting/monoscript/fileName/MapIntBitConverter.cs: dce2875ca3c4cad9ab6f13f6a6965680 -> 79a8119290488a133b2d9f55c8d3a0d3
  custom:scripting/monoscript/fileName/DailyRedPointManager.cs: 513629b390c64237ae10fadc04fe33e2 -> 01ec27a3aa6e2eef520171695290b082
  custom:scripting/monoscript/fileName/CBitmap.cs: ec0fdd5ea2398b1b65c18ea095c42afb -> f8c1ae0cca981124d219ae3b6d8e6182
  custom:scripting/monoscript/fileName/PooledTest.cs: 28426ac1d0a0bad5d092e27ae3a87191 -> d0e5b41c51d29f0613407ea0dc9a2ae1
  custom:scripting/monoscript/fileName/BitmapReverseConverter.cs: 1fc067da77a3ccc221d0c0fe577e4e0f -> acc59c8855034e2bb91a751805bc12bb
  custom:scripting/monoscript/fileName/Launcher.cs: 1e695f35fe23675f681e38020957b0b6 -> 5bb5cfe85734624b9dda7f37e40514f0
  custom:video-encoder-webm-vp8: eb34c28f22e8b96e1ab97ce403110664 -> 
  custom:audio-decoder-ogg-vorbis: bf7c407c2cedff20999df2af8eb42d56 -> 
  custom:scripting/monoscript/fileName/MonitoredObjectPool.cs: 07c2f06c1be72f5574a820b4727b45d6 -> 9182583f5d8b6c16ed73aee3a076a254
  custom:scripting/monoscript/fileName/MapLongBitConverter.cs: 43ce4e9aba0920885e00f67136ef7071 -> 328f00929818c8c69bb5b89f3bcc9604
  custom:scripting/monoscript/fileName/PooledBitArray.cs: 63242dbc45c4894086d10ce96dcd98d8 -> 
  custom:scripting/monoscript/fileName/MapIntLongConverter.cs: 31cf1c377d37f97e076e6bb7ba8ce6bd -> a2cdffcab0400670150cdf9d6f279bf8
  custom:scripting/precompiled-assembly-types:SystemTime: a9afdb8eba24b40bf6e6d2e0d79e8e29 -> de93446e31aab50ce934d7feaa3d7a7d
  custom:scripting/monoscript/fileName/MapLongBitReverseConverter.cs: 3a3a53b77999da0e1aba4b8aa6a2efb1 -> 1d61913e53bfc7ab7acf8ae1d97259f0
  custom:scripting/monoscript/fileName/ListLongConverter.cs: 8035177bb4988529bdf021b5674f63f7 -> 067d4451cabf17e3cfccb1cb88d8f36b
  custom:scripting/precompiled-assembly-types:HotUpdate: 1b7b48076f9d16b835f30e942539a416 -> 
  custom:scripting/monoscript/fileName/TimeFormatTest.cs: 93a42fa151a026f2dc7824ac0622d2a5 -> f90ae55604080c97eefe0555e4b0ad3c
  custom:audio-encoder-webm-vorbis: bf7c407c2cedff20999df2af8eb42d56 -> 
  custom:scripting/monoscript/fileName/TimeFormat.cs: 9204fd782b26c55826382465702b381a -> 3d1d90addaffbea026682521871bf1e2
  custom:scripting/precompiled-assembly-types:Pooled: 90ae12e970b0a4c25cdd11d8926c1a55 -> 6162124d200d88ea66aabea2add4abf0
  custom:scripting/monoscript/fileName/MapLongLongConverter.cs: 5e2c827038738a02120b98610ada1a79 -> b43590451b2c3721d1491012e5c4185c
========================================================================
Received Prepare
Assembly with name 'Converter' already exists (Assets/Utility/Scripts/Converter/Converter.asmdef)
Assembly with name 'Converter' already exists (Assets/HotUpdate/Utility/Scripts/Converter/Converter.asmdef)
Assembly with name 'Pooled.Editor' already exists (Assets/Utility/Services/Pooled/Editor/Pooled.Editor.asmdef)
Assembly with name 'Pooled.Editor' already exists (Assets/HotUpdate/Utility/Scripts/Pooled/Editor/Pooled.Editor.asmdef)
Assembly with name 'Pooled.Editor' already exists (Assets/Services/Pooled/Editor/Pooled.Editor.asmdef)
Assembly with name 'Pooled.Editor' already exists (Assets/HotUpdate/Utility/Scripts/Pooled/Editor/Pooled.Editor.asmdef)
Assembly with name 'Pooled.TMP_Text' already exists (Assets/Utility/Services/Pooled/Extensions/TMP_Text/Pooled.TMP_Text.asmdef)
Assembly with name 'Pooled.TMP_Text' already exists (Assets/HotUpdate/Utility/Scripts/Pooled/Extensions/TMP_Text/Pooled.TMP_Text.asmdef)
Assembly with name 'Pooled.Tests' already exists (Assets/Services/Pooled/Editor/Tests/Pooled.Tests.asmdef)
Assembly with name 'Pooled.Tests' already exists (Assets/HotUpdate/Utility/Scripts/Pooled/Editor/Tests/Pooled.Tests.asmdef)
Assembly with name 'TimeFormat.TMP_Text' already exists (Assets/HotUpdate/Utility/Scripts/TimeFormat/Extensions/TMP_Text/TimeFormat.TMP_Text.asmdef)
Assembly with name 'TimeFormat.TMP_Text' already exists (Assets/Utility/Services/TimeFormat/Extensions/TMP_Text/TimeFormat.TMP_Text.asmdef)
Assembly with name 'Converter' already exists (Assets/Utility/Services/Converter/Converter.asmdef)
Assembly with name 'Converter' already exists (Assets/HotUpdate/Utility/Scripts/Converter/Converter.asmdef)
Assembly with name 'Converter' already exists (Assets/Services/Converter/Converter.asmdef)
Assembly with name 'Converter' already exists (Assets/HotUpdate/Utility/Scripts/Converter/Converter.asmdef)
Assembly with name 'Pooled' already exists (Assets/Utility/Services/Pooled/Pooled.asmdef)
Assembly with name 'Pooled' already exists (Assets/Utility/Scripts/Pooled/Pooled.asmdef)
Assembly with name 'SystemTime' already exists (Assets/Utility/Services/Time/Time.asmdef)
Assembly with name 'SystemTime' already exists (Assets/Utility/Scripts/Time/Time.asmdef)
Assembly with name 'TimeFormat.Editor' already exists (Assets/Utility/Services/TimeFormat/Editor/TimeFormat.Editor.asmdef)
Assembly with name 'TimeFormat.Editor' already exists (Assets/HotUpdate/Utility/Scripts/TimeFormat/Editor/TimeFormat.Editor.asmdef)
Assembly with name 'TimeFormat.TMP_Text' already exists (Assets/Utility/Scripts/TimeFormat/Extensions/TMP_Text/TimeFormat.TMP_Text.asmdef)
Assembly with name 'TimeFormat.TMP_Text' already exists (Assets/Utility/Services/TimeFormat/Extensions/TMP_Text/TimeFormat.TMP_Text.asmdef)
Assembly with name 'TimeFormat' already exists (Assets/Utility/Scripts/TimeFormat/TimeFormat.asmdef)
Assembly with name 'TimeFormat' already exists (Assets/HotUpdate/Utility/Scripts/TimeFormat/TimeFormat.asmdef)
Assembly with name 'TimeFormat' already exists (Assets/Services/TimeFormat/TimeFormat.asmdef)
Assembly with name 'TimeFormat' already exists (Assets/HotUpdate/Utility/Scripts/TimeFormat/TimeFormat.asmdef)
Assembly with name 'TimeFormat.TMP_Text' already exists (Assets/Services/TimeFormat/Extensions/TMP_Text/TimeFormat.TMP_Text.asmdef)
Assembly with name 'TimeFormat.TMP_Text' already exists (Assets/Utility/Services/TimeFormat/Extensions/TMP_Text/TimeFormat.TMP_Text.asmdef)
Assembly with name 'Pooled.Tests' already exists (Assets/Utility/Scripts/Pooled/Editor/Tests/Pooled.Tests.asmdef)
Assembly with name 'Pooled.Tests' already exists (Assets/HotUpdate/Utility/Scripts/Pooled/Editor/Tests/Pooled.Tests.asmdef)
Assembly with name 'SystemTime' already exists (Assets/Services/Time/Time.asmdef)
Assembly with name 'SystemTime' already exists (Assets/Utility/Scripts/Time/Time.asmdef)
Assembly with name 'Pooled.Tests' already exists (Assets/Utility/Services/Pooled/Editor/Tests/Pooled.Tests.asmdef)
Assembly with name 'Pooled.Tests' already exists (Assets/HotUpdate/Utility/Scripts/Pooled/Editor/Tests/Pooled.Tests.asmdef)
Assembly with name 'Pooled.Editor' already exists (Assets/Utility/Scripts/Pooled/Editor/Pooled.Editor.asmdef)
Assembly with name 'Pooled.Editor' already exists (Assets/HotUpdate/Utility/Scripts/Pooled/Editor/Pooled.Editor.asmdef)
Assembly with name 'Pooled' already exists (Assets/Services/Pooled/Pooled.asmdef)
Assembly with name 'Pooled' already exists (Assets/Utility/Scripts/Pooled/Pooled.asmdef)
Assembly with name 'TimeFormat.Tests' already exists (Assets/Services/TimeFormat/Editor/Test/TimeFormat.Tests.asmdef)
Assembly with name 'TimeFormat.Tests' already exists (Assets/Utility/Scripts/TimeFormat/Editor/Test/TimeFormat.Tests.asmdef)
Assembly with name 'TimeFormat.Editor' already exists (Assets/Services/TimeFormat/Editor/TimeFormat.Editor.asmdef)
Assembly with name 'TimeFormat.Editor' already exists (Assets/HotUpdate/Utility/Scripts/TimeFormat/Editor/TimeFormat.Editor.asmdef)
Assembly with name 'TimeFormat.Tests' already exists (Assets/Utility/Services/TimeFormat/Editor/Test/TimeFormat.Tests.asmdef)
Assembly with name 'TimeFormat.Tests' already exists (Assets/Utility/Scripts/TimeFormat/Editor/Test/TimeFormat.Tests.asmdef)
Assembly with name 'TimeFormat.Editor' already exists (Assets/Utility/Scripts/TimeFormat/Editor/TimeFormat.Editor.asmdef)
Assembly with name 'TimeFormat.Editor' already exists (Assets/HotUpdate/Utility/Scripts/TimeFormat/Editor/TimeFormat.Editor.asmdef)
Assembly with name 'Pooled' already exists (Assets/HotUpdate/Utility/Scripts/Pooled/Pooled.asmdef)
Assembly with name 'Pooled' already exists (Assets/Utility/Scripts/Pooled/Pooled.asmdef)
Assembly with name 'Pooled.TMP_Text' already exists (Assets/Services/Pooled/Extensions/TMP_Text/Pooled.TMP_Text.asmdef)
Assembly with name 'Pooled.TMP_Text' already exists (Assets/HotUpdate/Utility/Scripts/Pooled/Extensions/TMP_Text/Pooled.TMP_Text.asmdef)
Assembly with name 'Pooled.TMP_Text' already exists (Assets/Utility/Scripts/Pooled/Extensions/TMP_Text/Pooled.TMP_Text.asmdef)
Assembly with name 'Pooled.TMP_Text' already exists (Assets/HotUpdate/Utility/Scripts/Pooled/Extensions/TMP_Text/Pooled.TMP_Text.asmdef)
Assembly with name 'SystemTime' already exists (Assets/HotUpdate/Utility/Scripts/Time/Time.asmdef)
Assembly with name 'SystemTime' already exists (Assets/Utility/Scripts/Time/Time.asmdef)
Assembly with name 'TimeFormat' already exists (Assets/Utility/Services/TimeFormat/TimeFormat.asmdef)
Assembly with name 'TimeFormat' already exists (Assets/HotUpdate/Utility/Scripts/TimeFormat/TimeFormat.asmdef)
Assembly with name 'TimeFormat.Tests' already exists (Assets/HotUpdate/Utility/Scripts/TimeFormat/Editor/Test/TimeFormat.Tests.asmdef)
Assembly with name 'TimeFormat.Tests' already exists (Assets/Utility/Scripts/TimeFormat/Editor/Test/TimeFormat.Tests.asmdef)
Caller must complete domain reload
Assembly with name 'Converter' already exists (Assets/Utility/Scripts/Converter/Converter.asmdef)
Assembly with name 'Converter' already exists (Assets/HotUpdate/Utility/Scripts/Converter/Converter.asmdef)
Assembly with name 'Pooled.Editor' already exists (Assets/Utility/Services/Pooled/Editor/Pooled.Editor.asmdef)
Assembly with name 'Pooled.Editor' already exists (Assets/HotUpdate/Utility/Scripts/Pooled/Editor/Pooled.Editor.asmdef)
Assembly with name 'Pooled.Editor' already exists (Assets/Services/Pooled/Editor/Pooled.Editor.asmdef)
Assembly with name 'Pooled.Editor' already exists (Assets/HotUpdate/Utility/Scripts/Pooled/Editor/Pooled.Editor.asmdef)
Assembly with name 'Pooled.TMP_Text' already exists (Assets/Utility/Services/Pooled/Extensions/TMP_Text/Pooled.TMP_Text.asmdef)
Assembly with name 'Pooled.TMP_Text' already exists (Assets/HotUpdate/Utility/Scripts/Pooled/Extensions/TMP_Text/Pooled.TMP_Text.asmdef)
Assembly with name 'Pooled.Tests' already exists (Assets/Services/Pooled/Editor/Tests/Pooled.Tests.asmdef)
Assembly with name 'Pooled.Tests' already exists (Assets/HotUpdate/Utility/Scripts/Pooled/Editor/Tests/Pooled.Tests.asmdef)
Assembly with name 'TimeFormat.TMP_Text' already exists (Assets/HotUpdate/Utility/Scripts/TimeFormat/Extensions/TMP_Text/TimeFormat.TMP_Text.asmdef)
Assembly with name 'TimeFormat.TMP_Text' already exists (Assets/Utility/Services/TimeFormat/Extensions/TMP_Text/TimeFormat.TMP_Text.asmdef)
Assembly with name 'Converter' already exists (Assets/Utility/Services/Converter/Converter.asmdef)
Assembly with name 'Converter' already exists (Assets/HotUpdate/Utility/Scripts/Converter/Converter.asmdef)
Assembly with name 'Converter' already exists (Assets/Services/Converter/Converter.asmdef)
Assembly with name 'Converter' already exists (Assets/HotUpdate/Utility/Scripts/Converter/Converter.asmdef)
Assembly with name 'Pooled' already exists (Assets/Utility/Services/Pooled/Pooled.asmdef)
Assembly with name 'Pooled' already exists (Assets/Utility/Scripts/Pooled/Pooled.asmdef)
Assembly with name 'SystemTime' already exists (Assets/Utility/Services/Time/Time.asmdef)
Assembly with name 'SystemTime' already exists (Assets/Utility/Scripts/Time/Time.asmdef)
Assembly with name 'TimeFormat.Editor' already exists (Assets/Utility/Services/TimeFormat/Editor/TimeFormat.Editor.asmdef)
Assembly with name 'TimeFormat.Editor' already exists (Assets/HotUpdate/Utility/Scripts/TimeFormat/Editor/TimeFormat.Editor.asmdef)
Assembly with name 'TimeFormat.TMP_Text' already exists (Assets/Utility/Scripts/TimeFormat/Extensions/TMP_Text/TimeFormat.TMP_Text.asmdef)
Assembly with name 'TimeFormat.TMP_Text' already exists (Assets/Utility/Services/TimeFormat/Extensions/TMP_Text/TimeFormat.TMP_Text.asmdef)
Assembly with name 'TimeFormat' already exists (Assets/Utility/Scripts/TimeFormat/TimeFormat.asmdef)
Assembly with name 'TimeFormat' already exists (Assets/HotUpdate/Utility/Scripts/TimeFormat/TimeFormat.asmdef)
Assembly with name 'TimeFormat' already exists (Assets/Services/TimeFormat/TimeFormat.asmdef)
Assembly with name 'TimeFormat' already exists (Assets/HotUpdate/Utility/Scripts/TimeFormat/TimeFormat.asmdef)
Assembly with name 'TimeFormat.TMP_Text' already exists (Assets/Services/TimeFormat/Extensions/TMP_Text/TimeFormat.TMP_Text.asmdef)
Assembly with name 'TimeFormat.TMP_Text' already exists (Assets/Utility/Services/TimeFormat/Extensions/TMP_Text/TimeFormat.TMP_Text.asmdef)
Assembly with name 'Pooled.Tests' already exists (Assets/Utility/Scripts/Pooled/Editor/Tests/Pooled.Tests.asmdef)
Assembly with name 'Pooled.Tests' already exists (Assets/HotUpdate/Utility/Scripts/Pooled/Editor/Tests/Pooled.Tests.asmdef)
Assembly with name 'SystemTime' already exists (Assets/Services/Time/Time.asmdef)
Assembly with name 'SystemTime' already exists (Assets/Utility/Scripts/Time/Time.asmdef)
Assembly with name 'Pooled.Tests' already exists (Assets/Utility/Services/Pooled/Editor/Tests/Pooled.Tests.asmdef)
Assembly with name 'Pooled.Tests' already exists (Assets/HotUpdate/Utility/Scripts/Pooled/Editor/Tests/Pooled.Tests.asmdef)
Assembly with name 'Pooled.Editor' already exists (Assets/Utility/Scripts/Pooled/Editor/Pooled.Editor.asmdef)
Assembly with name 'Pooled.Editor' already exists (Assets/HotUpdate/Utility/Scripts/Pooled/Editor/Pooled.Editor.asmdef)
Assembly with name 'Pooled' already exists (Assets/Services/Pooled/Pooled.asmdef)
Assembly with name 'Pooled' already exists (Assets/Utility/Scripts/Pooled/Pooled.asmdef)
Assembly with name 'TimeFormat.Tests' already exists (Assets/Services/TimeFormat/Editor/Test/TimeFormat.Tests.asmdef)
Assembly with name 'TimeFormat.Tests' already exists (Assets/Utility/Scripts/TimeFormat/Editor/Test/TimeFormat.Tests.asmdef)
Assembly with name 'TimeFormat.Editor' already exists (Assets/Services/TimeFormat/Editor/TimeFormat.Editor.asmdef)
Assembly with name 'TimeFormat.Editor' already exists (Assets/HotUpdate/Utility/Scripts/TimeFormat/Editor/TimeFormat.Editor.asmdef)
Assembly with name 'TimeFormat.Tests' already exists (Assets/Utility/Services/TimeFormat/Editor/Test/TimeFormat.Tests.asmdef)
Assembly with name 'TimeFormat.Tests' already exists (Assets/Utility/Scripts/TimeFormat/Editor/Test/TimeFormat.Tests.asmdef)
Assembly with name 'TimeFormat.Editor' already exists (Assets/Utility/Scripts/TimeFormat/Editor/TimeFormat.Editor.asmdef)
Assembly with name 'TimeFormat.Editor' already exists (Assets/HotUpdate/Utility/Scripts/TimeFormat/Editor/TimeFormat.Editor.asmdef)
Assembly with name 'Pooled' already exists (Assets/HotUpdate/Utility/Scripts/Pooled/Pooled.asmdef)
Assembly with name 'Pooled' already exists (Assets/Utility/Scripts/Pooled/Pooled.asmdef)
Assembly with name 'Pooled.TMP_Text' already exists (Assets/Services/Pooled/Extensions/TMP_Text/Pooled.TMP_Text.asmdef)
Assembly with name 'Pooled.TMP_Text' already exists (Assets/HotUpdate/Utility/Scripts/Pooled/Extensions/TMP_Text/Pooled.TMP_Text.asmdef)
Assembly with name 'Pooled.TMP_Text' already exists (Assets/Utility/Scripts/Pooled/Extensions/TMP_Text/Pooled.TMP_Text.asmdef)
Assembly with name 'Pooled.TMP_Text' already exists (Assets/HotUpdate/Utility/Scripts/Pooled/Extensions/TMP_Text/Pooled.TMP_Text.asmdef)
Assembly with name 'SystemTime' already exists (Assets/HotUpdate/Utility/Scripts/Time/Time.asmdef)
Assembly with name 'SystemTime' already exists (Assets/Utility/Scripts/Time/Time.asmdef)
Assembly with name 'TimeFormat' already exists (Assets/Utility/Services/TimeFormat/TimeFormat.asmdef)
Assembly with name 'TimeFormat' already exists (Assets/HotUpdate/Utility/Scripts/TimeFormat/TimeFormat.asmdef)
Assembly with name 'TimeFormat.Tests' already exists (Assets/HotUpdate/Utility/Scripts/TimeFormat/Editor/Test/TimeFormat.Tests.asmdef)
Assembly with name 'TimeFormat.Tests' already exists (Assets/Utility/Scripts/TimeFormat/Editor/Test/TimeFormat.Tests.asmdef)
Begin MonoManager ReloadAssembly
- Loaded All Assemblies, in  0.359 seconds
Native extension for WindowsStandalone target not found
Native extension for iOS target not found
Native extension for Android target not found
Assembly with name 'Converter' already exists (Assets/Utility/Scripts/Converter/Converter.asmdef)
Assembly with name 'Converter' already exists (Assets/HotUpdate/Utility/Scripts/Converter/Converter.asmdef)
Assembly with name 'Pooled.Editor' already exists (Assets/Utility/Services/Pooled/Editor/Pooled.Editor.asmdef)
Assembly with name 'Pooled.Editor' already exists (Assets/HotUpdate/Utility/Scripts/Pooled/Editor/Pooled.Editor.asmdef)
Assembly with name 'Pooled.Editor' already exists (Assets/Services/Pooled/Editor/Pooled.Editor.asmdef)
Assembly with name 'Pooled.Editor' already exists (Assets/HotUpdate/Utility/Scripts/Pooled/Editor/Pooled.Editor.asmdef)
Assembly with name 'Pooled.TMP_Text' already exists (Assets/Utility/Services/Pooled/Extensions/TMP_Text/Pooled.TMP_Text.asmdef)
Assembly with name 'Pooled.TMP_Text' already exists (Assets/HotUpdate/Utility/Scripts/Pooled/Extensions/TMP_Text/Pooled.TMP_Text.asmdef)
Assembly with name 'Pooled.Tests' already exists (Assets/Services/Pooled/Editor/Tests/Pooled.Tests.asmdef)
Assembly with name 'Pooled.Tests' already exists (Assets/HotUpdate/Utility/Scripts/Pooled/Editor/Tests/Pooled.Tests.asmdef)
Assembly with name 'TimeFormat.TMP_Text' already exists (Assets/HotUpdate/Utility/Scripts/TimeFormat/Extensions/TMP_Text/TimeFormat.TMP_Text.asmdef)
Assembly with name 'TimeFormat.TMP_Text' already exists (Assets/Utility/Services/TimeFormat/Extensions/TMP_Text/TimeFormat.TMP_Text.asmdef)
Assembly with name 'Converter' already exists (Assets/Utility/Services/Converter/Converter.asmdef)
Assembly with name 'Converter' already exists (Assets/HotUpdate/Utility/Scripts/Converter/Converter.asmdef)
Assembly with name 'Converter' already exists (Assets/Services/Converter/Converter.asmdef)
Assembly with name 'Converter' already exists (Assets/HotUpdate/Utility/Scripts/Converter/Converter.asmdef)
Assembly with name 'Pooled' already exists (Assets/Utility/Services/Pooled/Pooled.asmdef)
Assembly with name 'Pooled' already exists (Assets/Utility/Scripts/Pooled/Pooled.asmdef)
Assembly with name 'SystemTime' already exists (Assets/Utility/Services/Time/Time.asmdef)
Assembly with name 'SystemTime' already exists (Assets/Utility/Scripts/Time/Time.asmdef)
Assembly with name 'TimeFormat.Editor' already exists (Assets/Utility/Services/TimeFormat/Editor/TimeFormat.Editor.asmdef)
Assembly with name 'TimeFormat.Editor' already exists (Assets/HotUpdate/Utility/Scripts/TimeFormat/Editor/TimeFormat.Editor.asmdef)
Assembly with name 'TimeFormat.TMP_Text' already exists (Assets/Utility/Scripts/TimeFormat/Extensions/TMP_Text/TimeFormat.TMP_Text.asmdef)
Assembly with name 'TimeFormat.TMP_Text' already exists (Assets/Utility/Services/TimeFormat/Extensions/TMP_Text/TimeFormat.TMP_Text.asmdef)
Assembly with name 'TimeFormat' already exists (Assets/Utility/Scripts/TimeFormat/TimeFormat.asmdef)
Assembly with name 'TimeFormat' already exists (Assets/HotUpdate/Utility/Scripts/TimeFormat/TimeFormat.asmdef)
Assembly with name 'TimeFormat' already exists (Assets/Services/TimeFormat/TimeFormat.asmdef)
Assembly with name 'TimeFormat' already exists (Assets/HotUpdate/Utility/Scripts/TimeFormat/TimeFormat.asmdef)
Assembly with name 'TimeFormat.TMP_Text' already exists (Assets/Services/TimeFormat/Extensions/TMP_Text/TimeFormat.TMP_Text.asmdef)
Assembly with name 'TimeFormat.TMP_Text' already exists (Assets/Utility/Services/TimeFormat/Extensions/TMP_Text/TimeFormat.TMP_Text.asmdef)
Assembly with name 'Pooled.Tests' already exists (Assets/Utility/Scripts/Pooled/Editor/Tests/Pooled.Tests.asmdef)
Assembly with name 'Pooled.Tests' already exists (Assets/HotUpdate/Utility/Scripts/Pooled/Editor/Tests/Pooled.Tests.asmdef)
Assembly with name 'SystemTime' already exists (Assets/Services/Time/Time.asmdef)
Assembly with name 'SystemTime' already exists (Assets/Utility/Scripts/Time/Time.asmdef)
Assembly with name 'Pooled.Tests' already exists (Assets/Utility/Services/Pooled/Editor/Tests/Pooled.Tests.asmdef)
Assembly with name 'Pooled.Tests' already exists (Assets/HotUpdate/Utility/Scripts/Pooled/Editor/Tests/Pooled.Tests.asmdef)
Assembly with name 'Pooled.Editor' already exists (Assets/Utility/Scripts/Pooled/Editor/Pooled.Editor.asmdef)
Assembly with name 'Pooled.Editor' already exists (Assets/HotUpdate/Utility/Scripts/Pooled/Editor/Pooled.Editor.asmdef)
Assembly with name 'Pooled' already exists (Assets/Services/Pooled/Pooled.asmdef)
Assembly with name 'Pooled' already exists (Assets/Utility/Scripts/Pooled/Pooled.asmdef)
Assembly with name 'TimeFormat.Tests' already exists (Assets/Services/TimeFormat/Editor/Test/TimeFormat.Tests.asmdef)
Assembly with name 'TimeFormat.Tests' already exists (Assets/Utility/Scripts/TimeFormat/Editor/Test/TimeFormat.Tests.asmdef)
Assembly with name 'TimeFormat.Editor' already exists (Assets/Services/TimeFormat/Editor/TimeFormat.Editor.asmdef)
Assembly with name 'TimeFormat.Editor' already exists (Assets/HotUpdate/Utility/Scripts/TimeFormat/Editor/TimeFormat.Editor.asmdef)
Assembly with name 'TimeFormat.Tests' already exists (Assets/Utility/Services/TimeFormat/Editor/Test/TimeFormat.Tests.asmdef)
Assembly with name 'TimeFormat.Tests' already exists (Assets/Utility/Scripts/TimeFormat/Editor/Test/TimeFormat.Tests.asmdef)
Assembly with name 'TimeFormat.Editor' already exists (Assets/Utility/Scripts/TimeFormat/Editor/TimeFormat.Editor.asmdef)
Assembly with name 'TimeFormat.Editor' already exists (Assets/HotUpdate/Utility/Scripts/TimeFormat/Editor/TimeFormat.Editor.asmdef)
Assembly with name 'Pooled' already exists (Assets/HotUpdate/Utility/Scripts/Pooled/Pooled.asmdef)
Assembly with name 'Pooled' already exists (Assets/Utility/Scripts/Pooled/Pooled.asmdef)
Assembly with name 'Pooled.TMP_Text' already exists (Assets/Services/Pooled/Extensions/TMP_Text/Pooled.TMP_Text.asmdef)
Assembly with name 'Pooled.TMP_Text' already exists (Assets/HotUpdate/Utility/Scripts/Pooled/Extensions/TMP_Text/Pooled.TMP_Text.asmdef)
Assembly with name 'Pooled.TMP_Text' already exists (Assets/Utility/Scripts/Pooled/Extensions/TMP_Text/Pooled.TMP_Text.asmdef)
Assembly with name 'Pooled.TMP_Text' already exists (Assets/HotUpdate/Utility/Scripts/Pooled/Extensions/TMP_Text/Pooled.TMP_Text.asmdef)
Assembly with name 'SystemTime' already exists (Assets/HotUpdate/Utility/Scripts/Time/Time.asmdef)
Assembly with name 'SystemTime' already exists (Assets/Utility/Scripts/Time/Time.asmdef)
Assembly with name 'TimeFormat' already exists (Assets/Utility/Services/TimeFormat/TimeFormat.asmdef)
Assembly with name 'TimeFormat' already exists (Assets/HotUpdate/Utility/Scripts/TimeFormat/TimeFormat.asmdef)
Assembly with name 'TimeFormat.Tests' already exists (Assets/HotUpdate/Utility/Scripts/TimeFormat/Editor/Test/TimeFormat.Tests.asmdef)
Assembly with name 'TimeFormat.Tests' already exists (Assets/Utility/Scripts/TimeFormat/Editor/Test/TimeFormat.Tests.asmdef)
Mono: successfully reloaded assembly
- Finished resetting the current domain, in  0.682 seconds
Domain Reload Profiling: 1039ms
	BeginReloadAssembly (119ms)
		ExecutionOrderSort (0ms)
		DisableScriptedObjects (4ms)
		BackupInstance (0ms)
		ReleaseScriptingObjects (0ms)
		CreateAndSetChildDomain (26ms)
	RebuildCommonClasses (25ms)
	RebuildNativeTypeToScriptingClass (8ms)
	initialDomainReloadingComplete (20ms)
	LoadAllAssembliesAndSetupDomain (186ms)
		LoadAssemblies (225ms)
		RebuildTransferFunctionScriptingTraits (0ms)
		AnalyzeDomain (25ms)
			TypeCache.Refresh (13ms)
				TypeCache.ScanAssembly (1ms)
			ScanForSourceGeneratedMonoScriptInfo (8ms)
			ResolveRequiredComponents (3ms)
	FinalizeReload (682ms)
		ReleaseScriptCaches (0ms)
		RebuildScriptCaches (0ms)
		SetupLoadedEditorAssemblies (326ms)
			LogAssemblyErrors (0ms)
			InitializePlatformSupportModulesInManaged (24ms)
			SetLoadedEditorAssemblies (4ms)
			RefreshPlugins (0ms)
			BeforeProcessingInitializeOnLoad (84ms)
			ProcessInitializeOnLoadAttributes (193ms)
			ProcessInitializeOnLoadMethodAttributes (16ms)
			AfterProcessingInitializeOnLoad (4ms)
			EditorAssembliesLoaded (0ms)
		ExecutionOrderSort2 (0ms)
		AwakeInstancesAfterBackupRestoration (7ms)
Refreshing native plugins compatible for Editor in 1.76 ms, found 4 plugins.
Preloading 0 native plugins for Editor in 0.00 ms.
Unloading 4255 Unused Serialized files (Serialized files now loaded: 0)
Unloading 24 unused Assets / (33.7 KB). Loaded Objects now: 4797.
Memory consumption went from 152.1 MB to 152.1 MB.
Total: 2.323100 ms (FindLiveObjects: 0.378800 ms CreateObjectMapping: 0.092100 ms MarkObjects: 1.815700 ms  DeleteObjects: 0.035900 ms)

Prepare: number of updated asset objects reloaded= 0
AssetImportParameters requested are different than current active one (requested -> active):
  custom:scripting/monoscript/fileName/Pooled.cs: baad0cab28575340793c5f53e885a6c4 -> cc9dde24a210a09c81ccd567f812f7f5
  custom:container-demuxer-ogg: 62fdf1f143b41e24485cea50d1cbac27 -> 
  custom:scripting/monoscript/fileName/Pooled.TMP_Text.cs: a92ef4f9461d963a03ce3513e6feb2e9 -> 1771dab09d685ca888553b84cf88ad68
  custom:scripting/monoscript/fileName/DateFormat.cs: 5ee8ffb2f9a8c45cdb8729643aa539ae -> ed347d33eeb678b14e4abcfa67ee6414
  custom:video-codec-MediaFoundation-h265: 746d11721c4dcdbdad8f713fa42b33f4 -> 
  custom:video-decoder-ogg-theora: a1e56fd34408186e4bbccfd4996cb3dc -> 
  custom:scripting/monoscript/fileName/MapLongIntConverter.cs: cac9c0c36b85ebec03eed6b196c587f3 -> 198d1bce87a4c09dc3abda029a3119ab
  custom:scripting/precompiled-assembly-types:TimeFormat: 6d4a1e77502fe8961e9ef7de10638446 -> 57203823c46105faafc43ae197f6f4ca
  custom:scripting/monoscript/fileName/DateFormatTest.cs: 87f1e5d6f74d151f0e3b6c5aaac155e0 -> f2ceb48ff4b41406f6de9337dde229d4
  custom:framework-win-MediaFoundation: 216162199b28c13a410421893ffa2e32 -> 
  custom:scripting/monoscript/fileName/NewBehaviourScript.cs: 703cac14def72cad3b67b6c8fcdd650c -> 
  custom:scripting/monoscript/fileName/ConvertUtility.cs: b008f65e78f7bf89556fe97cb76fb4d3 -> 927bc4a982abdcaa84e56dfdb46b2cbb
  custom:scripting/precompiled-assembly-types:TimeFormat.TMP_Text: cd1c242309f2ac781468485f8860f302 -> 967252e62fb87db8773533e585e4c322
  custom:scripting/monoscript/fileName/Pooled.Collection.cs: 716086397f6fce3cf59561531ac052e5 -> 90647cc400823b41df847a6cbfc29026
  custom:scripting/monoscript/fileName/BitmapConverter.cs: bef8b0754ce803040d5a34241bac00a7 -> 12195687a10fb5a33146a377ab118aa6
  custom:scripting/monoscript/fileName/HashSetLongReverseConverter.cs: a7cbafa91cdd0e3708b092796562a868 -> 932d93a08099455ffa60234096f0bc2c
  custom:scripting/monoscript/fileName/PooledChars.cs: 33880515bd376b511b6adaad23c845ab -> 21fa764a5afa8b56c3e877b4892d83d0
  custom:scripting/precompiled-assembly-types:TimeFormat.Tests: 7a5bdcca3fd2fe5564c87584e6959e0f -> 17ab779a0d411127942b86927b2dc166
  custom:scripting/precompiled-assembly-types:Pooled.Editor: fa10dbda0f98c59fa57f342ce5b8db3d -> 64cdb4d0b09fde53e895bff1f3267621
  custom:scripting/monoscript/fileName/IConverterCollectorSystem.cs: 716086397f6fce3cf59561531ac052e5 -> 90647cc400823b41df847a6cbfc29026
  custom:scripting/monoscript/fileName/MonitoredObjectPoolMemoryWindow.cs: 59b16281f30e691a756f58cb5d9a8b60 -> ddc01cc66b15815883e46a79dbae273a
  custom:CustomObjectIndexerAttribute: 9a22284fe3817be447336de3de66b15e -> 
  custom:scripting/precompiled-assembly-types:Pooled.TMP_Text: 92558fb10d66941a554c40cb582c3db5 -> 3175b5d3dfbf646ba5fc016628a7a8b2
  custom:scripting/monoscript/fileName/HashSetIntConverter.cs: b5db394041c6646ac4fd66508f5786f4 -> 336b59b95aa86a855094c372f6281efc
  custom:scripting/monoscript/fileName/HashSetLongConverter.cs: a1cab3b4ffce114d592ca6c175a5f63d -> bffc50741551ba327e3defbf92ea631c
  custom:scripting/precompiled-assembly-types:Converter: 9c7eeca5229a3a42351e9ebcae44f77d -> ee394a20b19999bd51514d0170308fef
  custom:container-demuxer-webm: 4f35f7cbe854078d1ac9338744f61a02 -> 
  custom:scripting/monoscript/fileName/PooledStringBuilder.cs: 6043f7e32526ae7771d6c5e21572c929 -> 
  custom:scripting/monoscript/fileName/HashSetIntReverseConverter.cs: f04f195534430a1a5aa1033234bed4af -> 06c076a9053026cf8408e19462593778
  custom:scripting/monoscript/fileName/Pooled.Map.cs: 716086397f6fce3cf59561531ac052e5 -> 90647cc400823b41df847a6cbfc29026
  custom:scripting/precompiled-assembly-types:Pooled.Tests: 5bf323a3bc5ed9c432319119ab1c09db -> 0c2e9c09f1a2b2407f50a1f01f3ca010
  custom:scripting/monoscript/fileName/MapIntIntConverter.cs: 9620af3d9654ec97245971bd53d35ab6 -> 295a5843cb6d0fcae5fda9644abd3119
  custom:scripting/monoscript/fileName/RepeatedField.cs: 716086397f6fce3cf59561531ac052e5 -> 90647cc400823b41df847a6cbfc29026
  custom:scripting/monoscript/fileName/ListIntConverter.cs: 436b2b3f5ca930ff78d428c441ef8c8a -> ff3a1298932b804b0d15be3a4a8f007d
  custom:scripting/monoscript/fileName/MapIntBitReverseConverter.cs: e14fde3dcc64c3c0d176ccdd1d016eae -> 8b8bfcfc92e7150c7cab6194df938961
  custom:scripting/monoscript/fileName/ConverterCollector.cs: 23f82105a25a75216e658215522f0c07 -> 8f6297df34271fdb1ce2d9607ec6261d
  custom:container-muxer-webm: aa71ff27fc2769a1b78a27578f13a17b -> 
  custom:scripting/monoscript/fileName/ConverterCollectorSystem.cs: 716086397f6fce3cf59561531ac052e5 -> 90647cc400823b41df847a6cbfc29026
  custom:video-decoder-webm-vp8: 9c59270c3fd7afecdb556c50c9e8de78 -> 
  custom:scripting/monoscript/fileName/IConverter.cs: 23f82105a25a75216e658215522f0c07 -> 8f6297df34271fdb1ce2d9607ec6261d
  custom:scripting/monoscript/fileName/TimeFormat.TMP_Text.cs: 04b153d1e87700945c251cd57f0caf28 -> f6a319b78dfa7c00602caf474b9ca715
  custom:SearchIndexIgnoredProperties: e643bd26f0fe6173181afceb89e7c659 -> 
  custom:scripting/monoscript/fileName/BitmapTimingResetConverter.cs: 0a600efde2430e87d9d3b74fefe851b4 -> 16be4e68c9559384167314f33f2262ce
  custom:AudioImporter_EditorPlatform: d09bf68614088b80899f8185d706f6e7 -> 
  custom:scripting/monoscript/fileName/ConverterCollectorSystem.Config.cs: 716086397f6fce3cf59561531ac052e5 -> 90647cc400823b41df847a6cbfc29026
  custom:scripting/monoscript/fileName/SystemTime.cs: 0871270ccfddc6f47e3ac605866cf236 -> aebab7d5993158d333c473fe5ad2e983
  custom:scripting/monoscript/fileName/IConverterCollector.cs: 7204df85a06eb33c552568921744fc7f -> 0cdf409b5aa8d4c25876d72b5c6a3b60
  custom:scripting/monoscript/fileName/DateFormat.TMP_Text.cs: 121711a8ea84a13844106aa2e82a1cd2 -> cfa4ac74668713a9594e154b6b707e11
  custom:scripting/monoscript/fileName/MapIntBitConverter.cs: dce2875ca3c4cad9ab6f13f6a6965680 -> 79a8119290488a133b2d9f55c8d3a0d3
  custom:scripting/monoscript/fileName/DailyRedPointManager.cs: 513629b390c64237ae10fadc04fe33e2 -> 01ec27a3aa6e2eef520171695290b082
  custom:scripting/monoscript/fileName/CBitmap.cs: ec0fdd5ea2398b1b65c18ea095c42afb -> f8c1ae0cca981124d219ae3b6d8e6182
  custom:scripting/monoscript/fileName/PooledTest.cs: 28426ac1d0a0bad5d092e27ae3a87191 -> d0e5b41c51d29f0613407ea0dc9a2ae1
  custom:scripting/monoscript/fileName/BitmapReverseConverter.cs: 1fc067da77a3ccc221d0c0fe577e4e0f -> acc59c8855034e2bb91a751805bc12bb
  custom:scripting/monoscript/fileName/Launcher.cs: 1e695f35fe23675f681e38020957b0b6 -> 5bb5cfe85734624b9dda7f37e40514f0
  custom:video-encoder-webm-vp8: eb34c28f22e8b96e1ab97ce403110664 -> 
  custom:audio-decoder-ogg-vorbis: bf7c407c2cedff20999df2af8eb42d56 -> 
  custom:scripting/monoscript/fileName/MonitoredObjectPool.cs: 07c2f06c1be72f5574a820b4727b45d6 -> 9182583f5d8b6c16ed73aee3a076a254
  custom:scripting/monoscript/fileName/MapLongBitConverter.cs: 43ce4e9aba0920885e00f67136ef7071 -> 328f00929818c8c69bb5b89f3bcc9604
  custom:scripting/monoscript/fileName/PooledBitArray.cs: 63242dbc45c4894086d10ce96dcd98d8 -> 
  custom:scripting/monoscript/fileName/MapIntLongConverter.cs: 31cf1c377d37f97e076e6bb7ba8ce6bd -> a2cdffcab0400670150cdf9d6f279bf8
  custom:scripting/precompiled-assembly-types:SystemTime: a9afdb8eba24b40bf6e6d2e0d79e8e29 -> de93446e31aab50ce934d7feaa3d7a7d
  custom:scripting/monoscript/fileName/MapLongBitReverseConverter.cs: 3a3a53b77999da0e1aba4b8aa6a2efb1 -> 1d61913e53bfc7ab7acf8ae1d97259f0
  custom:scripting/monoscript/fileName/ListLongConverter.cs: 8035177bb4988529bdf021b5674f63f7 -> 067d4451cabf17e3cfccb1cb88d8f36b
  custom:scripting/precompiled-assembly-types:HotUpdate: 1b7b48076f9d16b835f30e942539a416 -> 
  custom:scripting/monoscript/fileName/TimeFormatTest.cs: 93a42fa151a026f2dc7824ac0622d2a5 -> f90ae55604080c97eefe0555e4b0ad3c
  custom:audio-encoder-webm-vorbis: bf7c407c2cedff20999df2af8eb42d56 -> 
  custom:scripting/monoscript/fileName/TimeFormat.cs: 9204fd782b26c55826382465702b381a -> 3d1d90addaffbea026682521871bf1e2
  custom:scripting/precompiled-assembly-types:Pooled: 90ae12e970b0a4c25cdd11d8926c1a55 -> 6162124d200d88ea66aabea2add4abf0
  custom:scripting/monoscript/fileName/MapLongLongConverter.cs: 5e2c827038738a02120b98610ada1a79 -> b43590451b2c3721d1491012e5c4185c
========================================================================
Received Import Request.
  Time since last request: 34.009575 seconds.
  path: Assets/HotUpdate/Scripts/Launcher.cs
  artifactKey: Guid(99e21c27bbb8a4448b53db6fe42955ee) Importer(815301076,1909f56bfc062723c751e8b465ee728b)
Start importing Assets/HotUpdate/Scripts/Launcher.cs using Guid(99e21c27bbb8a4448b53db6fe42955ee) Importer(815301076,1909f56bfc062723c751e8b465ee728b) [PhysX] Initialized MultithreadedTaskDispatcher with 20 workers.
 -> (artifact id: '68608113b83232cf3e53f3908d279bf5') in 0.001605 seconds
Number of updated asset objects reloaded before import = 0
Number of asset objects unloaded after import = 0
========================================================================
Received Import Request.
  Time since last request: 629.042094 seconds.
  path: Assets/HotUpdate/Scripts/Launcher.cs
  artifactKey: Guid(99e21c27bbb8a4448b53db6fe42955ee) Importer(815301076,1909f56bfc062723c751e8b465ee728b)
Start importing Assets/HotUpdate/Scripts/Launcher.cs using Guid(99e21c27bbb8a4448b53db6fe42955ee) Importer(815301076,1909f56bfc062723c751e8b465ee728b) [PhysX] Initialized MultithreadedTaskDispatcher with 20 workers.
 -> (artifact id: 'da69e605c847b7a9ca654800aa17dd1e') in 0.000726 seconds
Number of updated asset objects reloaded before import = 0
Number of asset objects unloaded after import = 0
========================================================================
Received Prepare
Assembly with name 'Converter' already exists (Assets/Utility/Scripts/Converter/Converter.asmdef)
Assembly with name 'Converter' already exists (Assets/HotUpdate/Utility/Scripts/Converter/Converter.asmdef)
Assembly with name 'Pooled.Editor' already exists (Assets/Utility/Services/Pooled/Editor/Pooled.Editor.asmdef)
Assembly with name 'Pooled.Editor' already exists (Assets/HotUpdate/Utility/Scripts/Pooled/Editor/Pooled.Editor.asmdef)
Assembly with name 'Pooled.Editor' already exists (Assets/Services/Pooled/Editor/Pooled.Editor.asmdef)
Assembly with name 'Pooled.Editor' already exists (Assets/HotUpdate/Utility/Scripts/Pooled/Editor/Pooled.Editor.asmdef)
Assembly with name 'Pooled.TMP_Text' already exists (Assets/Utility/Services/Pooled/Extensions/TMP_Text/Pooled.TMP_Text.asmdef)
Assembly with name 'Pooled.TMP_Text' already exists (Assets/HotUpdate/Utility/Scripts/Pooled/Extensions/TMP_Text/Pooled.TMP_Text.asmdef)
Assembly with name 'Pooled.Tests' already exists (Assets/Services/Pooled/Editor/Tests/Pooled.Tests.asmdef)
Assembly with name 'Pooled.Tests' already exists (Assets/HotUpdate/Utility/Scripts/Pooled/Editor/Tests/Pooled.Tests.asmdef)
Assembly with name 'TimeFormat.TMP_Text' already exists (Assets/HotUpdate/Utility/Scripts/TimeFormat/Extensions/TMP_Text/TimeFormat.TMP_Text.asmdef)
Assembly with name 'TimeFormat.TMP_Text' already exists (Assets/Utility/Services/TimeFormat/Extensions/TMP_Text/TimeFormat.TMP_Text.asmdef)
Assembly with name 'Converter' already exists (Assets/Utility/Services/Converter/Converter.asmdef)
Assembly with name 'Converter' already exists (Assets/HotUpdate/Utility/Scripts/Converter/Converter.asmdef)
Assembly with name 'Converter' already exists (Assets/Services/Converter/Converter.asmdef)
Assembly with name 'Converter' already exists (Assets/HotUpdate/Utility/Scripts/Converter/Converter.asmdef)
Assembly with name 'Pooled' already exists (Assets/Utility/Services/Pooled/Pooled.asmdef)
Assembly with name 'Pooled' already exists (Assets/Utility/Scripts/Pooled/Pooled.asmdef)
Assembly with name 'SystemTime' already exists (Assets/Utility/Services/Time/Time.asmdef)
Assembly with name 'SystemTime' already exists (Assets/Utility/Scripts/Time/Time.asmdef)
Assembly with name 'TimeFormat.Editor' already exists (Assets/Utility/Services/TimeFormat/Editor/TimeFormat.Editor.asmdef)
Assembly with name 'TimeFormat.Editor' already exists (Assets/HotUpdate/Utility/Scripts/TimeFormat/Editor/TimeFormat.Editor.asmdef)
Assembly with name 'TimeFormat.TMP_Text' already exists (Assets/Utility/Scripts/TimeFormat/Extensions/TMP_Text/TimeFormat.TMP_Text.asmdef)
Assembly with name 'TimeFormat.TMP_Text' already exists (Assets/Utility/Services/TimeFormat/Extensions/TMP_Text/TimeFormat.TMP_Text.asmdef)
Assembly with name 'TimeFormat' already exists (Assets/Utility/Scripts/TimeFormat/TimeFormat.asmdef)
Assembly with name 'TimeFormat' already exists (Assets/HotUpdate/Utility/Scripts/TimeFormat/TimeFormat.asmdef)
Assembly with name 'TimeFormat' already exists (Assets/Services/TimeFormat/TimeFormat.asmdef)
Assembly with name 'TimeFormat' already exists (Assets/HotUpdate/Utility/Scripts/TimeFormat/TimeFormat.asmdef)
Assembly with name 'TimeFormat.TMP_Text' already exists (Assets/Services/TimeFormat/Extensions/TMP_Text/TimeFormat.TMP_Text.asmdef)
Assembly with name 'TimeFormat.TMP_Text' already exists (Assets/Utility/Services/TimeFormat/Extensions/TMP_Text/TimeFormat.TMP_Text.asmdef)
Assembly with name 'Pooled.Tests' already exists (Assets/Utility/Scripts/Pooled/Editor/Tests/Pooled.Tests.asmdef)
Assembly with name 'Pooled.Tests' already exists (Assets/HotUpdate/Utility/Scripts/Pooled/Editor/Tests/Pooled.Tests.asmdef)
Assembly with name 'SystemTime' already exists (Assets/Services/Time/Time.asmdef)
Assembly with name 'SystemTime' already exists (Assets/Utility/Scripts/Time/Time.asmdef)
Assembly with name 'Pooled.Tests' already exists (Assets/Utility/Services/Pooled/Editor/Tests/Pooled.Tests.asmdef)
Assembly with name 'Pooled.Tests' already exists (Assets/HotUpdate/Utility/Scripts/Pooled/Editor/Tests/Pooled.Tests.asmdef)
Assembly with name 'Pooled.Editor' already exists (Assets/Utility/Scripts/Pooled/Editor/Pooled.Editor.asmdef)
Assembly with name 'Pooled.Editor' already exists (Assets/HotUpdate/Utility/Scripts/Pooled/Editor/Pooled.Editor.asmdef)
Assembly with name 'Pooled' already exists (Assets/Services/Pooled/Pooled.asmdef)
Assembly with name 'Pooled' already exists (Assets/Utility/Scripts/Pooled/Pooled.asmdef)
Assembly with name 'TimeFormat.Tests' already exists (Assets/Services/TimeFormat/Editor/Test/TimeFormat.Tests.asmdef)
Assembly with name 'TimeFormat.Tests' already exists (Assets/Utility/Scripts/TimeFormat/Editor/Test/TimeFormat.Tests.asmdef)
Assembly with name 'TimeFormat.Editor' already exists (Assets/Services/TimeFormat/Editor/TimeFormat.Editor.asmdef)
Assembly with name 'TimeFormat.Editor' already exists (Assets/HotUpdate/Utility/Scripts/TimeFormat/Editor/TimeFormat.Editor.asmdef)
Assembly with name 'TimeFormat.Tests' already exists (Assets/Utility/Services/TimeFormat/Editor/Test/TimeFormat.Tests.asmdef)
Assembly with name 'TimeFormat.Tests' already exists (Assets/Utility/Scripts/TimeFormat/Editor/Test/TimeFormat.Tests.asmdef)
Assembly with name 'TimeFormat.Editor' already exists (Assets/Utility/Scripts/TimeFormat/Editor/TimeFormat.Editor.asmdef)
Assembly with name 'TimeFormat.Editor' already exists (Assets/HotUpdate/Utility/Scripts/TimeFormat/Editor/TimeFormat.Editor.asmdef)
Assembly with name 'Pooled' already exists (Assets/HotUpdate/Utility/Scripts/Pooled/Pooled.asmdef)
Assembly with name 'Pooled' already exists (Assets/Utility/Scripts/Pooled/Pooled.asmdef)
Assembly with name 'Pooled.TMP_Text' already exists (Assets/Services/Pooled/Extensions/TMP_Text/Pooled.TMP_Text.asmdef)
Assembly with name 'Pooled.TMP_Text' already exists (Assets/HotUpdate/Utility/Scripts/Pooled/Extensions/TMP_Text/Pooled.TMP_Text.asmdef)
Assembly with name 'Pooled.TMP_Text' already exists (Assets/Utility/Scripts/Pooled/Extensions/TMP_Text/Pooled.TMP_Text.asmdef)
Assembly with name 'Pooled.TMP_Text' already exists (Assets/HotUpdate/Utility/Scripts/Pooled/Extensions/TMP_Text/Pooled.TMP_Text.asmdef)
Assembly with name 'SystemTime' already exists (Assets/HotUpdate/Utility/Scripts/Time/Time.asmdef)
Assembly with name 'SystemTime' already exists (Assets/Utility/Scripts/Time/Time.asmdef)
Assembly with name 'TimeFormat' already exists (Assets/Utility/Services/TimeFormat/TimeFormat.asmdef)
Assembly with name 'TimeFormat' already exists (Assets/HotUpdate/Utility/Scripts/TimeFormat/TimeFormat.asmdef)
Assembly with name 'TimeFormat.Tests' already exists (Assets/HotUpdate/Utility/Scripts/TimeFormat/Editor/Test/TimeFormat.Tests.asmdef)
Assembly with name 'TimeFormat.Tests' already exists (Assets/Utility/Scripts/TimeFormat/Editor/Test/TimeFormat.Tests.asmdef)
Caller must complete domain reload
Assembly with name 'Converter' already exists (Assets/Utility/Scripts/Converter/Converter.asmdef)
Assembly with name 'Converter' already exists (Assets/HotUpdate/Utility/Scripts/Converter/Converter.asmdef)
Assembly with name 'Pooled.Editor' already exists (Assets/Utility/Services/Pooled/Editor/Pooled.Editor.asmdef)
Assembly with name 'Pooled.Editor' already exists (Assets/HotUpdate/Utility/Scripts/Pooled/Editor/Pooled.Editor.asmdef)
Assembly with name 'Pooled.Editor' already exists (Assets/Services/Pooled/Editor/Pooled.Editor.asmdef)
Assembly with name 'Pooled.Editor' already exists (Assets/HotUpdate/Utility/Scripts/Pooled/Editor/Pooled.Editor.asmdef)
Assembly with name 'Pooled.TMP_Text' already exists (Assets/Utility/Services/Pooled/Extensions/TMP_Text/Pooled.TMP_Text.asmdef)
Assembly with name 'Pooled.TMP_Text' already exists (Assets/HotUpdate/Utility/Scripts/Pooled/Extensions/TMP_Text/Pooled.TMP_Text.asmdef)
Assembly with name 'Pooled.Tests' already exists (Assets/Services/Pooled/Editor/Tests/Pooled.Tests.asmdef)
Assembly with name 'Pooled.Tests' already exists (Assets/HotUpdate/Utility/Scripts/Pooled/Editor/Tests/Pooled.Tests.asmdef)
Assembly with name 'TimeFormat.TMP_Text' already exists (Assets/HotUpdate/Utility/Scripts/TimeFormat/Extensions/TMP_Text/TimeFormat.TMP_Text.asmdef)
Assembly with name 'TimeFormat.TMP_Text' already exists (Assets/Utility/Services/TimeFormat/Extensions/TMP_Text/TimeFormat.TMP_Text.asmdef)
Assembly with name 'Converter' already exists (Assets/Utility/Services/Converter/Converter.asmdef)
Assembly with name 'Converter' already exists (Assets/HotUpdate/Utility/Scripts/Converter/Converter.asmdef)
Assembly with name 'Converter' already exists (Assets/Services/Converter/Converter.asmdef)
Assembly with name 'Converter' already exists (Assets/HotUpdate/Utility/Scripts/Converter/Converter.asmdef)
Assembly with name 'Pooled' already exists (Assets/Utility/Services/Pooled/Pooled.asmdef)
Assembly with name 'Pooled' already exists (Assets/Utility/Scripts/Pooled/Pooled.asmdef)
Assembly with name 'SystemTime' already exists (Assets/Utility/Services/Time/Time.asmdef)
Assembly with name 'SystemTime' already exists (Assets/Utility/Scripts/Time/Time.asmdef)
Assembly with name 'TimeFormat.Editor' already exists (Assets/Utility/Services/TimeFormat/Editor/TimeFormat.Editor.asmdef)
Assembly with name 'TimeFormat.Editor' already exists (Assets/HotUpdate/Utility/Scripts/TimeFormat/Editor/TimeFormat.Editor.asmdef)
Assembly with name 'TimeFormat.TMP_Text' already exists (Assets/Utility/Scripts/TimeFormat/Extensions/TMP_Text/TimeFormat.TMP_Text.asmdef)
Assembly with name 'TimeFormat.TMP_Text' already exists (Assets/Utility/Services/TimeFormat/Extensions/TMP_Text/TimeFormat.TMP_Text.asmdef)
Assembly with name 'TimeFormat' already exists (Assets/Utility/Scripts/TimeFormat/TimeFormat.asmdef)
Assembly with name 'TimeFormat' already exists (Assets/HotUpdate/Utility/Scripts/TimeFormat/TimeFormat.asmdef)
Assembly with name 'TimeFormat' already exists (Assets/Services/TimeFormat/TimeFormat.asmdef)
Assembly with name 'TimeFormat' already exists (Assets/HotUpdate/Utility/Scripts/TimeFormat/TimeFormat.asmdef)
Assembly with name 'TimeFormat.TMP_Text' already exists (Assets/Services/TimeFormat/Extensions/TMP_Text/TimeFormat.TMP_Text.asmdef)
Assembly with name 'TimeFormat.TMP_Text' already exists (Assets/Utility/Services/TimeFormat/Extensions/TMP_Text/TimeFormat.TMP_Text.asmdef)
Assembly with name 'Pooled.Tests' already exists (Assets/Utility/Scripts/Pooled/Editor/Tests/Pooled.Tests.asmdef)
Assembly with name 'Pooled.Tests' already exists (Assets/HotUpdate/Utility/Scripts/Pooled/Editor/Tests/Pooled.Tests.asmdef)
Assembly with name 'SystemTime' already exists (Assets/Services/Time/Time.asmdef)
Assembly with name 'SystemTime' already exists (Assets/Utility/Scripts/Time/Time.asmdef)
Assembly with name 'Pooled.Tests' already exists (Assets/Utility/Services/Pooled/Editor/Tests/Pooled.Tests.asmdef)
Assembly with name 'Pooled.Tests' already exists (Assets/HotUpdate/Utility/Scripts/Pooled/Editor/Tests/Pooled.Tests.asmdef)
Assembly with name 'Pooled.Editor' already exists (Assets/Utility/Scripts/Pooled/Editor/Pooled.Editor.asmdef)
Assembly with name 'Pooled.Editor' already exists (Assets/HotUpdate/Utility/Scripts/Pooled/Editor/Pooled.Editor.asmdef)
Assembly with name 'Pooled' already exists (Assets/Services/Pooled/Pooled.asmdef)
Assembly with name 'Pooled' already exists (Assets/Utility/Scripts/Pooled/Pooled.asmdef)
Assembly with name 'TimeFormat.Tests' already exists (Assets/Services/TimeFormat/Editor/Test/TimeFormat.Tests.asmdef)
Assembly with name 'TimeFormat.Tests' already exists (Assets/Utility/Scripts/TimeFormat/Editor/Test/TimeFormat.Tests.asmdef)
Assembly with name 'TimeFormat.Editor' already exists (Assets/Services/TimeFormat/Editor/TimeFormat.Editor.asmdef)
Assembly with name 'TimeFormat.Editor' already exists (Assets/HotUpdate/Utility/Scripts/TimeFormat/Editor/TimeFormat.Editor.asmdef)
Assembly with name 'TimeFormat.Tests' already exists (Assets/Utility/Services/TimeFormat/Editor/Test/TimeFormat.Tests.asmdef)
Assembly with name 'TimeFormat.Tests' already exists (Assets/Utility/Scripts/TimeFormat/Editor/Test/TimeFormat.Tests.asmdef)
Assembly with name 'TimeFormat.Editor' already exists (Assets/Utility/Scripts/TimeFormat/Editor/TimeFormat.Editor.asmdef)
Assembly with name 'TimeFormat.Editor' already exists (Assets/HotUpdate/Utility/Scripts/TimeFormat/Editor/TimeFormat.Editor.asmdef)
Assembly with name 'Pooled' already exists (Assets/HotUpdate/Utility/Scripts/Pooled/Pooled.asmdef)
Assembly with name 'Pooled' already exists (Assets/Utility/Scripts/Pooled/Pooled.asmdef)
Assembly with name 'Pooled.TMP_Text' already exists (Assets/Services/Pooled/Extensions/TMP_Text/Pooled.TMP_Text.asmdef)
Assembly with name 'Pooled.TMP_Text' already exists (Assets/HotUpdate/Utility/Scripts/Pooled/Extensions/TMP_Text/Pooled.TMP_Text.asmdef)
Assembly with name 'Pooled.TMP_Text' already exists (Assets/Utility/Scripts/Pooled/Extensions/TMP_Text/Pooled.TMP_Text.asmdef)
Assembly with name 'Pooled.TMP_Text' already exists (Assets/HotUpdate/Utility/Scripts/Pooled/Extensions/TMP_Text/Pooled.TMP_Text.asmdef)
Assembly with name 'SystemTime' already exists (Assets/HotUpdate/Utility/Scripts/Time/Time.asmdef)
Assembly with name 'SystemTime' already exists (Assets/Utility/Scripts/Time/Time.asmdef)
Assembly with name 'TimeFormat' already exists (Assets/Utility/Services/TimeFormat/TimeFormat.asmdef)
Assembly with name 'TimeFormat' already exists (Assets/HotUpdate/Utility/Scripts/TimeFormat/TimeFormat.asmdef)
Assembly with name 'TimeFormat.Tests' already exists (Assets/HotUpdate/Utility/Scripts/TimeFormat/Editor/Test/TimeFormat.Tests.asmdef)
Assembly with name 'TimeFormat.Tests' already exists (Assets/Utility/Scripts/TimeFormat/Editor/Test/TimeFormat.Tests.asmdef)
Begin MonoManager ReloadAssembly
- Loaded All Assemblies, in  0.474 seconds
Native extension for WindowsStandalone target not found
Native extension for iOS target not found
Native extension for Android target not found
Assembly with name 'Converter' already exists (Assets/Utility/Scripts/Converter/Converter.asmdef)
Assembly with name 'Converter' already exists (Assets/HotUpdate/Utility/Scripts/Converter/Converter.asmdef)
Assembly with name 'Pooled.Editor' already exists (Assets/Utility/Services/Pooled/Editor/Pooled.Editor.asmdef)
Assembly with name 'Pooled.Editor' already exists (Assets/HotUpdate/Utility/Scripts/Pooled/Editor/Pooled.Editor.asmdef)
Assembly with name 'Pooled.Editor' already exists (Assets/Services/Pooled/Editor/Pooled.Editor.asmdef)
Assembly with name 'Pooled.Editor' already exists (Assets/HotUpdate/Utility/Scripts/Pooled/Editor/Pooled.Editor.asmdef)
Assembly with name 'Pooled.TMP_Text' already exists (Assets/Utility/Services/Pooled/Extensions/TMP_Text/Pooled.TMP_Text.asmdef)
Assembly with name 'Pooled.TMP_Text' already exists (Assets/HotUpdate/Utility/Scripts/Pooled/Extensions/TMP_Text/Pooled.TMP_Text.asmdef)
Assembly with name 'Pooled.Tests' already exists (Assets/Services/Pooled/Editor/Tests/Pooled.Tests.asmdef)
Assembly with name 'Pooled.Tests' already exists (Assets/HotUpdate/Utility/Scripts/Pooled/Editor/Tests/Pooled.Tests.asmdef)
Assembly with name 'TimeFormat.TMP_Text' already exists (Assets/HotUpdate/Utility/Scripts/TimeFormat/Extensions/TMP_Text/TimeFormat.TMP_Text.asmdef)
Assembly with name 'TimeFormat.TMP_Text' already exists (Assets/Utility/Services/TimeFormat/Extensions/TMP_Text/TimeFormat.TMP_Text.asmdef)
Assembly with name 'Converter' already exists (Assets/Utility/Services/Converter/Converter.asmdef)
Assembly with name 'Converter' already exists (Assets/HotUpdate/Utility/Scripts/Converter/Converter.asmdef)
Assembly with name 'Converter' already exists (Assets/Services/Converter/Converter.asmdef)
Assembly with name 'Converter' already exists (Assets/HotUpdate/Utility/Scripts/Converter/Converter.asmdef)
Assembly with name 'Pooled' already exists (Assets/Utility/Services/Pooled/Pooled.asmdef)
Assembly with name 'Pooled' already exists (Assets/Utility/Scripts/Pooled/Pooled.asmdef)
Assembly with name 'SystemTime' already exists (Assets/Utility/Services/Time/Time.asmdef)
Assembly with name 'SystemTime' already exists (Assets/Utility/Scripts/Time/Time.asmdef)
Assembly with name 'TimeFormat.Editor' already exists (Assets/Utility/Services/TimeFormat/Editor/TimeFormat.Editor.asmdef)
Assembly with name 'TimeFormat.Editor' already exists (Assets/HotUpdate/Utility/Scripts/TimeFormat/Editor/TimeFormat.Editor.asmdef)
Assembly with name 'TimeFormat.TMP_Text' already exists (Assets/Utility/Scripts/TimeFormat/Extensions/TMP_Text/TimeFormat.TMP_Text.asmdef)
Assembly with name 'TimeFormat.TMP_Text' already exists (Assets/Utility/Services/TimeFormat/Extensions/TMP_Text/TimeFormat.TMP_Text.asmdef)
Assembly with name 'TimeFormat' already exists (Assets/Utility/Scripts/TimeFormat/TimeFormat.asmdef)
Assembly with name 'TimeFormat' already exists (Assets/HotUpdate/Utility/Scripts/TimeFormat/TimeFormat.asmdef)
Assembly with name 'TimeFormat' already exists (Assets/Services/TimeFormat/TimeFormat.asmdef)
Assembly with name 'TimeFormat' already exists (Assets/HotUpdate/Utility/Scripts/TimeFormat/TimeFormat.asmdef)
Assembly with name 'TimeFormat.TMP_Text' already exists (Assets/Services/TimeFormat/Extensions/TMP_Text/TimeFormat.TMP_Text.asmdef)
Assembly with name 'TimeFormat.TMP_Text' already exists (Assets/Utility/Services/TimeFormat/Extensions/TMP_Text/TimeFormat.TMP_Text.asmdef)
Assembly with name 'Pooled.Tests' already exists (Assets/Utility/Scripts/Pooled/Editor/Tests/Pooled.Tests.asmdef)
Assembly with name 'Pooled.Tests' already exists (Assets/HotUpdate/Utility/Scripts/Pooled/Editor/Tests/Pooled.Tests.asmdef)
Assembly with name 'SystemTime' already exists (Assets/Services/Time/Time.asmdef)
Assembly with name 'SystemTime' already exists (Assets/Utility/Scripts/Time/Time.asmdef)
Assembly with name 'Pooled.Tests' already exists (Assets/Utility/Services/Pooled/Editor/Tests/Pooled.Tests.asmdef)
Assembly with name 'Pooled.Tests' already exists (Assets/HotUpdate/Utility/Scripts/Pooled/Editor/Tests/Pooled.Tests.asmdef)
Assembly with name 'Pooled.Editor' already exists (Assets/Utility/Scripts/Pooled/Editor/Pooled.Editor.asmdef)
Assembly with name 'Pooled.Editor' already exists (Assets/HotUpdate/Utility/Scripts/Pooled/Editor/Pooled.Editor.asmdef)
Assembly with name 'Pooled' already exists (Assets/Services/Pooled/Pooled.asmdef)
Assembly with name 'Pooled' already exists (Assets/Utility/Scripts/Pooled/Pooled.asmdef)
Assembly with name 'TimeFormat.Tests' already exists (Assets/Services/TimeFormat/Editor/Test/TimeFormat.Tests.asmdef)
Assembly with name 'TimeFormat.Tests' already exists (Assets/Utility/Scripts/TimeFormat/Editor/Test/TimeFormat.Tests.asmdef)
Assembly with name 'TimeFormat.Editor' already exists (Assets/Services/TimeFormat/Editor/TimeFormat.Editor.asmdef)
Assembly with name 'TimeFormat.Editor' already exists (Assets/HotUpdate/Utility/Scripts/TimeFormat/Editor/TimeFormat.Editor.asmdef)
Assembly with name 'TimeFormat.Tests' already exists (Assets/Utility/Services/TimeFormat/Editor/Test/TimeFormat.Tests.asmdef)
Assembly with name 'TimeFormat.Tests' already exists (Assets/Utility/Scripts/TimeFormat/Editor/Test/TimeFormat.Tests.asmdef)
Assembly with name 'TimeFormat.Editor' already exists (Assets/Utility/Scripts/TimeFormat/Editor/TimeFormat.Editor.asmdef)
Assembly with name 'TimeFormat.Editor' already exists (Assets/HotUpdate/Utility/Scripts/TimeFormat/Editor/TimeFormat.Editor.asmdef)
Assembly with name 'Pooled' already exists (Assets/HotUpdate/Utility/Scripts/Pooled/Pooled.asmdef)
Assembly with name 'Pooled' already exists (Assets/Utility/Scripts/Pooled/Pooled.asmdef)
Assembly with name 'Pooled.TMP_Text' already exists (Assets/Services/Pooled/Extensions/TMP_Text/Pooled.TMP_Text.asmdef)
Assembly with name 'Pooled.TMP_Text' already exists (Assets/HotUpdate/Utility/Scripts/Pooled/Extensions/TMP_Text/Pooled.TMP_Text.asmdef)
Assembly with name 'Pooled.TMP_Text' already exists (Assets/Utility/Scripts/Pooled/Extensions/TMP_Text/Pooled.TMP_Text.asmdef)
Assembly with name 'Pooled.TMP_Text' already exists (Assets/HotUpdate/Utility/Scripts/Pooled/Extensions/TMP_Text/Pooled.TMP_Text.asmdef)
Assembly with name 'SystemTime' already exists (Assets/HotUpdate/Utility/Scripts/Time/Time.asmdef)
Assembly with name 'SystemTime' already exists (Assets/Utility/Scripts/Time/Time.asmdef)
Assembly with name 'TimeFormat' already exists (Assets/Utility/Services/TimeFormat/TimeFormat.asmdef)
Assembly with name 'TimeFormat' already exists (Assets/HotUpdate/Utility/Scripts/TimeFormat/TimeFormat.asmdef)
Assembly with name 'TimeFormat.Tests' already exists (Assets/HotUpdate/Utility/Scripts/TimeFormat/Editor/Test/TimeFormat.Tests.asmdef)
Assembly with name 'TimeFormat.Tests' already exists (Assets/Utility/Scripts/TimeFormat/Editor/Test/TimeFormat.Tests.asmdef)
Mono: successfully reloaded assembly
- Finished resetting the current domain, in  0.854 seconds
Domain Reload Profiling: 1327ms
	BeginReloadAssembly (175ms)
		ExecutionOrderSort (0ms)
		DisableScriptedObjects (7ms)
		BackupInstance (0ms)
		ReleaseScriptingObjects (0ms)
		CreateAndSetChildDomain (36ms)
	RebuildCommonClasses (31ms)
	RebuildNativeTypeToScriptingClass (10ms)
	initialDomainReloadingComplete (27ms)
	LoadAllAssembliesAndSetupDomain (229ms)
		LoadAssemblies (308ms)
		RebuildTransferFunctionScriptingTraits (0ms)
		AnalyzeDomain (20ms)
			TypeCache.Refresh (8ms)
				TypeCache.ScanAssembly (0ms)
			ScanForSourceGeneratedMonoScriptInfo (6ms)
			ResolveRequiredComponents (5ms)
	FinalizeReload (855ms)
		ReleaseScriptCaches (0ms)
		RebuildScriptCaches (0ms)
		SetupLoadedEditorAssemblies (376ms)
			LogAssemblyErrors (0ms)
			InitializePlatformSupportModulesInManaged (21ms)
			SetLoadedEditorAssemblies (4ms)
			RefreshPlugins (0ms)
			BeforeProcessingInitializeOnLoad (89ms)
			ProcessInitializeOnLoadAttributes (242ms)
			ProcessInitializeOnLoadMethodAttributes (16ms)
			AfterProcessingInitializeOnLoad (4ms)
			EditorAssembliesLoaded (0ms)
		ExecutionOrderSort2 (0ms)
		AwakeInstancesAfterBackupRestoration (8ms)
Refreshing native plugins compatible for Editor in 1.80 ms, found 4 plugins.
Preloading 0 native plugins for Editor in 0.00 ms.
Unloading 4254 Unused Serialized files (Serialized files now loaded: 0)
Unloading 24 unused Assets / (33.6 KB). Loaded Objects now: 4801.
Memory consumption went from 151.9 MB to 151.9 MB.
Total: 2.891700 ms (FindLiveObjects: 0.193600 ms CreateObjectMapping: 0.094800 ms MarkObjects: 2.568100 ms  DeleteObjects: 0.034200 ms)

Prepare: number of updated asset objects reloaded= 0
AssetImportParameters requested are different than current active one (requested -> active):
  custom:scripting/monoscript/fileName/Pooled.cs: baad0cab28575340793c5f53e885a6c4 -> cc9dde24a210a09c81ccd567f812f7f5
  custom:container-demuxer-ogg: 62fdf1f143b41e24485cea50d1cbac27 -> 
  custom:scripting/monoscript/fileName/Pooled.TMP_Text.cs: a92ef4f9461d963a03ce3513e6feb2e9 -> 1771dab09d685ca888553b84cf88ad68
  custom:scripting/monoscript/fileName/DateFormat.cs: 5ee8ffb2f9a8c45cdb8729643aa539ae -> ed347d33eeb678b14e4abcfa67ee6414
  custom:video-codec-MediaFoundation-h265: 746d11721c4dcdbdad8f713fa42b33f4 -> 
  custom:video-decoder-ogg-theora: a1e56fd34408186e4bbccfd4996cb3dc -> 
  custom:scripting/monoscript/fileName/MapLongIntConverter.cs: cac9c0c36b85ebec03eed6b196c587f3 -> 198d1bce87a4c09dc3abda029a3119ab
  custom:scripting/precompiled-assembly-types:TimeFormat: 6d4a1e77502fe8961e9ef7de10638446 -> 57203823c46105faafc43ae197f6f4ca
  custom:scripting/monoscript/fileName/DateFormatTest.cs: 87f1e5d6f74d151f0e3b6c5aaac155e0 -> f2ceb48ff4b41406f6de9337dde229d4
  custom:framework-win-MediaFoundation: 216162199b28c13a410421893ffa2e32 -> 
  custom:scripting/monoscript/fileName/NewBehaviourScript.cs: 703cac14def72cad3b67b6c8fcdd650c -> 
  custom:scripting/monoscript/fileName/ConvertUtility.cs: b008f65e78f7bf89556fe97cb76fb4d3 -> 927bc4a982abdcaa84e56dfdb46b2cbb
  custom:scripting/precompiled-assembly-types:TimeFormat.TMP_Text: cd1c242309f2ac781468485f8860f302 -> 967252e62fb87db8773533e585e4c322
  custom:scripting/monoscript/fileName/Pooled.Collection.cs: 716086397f6fce3cf59561531ac052e5 -> 90647cc400823b41df847a6cbfc29026
  custom:scripting/monoscript/fileName/BitmapConverter.cs: bef8b0754ce803040d5a34241bac00a7 -> 12195687a10fb5a33146a377ab118aa6
  custom:scripting/monoscript/fileName/HashSetLongReverseConverter.cs: a7cbafa91cdd0e3708b092796562a868 -> 932d93a08099455ffa60234096f0bc2c
  custom:scripting/monoscript/fileName/PooledChars.cs: 33880515bd376b511b6adaad23c845ab -> 21fa764a5afa8b56c3e877b4892d83d0
  custom:scripting/precompiled-assembly-types:TimeFormat.Tests: 7a5bdcca3fd2fe5564c87584e6959e0f -> 17ab779a0d411127942b86927b2dc166
  custom:scripting/precompiled-assembly-types:Pooled.Editor: fa10dbda0f98c59fa57f342ce5b8db3d -> 64cdb4d0b09fde53e895bff1f3267621
  custom:scripting/monoscript/fileName/IConverterCollectorSystem.cs: 716086397f6fce3cf59561531ac052e5 -> 90647cc400823b41df847a6cbfc29026
  custom:scripting/monoscript/fileName/MonitoredObjectPoolMemoryWindow.cs: 59b16281f30e691a756f58cb5d9a8b60 -> ddc01cc66b15815883e46a79dbae273a
  custom:CustomObjectIndexerAttribute: 9a22284fe3817be447336de3de66b15e -> 
  custom:scripting/precompiled-assembly-types:Pooled.TMP_Text: 92558fb10d66941a554c40cb582c3db5 -> 3175b5d3dfbf646ba5fc016628a7a8b2
  custom:scripting/monoscript/fileName/HashSetIntConverter.cs: b5db394041c6646ac4fd66508f5786f4 -> 336b59b95aa86a855094c372f6281efc
  custom:scripting/monoscript/fileName/HashSetLongConverter.cs: a1cab3b4ffce114d592ca6c175a5f63d -> bffc50741551ba327e3defbf92ea631c
  custom:scripting/precompiled-assembly-types:Converter: 9c7eeca5229a3a42351e9ebcae44f77d -> ee394a20b19999bd51514d0170308fef
  custom:container-demuxer-webm: 4f35f7cbe854078d1ac9338744f61a02 -> 
  custom:scripting/monoscript/fileName/PooledStringBuilder.cs: 6043f7e32526ae7771d6c5e21572c929 -> 
  custom:scripting/monoscript/fileName/HashSetIntReverseConverter.cs: f04f195534430a1a5aa1033234bed4af -> 06c076a9053026cf8408e19462593778
  custom:scripting/monoscript/fileName/Pooled.Map.cs: 716086397f6fce3cf59561531ac052e5 -> 90647cc400823b41df847a6cbfc29026
  custom:scripting/precompiled-assembly-types:Pooled.Tests: 5bf323a3bc5ed9c432319119ab1c09db -> 0c2e9c09f1a2b2407f50a1f01f3ca010
  custom:scripting/monoscript/fileName/MapIntIntConverter.cs: 9620af3d9654ec97245971bd53d35ab6 -> 295a5843cb6d0fcae5fda9644abd3119
  custom:scripting/monoscript/fileName/RepeatedField.cs: 716086397f6fce3cf59561531ac052e5 -> 90647cc400823b41df847a6cbfc29026
  custom:scripting/monoscript/fileName/ListIntConverter.cs: 436b2b3f5ca930ff78d428c441ef8c8a -> ff3a1298932b804b0d15be3a4a8f007d
  custom:scripting/monoscript/fileName/MapIntBitReverseConverter.cs: e14fde3dcc64c3c0d176ccdd1d016eae -> 8b8bfcfc92e7150c7cab6194df938961
  custom:scripting/monoscript/fileName/ConverterCollector.cs: 23f82105a25a75216e658215522f0c07 -> 8f6297df34271fdb1ce2d9607ec6261d
  custom:container-muxer-webm: aa71ff27fc2769a1b78a27578f13a17b -> 
  custom:scripting/monoscript/fileName/ConverterCollectorSystem.cs: 716086397f6fce3cf59561531ac052e5 -> 90647cc400823b41df847a6cbfc29026
  custom:video-decoder-webm-vp8: 9c59270c3fd7afecdb556c50c9e8de78 -> 
  custom:scripting/monoscript/fileName/IConverter.cs: 23f82105a25a75216e658215522f0c07 -> 8f6297df34271fdb1ce2d9607ec6261d
  custom:scripting/monoscript/fileName/TimeFormat.TMP_Text.cs: 04b153d1e87700945c251cd57f0caf28 -> f6a319b78dfa7c00602caf474b9ca715
  custom:SearchIndexIgnoredProperties: e643bd26f0fe6173181afceb89e7c659 -> 
  custom:scripting/monoscript/fileName/BitmapTimingResetConverter.cs: 0a600efde2430e87d9d3b74fefe851b4 -> 16be4e68c9559384167314f33f2262ce
  custom:AudioImporter_EditorPlatform: d09bf68614088b80899f8185d706f6e7 -> 
  custom:scripting/monoscript/fileName/ConverterCollectorSystem.Config.cs: 716086397f6fce3cf59561531ac052e5 -> 90647cc400823b41df847a6cbfc29026
  custom:scripting/monoscript/fileName/SystemTime.cs: 0871270ccfddc6f47e3ac605866cf236 -> aebab7d5993158d333c473fe5ad2e983
  custom:scripting/monoscript/fileName/IConverterCollector.cs: 7204df85a06eb33c552568921744fc7f -> 0cdf409b5aa8d4c25876d72b5c6a3b60
  custom:scripting/monoscript/fileName/DateFormat.TMP_Text.cs: 121711a8ea84a13844106aa2e82a1cd2 -> cfa4ac74668713a9594e154b6b707e11
  custom:scripting/monoscript/fileName/MapIntBitConverter.cs: dce2875ca3c4cad9ab6f13f6a6965680 -> 79a8119290488a133b2d9f55c8d3a0d3
  custom:scripting/monoscript/fileName/DailyRedPointManager.cs: 513629b390c64237ae10fadc04fe33e2 -> 01ec27a3aa6e2eef520171695290b082
  custom:scripting/monoscript/fileName/CBitmap.cs: ec0fdd5ea2398b1b65c18ea095c42afb -> f8c1ae0cca981124d219ae3b6d8e6182
  custom:scripting/monoscript/fileName/PooledTest.cs: 28426ac1d0a0bad5d092e27ae3a87191 -> d0e5b41c51d29f0613407ea0dc9a2ae1
  custom:scripting/monoscript/fileName/BitmapReverseConverter.cs: 1fc067da77a3ccc221d0c0fe577e4e0f -> acc59c8855034e2bb91a751805bc12bb
  custom:scripting/monoscript/fileName/Launcher.cs: 1e695f35fe23675f681e38020957b0b6 -> 5bb5cfe85734624b9dda7f37e40514f0
  custom:video-encoder-webm-vp8: eb34c28f22e8b96e1ab97ce403110664 -> 
  custom:audio-decoder-ogg-vorbis: bf7c407c2cedff20999df2af8eb42d56 -> 
  custom:scripting/monoscript/fileName/MonitoredObjectPool.cs: 07c2f06c1be72f5574a820b4727b45d6 -> 9182583f5d8b6c16ed73aee3a076a254
  custom:scripting/monoscript/fileName/MapLongBitConverter.cs: 43ce4e9aba0920885e00f67136ef7071 -> 328f00929818c8c69bb5b89f3bcc9604
  custom:scripting/monoscript/fileName/PooledBitArray.cs: 63242dbc45c4894086d10ce96dcd98d8 -> 
  custom:scripting/monoscript/fileName/MapIntLongConverter.cs: 31cf1c377d37f97e076e6bb7ba8ce6bd -> a2cdffcab0400670150cdf9d6f279bf8
  custom:scripting/precompiled-assembly-types:SystemTime: a9afdb8eba24b40bf6e6d2e0d79e8e29 -> de93446e31aab50ce934d7feaa3d7a7d
  custom:scripting/monoscript/fileName/MapLongBitReverseConverter.cs: 3a3a53b77999da0e1aba4b8aa6a2efb1 -> 1d61913e53bfc7ab7acf8ae1d97259f0
  custom:scripting/monoscript/fileName/ListLongConverter.cs: 8035177bb4988529bdf021b5674f63f7 -> 067d4451cabf17e3cfccb1cb88d8f36b
  custom:scripting/precompiled-assembly-types:HotUpdate: 1b7b48076f9d16b835f30e942539a416 -> 
  custom:scripting/monoscript/fileName/TimeFormatTest.cs: 93a42fa151a026f2dc7824ac0622d2a5 -> f90ae55604080c97eefe0555e4b0ad3c
  custom:audio-encoder-webm-vorbis: bf7c407c2cedff20999df2af8eb42d56 -> 
  custom:scripting/monoscript/fileName/TimeFormat.cs: 9204fd782b26c55826382465702b381a -> 3d1d90addaffbea026682521871bf1e2
  custom:scripting/precompiled-assembly-types:Pooled: 90ae12e970b0a4c25cdd11d8926c1a55 -> 6162124d200d88ea66aabea2add4abf0
  custom:scripting/monoscript/fileName/MapLongLongConverter.cs: 5e2c827038738a02120b98610ada1a79 -> b43590451b2c3721d1491012e5c4185c
========================================================================
Received Import Request.
  Time since last request: 790.797593 seconds.
  path: Assets/HotUpdate/Scripts/Launcher.Configure.cs
  artifactKey: Guid(bdaccd8c4b302ab4db6e12109a6112c1) Importer(815301076,1909f56bfc062723c751e8b465ee728b)
Start importing Assets/HotUpdate/Scripts/Launcher.Configure.cs using Guid(bdaccd8c4b302ab4db6e12109a6112c1) Importer(815301076,1909f56bfc062723c751e8b465ee728b) [PhysX] Initialized MultithreadedTaskDispatcher with 20 workers.
 -> (artifact id: 'c597dd0d8eb7c8dbcaa1103ce345163b') in 0.002143 seconds
Number of updated asset objects reloaded before import = 0
Number of asset objects unloaded after import = 0
========================================================================
Received Import Request.
  Time since last request: 83.037475 seconds.
  path: Assets/HotUpdate/Scripts/Launcher.Configure.cs
  artifactKey: Guid(bdaccd8c4b302ab4db6e12109a6112c1) Importer(815301076,1909f56bfc062723c751e8b465ee728b)
Start importing Assets/HotUpdate/Scripts/Launcher.Configure.cs using Guid(bdaccd8c4b302ab4db6e12109a6112c1) Importer(815301076,1909f56bfc062723c751e8b465ee728b) [PhysX] Initialized MultithreadedTaskDispatcher with 20 workers.
 -> (artifact id: 'ae7c4817b0262169df30612a3d45aaef') in 0.000984 seconds
Number of updated asset objects reloaded before import = 0
Number of asset objects unloaded after import = 0
========================================================================
Received Prepare
Assembly with name 'Converter' already exists (Assets/Utility/Scripts/Converter/Converter.asmdef)
Assembly with name 'Converter' already exists (Assets/HotUpdate/Utility/Scripts/Converter/Converter.asmdef)
Assembly with name 'Pooled.Editor' already exists (Assets/Utility/Services/Pooled/Editor/Pooled.Editor.asmdef)
Assembly with name 'Pooled.Editor' already exists (Assets/HotUpdate/Utility/Scripts/Pooled/Editor/Pooled.Editor.asmdef)
Assembly with name 'Pooled.Editor' already exists (Assets/Services/Pooled/Editor/Pooled.Editor.asmdef)
Assembly with name 'Pooled.Editor' already exists (Assets/HotUpdate/Utility/Scripts/Pooled/Editor/Pooled.Editor.asmdef)
Assembly with name 'Pooled.TMP_Text' already exists (Assets/Utility/Services/Pooled/Extensions/TMP_Text/Pooled.TMP_Text.asmdef)
Assembly with name 'Pooled.TMP_Text' already exists (Assets/HotUpdate/Utility/Scripts/Pooled/Extensions/TMP_Text/Pooled.TMP_Text.asmdef)
Assembly with name 'Pooled.Tests' already exists (Assets/Services/Pooled/Editor/Tests/Pooled.Tests.asmdef)
Assembly with name 'Pooled.Tests' already exists (Assets/HotUpdate/Utility/Scripts/Pooled/Editor/Tests/Pooled.Tests.asmdef)
Assembly with name 'TimeFormat.TMP_Text' already exists (Assets/HotUpdate/Utility/Scripts/TimeFormat/Extensions/TMP_Text/TimeFormat.TMP_Text.asmdef)
Assembly with name 'TimeFormat.TMP_Text' already exists (Assets/Utility/Services/TimeFormat/Extensions/TMP_Text/TimeFormat.TMP_Text.asmdef)
Assembly with name 'Converter' already exists (Assets/Utility/Services/Converter/Converter.asmdef)
Assembly with name 'Converter' already exists (Assets/HotUpdate/Utility/Scripts/Converter/Converter.asmdef)
Assembly with name 'Converter' already exists (Assets/Services/Converter/Converter.asmdef)
Assembly with name 'Converter' already exists (Assets/HotUpdate/Utility/Scripts/Converter/Converter.asmdef)
Assembly with name 'Pooled' already exists (Assets/Utility/Services/Pooled/Pooled.asmdef)
Assembly with name 'Pooled' already exists (Assets/Utility/Scripts/Pooled/Pooled.asmdef)
Assembly with name 'SystemTime' already exists (Assets/Utility/Services/Time/Time.asmdef)
Assembly with name 'SystemTime' already exists (Assets/Utility/Scripts/Time/Time.asmdef)
Assembly with name 'TimeFormat.Editor' already exists (Assets/Utility/Services/TimeFormat/Editor/TimeFormat.Editor.asmdef)
Assembly with name 'TimeFormat.Editor' already exists (Assets/HotUpdate/Utility/Scripts/TimeFormat/Editor/TimeFormat.Editor.asmdef)
Assembly with name 'TimeFormat.TMP_Text' already exists (Assets/Utility/Scripts/TimeFormat/Extensions/TMP_Text/TimeFormat.TMP_Text.asmdef)
Assembly with name 'TimeFormat.TMP_Text' already exists (Assets/Utility/Services/TimeFormat/Extensions/TMP_Text/TimeFormat.TMP_Text.asmdef)
Assembly with name 'TimeFormat' already exists (Assets/Utility/Scripts/TimeFormat/TimeFormat.asmdef)
Assembly with name 'TimeFormat' already exists (Assets/HotUpdate/Utility/Scripts/TimeFormat/TimeFormat.asmdef)
Assembly with name 'TimeFormat' already exists (Assets/Services/TimeFormat/TimeFormat.asmdef)
Assembly with name 'TimeFormat' already exists (Assets/HotUpdate/Utility/Scripts/TimeFormat/TimeFormat.asmdef)
Assembly with name 'TimeFormat.TMP_Text' already exists (Assets/Services/TimeFormat/Extensions/TMP_Text/TimeFormat.TMP_Text.asmdef)
Assembly with name 'TimeFormat.TMP_Text' already exists (Assets/Utility/Services/TimeFormat/Extensions/TMP_Text/TimeFormat.TMP_Text.asmdef)
Assembly with name 'Pooled.Tests' already exists (Assets/Utility/Scripts/Pooled/Editor/Tests/Pooled.Tests.asmdef)
Assembly with name 'Pooled.Tests' already exists (Assets/HotUpdate/Utility/Scripts/Pooled/Editor/Tests/Pooled.Tests.asmdef)
Assembly with name 'SystemTime' already exists (Assets/Services/Time/Time.asmdef)
Assembly with name 'SystemTime' already exists (Assets/Utility/Scripts/Time/Time.asmdef)
Assembly with name 'Pooled.Tests' already exists (Assets/Utility/Services/Pooled/Editor/Tests/Pooled.Tests.asmdef)
Assembly with name 'Pooled.Tests' already exists (Assets/HotUpdate/Utility/Scripts/Pooled/Editor/Tests/Pooled.Tests.asmdef)
Assembly with name 'Pooled.Editor' already exists (Assets/Utility/Scripts/Pooled/Editor/Pooled.Editor.asmdef)
Assembly with name 'Pooled.Editor' already exists (Assets/HotUpdate/Utility/Scripts/Pooled/Editor/Pooled.Editor.asmdef)
Assembly with name 'Pooled' already exists (Assets/Services/Pooled/Pooled.asmdef)
Assembly with name 'Pooled' already exists (Assets/Utility/Scripts/Pooled/Pooled.asmdef)
Assembly with name 'TimeFormat.Tests' already exists (Assets/Services/TimeFormat/Editor/Test/TimeFormat.Tests.asmdef)
Assembly with name 'TimeFormat.Tests' already exists (Assets/Utility/Scripts/TimeFormat/Editor/Test/TimeFormat.Tests.asmdef)
Assembly with name 'TimeFormat.Editor' already exists (Assets/Services/TimeFormat/Editor/TimeFormat.Editor.asmdef)
Assembly with name 'TimeFormat.Editor' already exists (Assets/HotUpdate/Utility/Scripts/TimeFormat/Editor/TimeFormat.Editor.asmdef)
Assembly with name 'TimeFormat.Tests' already exists (Assets/Utility/Services/TimeFormat/Editor/Test/TimeFormat.Tests.asmdef)
Assembly with name 'TimeFormat.Tests' already exists (Assets/Utility/Scripts/TimeFormat/Editor/Test/TimeFormat.Tests.asmdef)
Assembly with name 'TimeFormat.Editor' already exists (Assets/Utility/Scripts/TimeFormat/Editor/TimeFormat.Editor.asmdef)
Assembly with name 'TimeFormat.Editor' already exists (Assets/HotUpdate/Utility/Scripts/TimeFormat/Editor/TimeFormat.Editor.asmdef)
Assembly with name 'Pooled' already exists (Assets/HotUpdate/Utility/Scripts/Pooled/Pooled.asmdef)
Assembly with name 'Pooled' already exists (Assets/Utility/Scripts/Pooled/Pooled.asmdef)
Assembly with name 'Pooled.TMP_Text' already exists (Assets/Services/Pooled/Extensions/TMP_Text/Pooled.TMP_Text.asmdef)
Assembly with name 'Pooled.TMP_Text' already exists (Assets/HotUpdate/Utility/Scripts/Pooled/Extensions/TMP_Text/Pooled.TMP_Text.asmdef)
Assembly with name 'Pooled.TMP_Text' already exists (Assets/Utility/Scripts/Pooled/Extensions/TMP_Text/Pooled.TMP_Text.asmdef)
Assembly with name 'Pooled.TMP_Text' already exists (Assets/HotUpdate/Utility/Scripts/Pooled/Extensions/TMP_Text/Pooled.TMP_Text.asmdef)
Assembly with name 'SystemTime' already exists (Assets/HotUpdate/Utility/Scripts/Time/Time.asmdef)
Assembly with name 'SystemTime' already exists (Assets/Utility/Scripts/Time/Time.asmdef)
Assembly with name 'TimeFormat' already exists (Assets/Utility/Services/TimeFormat/TimeFormat.asmdef)
Assembly with name 'TimeFormat' already exists (Assets/HotUpdate/Utility/Scripts/TimeFormat/TimeFormat.asmdef)
Assembly with name 'TimeFormat.Tests' already exists (Assets/HotUpdate/Utility/Scripts/TimeFormat/Editor/Test/TimeFormat.Tests.asmdef)
Assembly with name 'TimeFormat.Tests' already exists (Assets/Utility/Scripts/TimeFormat/Editor/Test/TimeFormat.Tests.asmdef)
Caller must complete domain reload
Assembly with name 'Converter' already exists (Assets/Utility/Scripts/Converter/Converter.asmdef)
Assembly with name 'Converter' already exists (Assets/HotUpdate/Utility/Scripts/Converter/Converter.asmdef)
Assembly with name 'Pooled.Editor' already exists (Assets/Utility/Services/Pooled/Editor/Pooled.Editor.asmdef)
Assembly with name 'Pooled.Editor' already exists (Assets/HotUpdate/Utility/Scripts/Pooled/Editor/Pooled.Editor.asmdef)
Assembly with name 'Pooled.Editor' already exists (Assets/Services/Pooled/Editor/Pooled.Editor.asmdef)
Assembly with name 'Pooled.Editor' already exists (Assets/HotUpdate/Utility/Scripts/Pooled/Editor/Pooled.Editor.asmdef)
Assembly with name 'Pooled.TMP_Text' already exists (Assets/Utility/Services/Pooled/Extensions/TMP_Text/Pooled.TMP_Text.asmdef)
Assembly with name 'Pooled.TMP_Text' already exists (Assets/HotUpdate/Utility/Scripts/Pooled/Extensions/TMP_Text/Pooled.TMP_Text.asmdef)
Assembly with name 'Pooled.Tests' already exists (Assets/Services/Pooled/Editor/Tests/Pooled.Tests.asmdef)
Assembly with name 'Pooled.Tests' already exists (Assets/HotUpdate/Utility/Scripts/Pooled/Editor/Tests/Pooled.Tests.asmdef)
Assembly with name 'TimeFormat.TMP_Text' already exists (Assets/HotUpdate/Utility/Scripts/TimeFormat/Extensions/TMP_Text/TimeFormat.TMP_Text.asmdef)
Assembly with name 'TimeFormat.TMP_Text' already exists (Assets/Utility/Services/TimeFormat/Extensions/TMP_Text/TimeFormat.TMP_Text.asmdef)
Assembly with name 'Converter' already exists (Assets/Utility/Services/Converter/Converter.asmdef)
Assembly with name 'Converter' already exists (Assets/HotUpdate/Utility/Scripts/Converter/Converter.asmdef)
Assembly with name 'Converter' already exists (Assets/Services/Converter/Converter.asmdef)
Assembly with name 'Converter' already exists (Assets/HotUpdate/Utility/Scripts/Converter/Converter.asmdef)
Assembly with name 'Pooled' already exists (Assets/Utility/Services/Pooled/Pooled.asmdef)
Assembly with name 'Pooled' already exists (Assets/Utility/Scripts/Pooled/Pooled.asmdef)
Assembly with name 'SystemTime' already exists (Assets/Utility/Services/Time/Time.asmdef)
Assembly with name 'SystemTime' already exists (Assets/Utility/Scripts/Time/Time.asmdef)
Assembly with name 'TimeFormat.Editor' already exists (Assets/Utility/Services/TimeFormat/Editor/TimeFormat.Editor.asmdef)
Assembly with name 'TimeFormat.Editor' already exists (Assets/HotUpdate/Utility/Scripts/TimeFormat/Editor/TimeFormat.Editor.asmdef)
Assembly with name 'TimeFormat.TMP_Text' already exists (Assets/Utility/Scripts/TimeFormat/Extensions/TMP_Text/TimeFormat.TMP_Text.asmdef)
Assembly with name 'TimeFormat.TMP_Text' already exists (Assets/Utility/Services/TimeFormat/Extensions/TMP_Text/TimeFormat.TMP_Text.asmdef)
Assembly with name 'TimeFormat' already exists (Assets/Utility/Scripts/TimeFormat/TimeFormat.asmdef)
Assembly with name 'TimeFormat' already exists (Assets/HotUpdate/Utility/Scripts/TimeFormat/TimeFormat.asmdef)
Assembly with name 'TimeFormat' already exists (Assets/Services/TimeFormat/TimeFormat.asmdef)
Assembly with name 'TimeFormat' already exists (Assets/HotUpdate/Utility/Scripts/TimeFormat/TimeFormat.asmdef)
Assembly with name 'TimeFormat.TMP_Text' already exists (Assets/Services/TimeFormat/Extensions/TMP_Text/TimeFormat.TMP_Text.asmdef)
Assembly with name 'TimeFormat.TMP_Text' already exists (Assets/Utility/Services/TimeFormat/Extensions/TMP_Text/TimeFormat.TMP_Text.asmdef)
Assembly with name 'Pooled.Tests' already exists (Assets/Utility/Scripts/Pooled/Editor/Tests/Pooled.Tests.asmdef)
Assembly with name 'Pooled.Tests' already exists (Assets/HotUpdate/Utility/Scripts/Pooled/Editor/Tests/Pooled.Tests.asmdef)
Assembly with name 'SystemTime' already exists (Assets/Services/Time/Time.asmdef)
Assembly with name 'SystemTime' already exists (Assets/Utility/Scripts/Time/Time.asmdef)
Assembly with name 'Pooled.Tests' already exists (Assets/Utility/Services/Pooled/Editor/Tests/Pooled.Tests.asmdef)
Assembly with name 'Pooled.Tests' already exists (Assets/HotUpdate/Utility/Scripts/Pooled/Editor/Tests/Pooled.Tests.asmdef)
Assembly with name 'Pooled.Editor' already exists (Assets/Utility/Scripts/Pooled/Editor/Pooled.Editor.asmdef)
Assembly with name 'Pooled.Editor' already exists (Assets/HotUpdate/Utility/Scripts/Pooled/Editor/Pooled.Editor.asmdef)
Assembly with name 'Pooled' already exists (Assets/Services/Pooled/Pooled.asmdef)
Assembly with name 'Pooled' already exists (Assets/Utility/Scripts/Pooled/Pooled.asmdef)
Assembly with name 'TimeFormat.Tests' already exists (Assets/Services/TimeFormat/Editor/Test/TimeFormat.Tests.asmdef)
Assembly with name 'TimeFormat.Tests' already exists (Assets/Utility/Scripts/TimeFormat/Editor/Test/TimeFormat.Tests.asmdef)
Assembly with name 'TimeFormat.Editor' already exists (Assets/Services/TimeFormat/Editor/TimeFormat.Editor.asmdef)
Assembly with name 'TimeFormat.Editor' already exists (Assets/HotUpdate/Utility/Scripts/TimeFormat/Editor/TimeFormat.Editor.asmdef)
Assembly with name 'TimeFormat.Tests' already exists (Assets/Utility/Services/TimeFormat/Editor/Test/TimeFormat.Tests.asmdef)
Assembly with name 'TimeFormat.Tests' already exists (Assets/Utility/Scripts/TimeFormat/Editor/Test/TimeFormat.Tests.asmdef)
Assembly with name 'TimeFormat.Editor' already exists (Assets/Utility/Scripts/TimeFormat/Editor/TimeFormat.Editor.asmdef)
Assembly with name 'TimeFormat.Editor' already exists (Assets/HotUpdate/Utility/Scripts/TimeFormat/Editor/TimeFormat.Editor.asmdef)
Assembly with name 'Pooled' already exists (Assets/HotUpdate/Utility/Scripts/Pooled/Pooled.asmdef)
Assembly with name 'Pooled' already exists (Assets/Utility/Scripts/Pooled/Pooled.asmdef)
Assembly with name 'Pooled.TMP_Text' already exists (Assets/Services/Pooled/Extensions/TMP_Text/Pooled.TMP_Text.asmdef)
Assembly with name 'Pooled.TMP_Text' already exists (Assets/HotUpdate/Utility/Scripts/Pooled/Extensions/TMP_Text/Pooled.TMP_Text.asmdef)
Assembly with name 'Pooled.TMP_Text' already exists (Assets/Utility/Scripts/Pooled/Extensions/TMP_Text/Pooled.TMP_Text.asmdef)
Assembly with name 'Pooled.TMP_Text' already exists (Assets/HotUpdate/Utility/Scripts/Pooled/Extensions/TMP_Text/Pooled.TMP_Text.asmdef)
Assembly with name 'SystemTime' already exists (Assets/HotUpdate/Utility/Scripts/Time/Time.asmdef)
Assembly with name 'SystemTime' already exists (Assets/Utility/Scripts/Time/Time.asmdef)
Assembly with name 'TimeFormat' already exists (Assets/Utility/Services/TimeFormat/TimeFormat.asmdef)
Assembly with name 'TimeFormat' already exists (Assets/HotUpdate/Utility/Scripts/TimeFormat/TimeFormat.asmdef)
Assembly with name 'TimeFormat.Tests' already exists (Assets/HotUpdate/Utility/Scripts/TimeFormat/Editor/Test/TimeFormat.Tests.asmdef)
Assembly with name 'TimeFormat.Tests' already exists (Assets/Utility/Scripts/TimeFormat/Editor/Test/TimeFormat.Tests.asmdef)
Begin MonoManager ReloadAssembly
- Loaded All Assemblies, in  0.460 seconds
Native extension for WindowsStandalone target not found
Native extension for iOS target not found
Native extension for Android target not found
Assembly with name 'Converter' already exists (Assets/Utility/Scripts/Converter/Converter.asmdef)
Assembly with name 'Converter' already exists (Assets/HotUpdate/Utility/Scripts/Converter/Converter.asmdef)
Assembly with name 'Pooled.Editor' already exists (Assets/Utility/Services/Pooled/Editor/Pooled.Editor.asmdef)
Assembly with name 'Pooled.Editor' already exists (Assets/HotUpdate/Utility/Scripts/Pooled/Editor/Pooled.Editor.asmdef)
Assembly with name 'Pooled.Editor' already exists (Assets/Services/Pooled/Editor/Pooled.Editor.asmdef)
Assembly with name 'Pooled.Editor' already exists (Assets/HotUpdate/Utility/Scripts/Pooled/Editor/Pooled.Editor.asmdef)
Assembly with name 'Pooled.TMP_Text' already exists (Assets/Utility/Services/Pooled/Extensions/TMP_Text/Pooled.TMP_Text.asmdef)
Assembly with name 'Pooled.TMP_Text' already exists (Assets/HotUpdate/Utility/Scripts/Pooled/Extensions/TMP_Text/Pooled.TMP_Text.asmdef)
Assembly with name 'Pooled.Tests' already exists (Assets/Services/Pooled/Editor/Tests/Pooled.Tests.asmdef)
Assembly with name 'Pooled.Tests' already exists (Assets/HotUpdate/Utility/Scripts/Pooled/Editor/Tests/Pooled.Tests.asmdef)
Assembly with name 'TimeFormat.TMP_Text' already exists (Assets/HotUpdate/Utility/Scripts/TimeFormat/Extensions/TMP_Text/TimeFormat.TMP_Text.asmdef)
Assembly with name 'TimeFormat.TMP_Text' already exists (Assets/Utility/Services/TimeFormat/Extensions/TMP_Text/TimeFormat.TMP_Text.asmdef)
Assembly with name 'Converter' already exists (Assets/Utility/Services/Converter/Converter.asmdef)
Assembly with name 'Converter' already exists (Assets/HotUpdate/Utility/Scripts/Converter/Converter.asmdef)
Assembly with name 'Converter' already exists (Assets/Services/Converter/Converter.asmdef)
Assembly with name 'Converter' already exists (Assets/HotUpdate/Utility/Scripts/Converter/Converter.asmdef)
Assembly with name 'Pooled' already exists (Assets/Utility/Services/Pooled/Pooled.asmdef)
Assembly with name 'Pooled' already exists (Assets/Utility/Scripts/Pooled/Pooled.asmdef)
Assembly with name 'SystemTime' already exists (Assets/Utility/Services/Time/Time.asmdef)
Assembly with name 'SystemTime' already exists (Assets/Utility/Scripts/Time/Time.asmdef)
Assembly with name 'TimeFormat.Editor' already exists (Assets/Utility/Services/TimeFormat/Editor/TimeFormat.Editor.asmdef)
Assembly with name 'TimeFormat.Editor' already exists (Assets/HotUpdate/Utility/Scripts/TimeFormat/Editor/TimeFormat.Editor.asmdef)
Assembly with name 'TimeFormat.TMP_Text' already exists (Assets/Utility/Scripts/TimeFormat/Extensions/TMP_Text/TimeFormat.TMP_Text.asmdef)
Assembly with name 'TimeFormat.TMP_Text' already exists (Assets/Utility/Services/TimeFormat/Extensions/TMP_Text/TimeFormat.TMP_Text.asmdef)
Assembly with name 'TimeFormat' already exists (Assets/Utility/Scripts/TimeFormat/TimeFormat.asmdef)
Assembly with name 'TimeFormat' already exists (Assets/HotUpdate/Utility/Scripts/TimeFormat/TimeFormat.asmdef)
Assembly with name 'TimeFormat' already exists (Assets/Services/TimeFormat/TimeFormat.asmdef)
Assembly with name 'TimeFormat' already exists (Assets/HotUpdate/Utility/Scripts/TimeFormat/TimeFormat.asmdef)
Assembly with name 'TimeFormat.TMP_Text' already exists (Assets/Services/TimeFormat/Extensions/TMP_Text/TimeFormat.TMP_Text.asmdef)
Assembly with name 'TimeFormat.TMP_Text' already exists (Assets/Utility/Services/TimeFormat/Extensions/TMP_Text/TimeFormat.TMP_Text.asmdef)
Assembly with name 'Pooled.Tests' already exists (Assets/Utility/Scripts/Pooled/Editor/Tests/Pooled.Tests.asmdef)
Assembly with name 'Pooled.Tests' already exists (Assets/HotUpdate/Utility/Scripts/Pooled/Editor/Tests/Pooled.Tests.asmdef)
Assembly with name 'SystemTime' already exists (Assets/Services/Time/Time.asmdef)
Assembly with name 'SystemTime' already exists (Assets/Utility/Scripts/Time/Time.asmdef)
Assembly with name 'Pooled.Tests' already exists (Assets/Utility/Services/Pooled/Editor/Tests/Pooled.Tests.asmdef)
Assembly with name 'Pooled.Tests' already exists (Assets/HotUpdate/Utility/Scripts/Pooled/Editor/Tests/Pooled.Tests.asmdef)
Assembly with name 'Pooled.Editor' already exists (Assets/Utility/Scripts/Pooled/Editor/Pooled.Editor.asmdef)
Assembly with name 'Pooled.Editor' already exists (Assets/HotUpdate/Utility/Scripts/Pooled/Editor/Pooled.Editor.asmdef)
Assembly with name 'Pooled' already exists (Assets/Services/Pooled/Pooled.asmdef)
Assembly with name 'Pooled' already exists (Assets/Utility/Scripts/Pooled/Pooled.asmdef)
Assembly with name 'TimeFormat.Tests' already exists (Assets/Services/TimeFormat/Editor/Test/TimeFormat.Tests.asmdef)
Assembly with name 'TimeFormat.Tests' already exists (Assets/Utility/Scripts/TimeFormat/Editor/Test/TimeFormat.Tests.asmdef)
Assembly with name 'TimeFormat.Editor' already exists (Assets/Services/TimeFormat/Editor/TimeFormat.Editor.asmdef)
Assembly with name 'TimeFormat.Editor' already exists (Assets/HotUpdate/Utility/Scripts/TimeFormat/Editor/TimeFormat.Editor.asmdef)
Assembly with name 'TimeFormat.Tests' already exists (Assets/Utility/Services/TimeFormat/Editor/Test/TimeFormat.Tests.asmdef)
Assembly with name 'TimeFormat.Tests' already exists (Assets/Utility/Scripts/TimeFormat/Editor/Test/TimeFormat.Tests.asmdef)
Assembly with name 'TimeFormat.Editor' already exists (Assets/Utility/Scripts/TimeFormat/Editor/TimeFormat.Editor.asmdef)
Assembly with name 'TimeFormat.Editor' already exists (Assets/HotUpdate/Utility/Scripts/TimeFormat/Editor/TimeFormat.Editor.asmdef)
Assembly with name 'Pooled' already exists (Assets/HotUpdate/Utility/Scripts/Pooled/Pooled.asmdef)
Assembly with name 'Pooled' already exists (Assets/Utility/Scripts/Pooled/Pooled.asmdef)
Assembly with name 'Pooled.TMP_Text' already exists (Assets/Services/Pooled/Extensions/TMP_Text/Pooled.TMP_Text.asmdef)
Assembly with name 'Pooled.TMP_Text' already exists (Assets/HotUpdate/Utility/Scripts/Pooled/Extensions/TMP_Text/Pooled.TMP_Text.asmdef)
Assembly with name 'Pooled.TMP_Text' already exists (Assets/Utility/Scripts/Pooled/Extensions/TMP_Text/Pooled.TMP_Text.asmdef)
Assembly with name 'Pooled.TMP_Text' already exists (Assets/HotUpdate/Utility/Scripts/Pooled/Extensions/TMP_Text/Pooled.TMP_Text.asmdef)
Assembly with name 'SystemTime' already exists (Assets/HotUpdate/Utility/Scripts/Time/Time.asmdef)
Assembly with name 'SystemTime' already exists (Assets/Utility/Scripts/Time/Time.asmdef)
Assembly with name 'TimeFormat' already exists (Assets/Utility/Services/TimeFormat/TimeFormat.asmdef)
Assembly with name 'TimeFormat' already exists (Assets/HotUpdate/Utility/Scripts/TimeFormat/TimeFormat.asmdef)
Assembly with name 'TimeFormat.Tests' already exists (Assets/HotUpdate/Utility/Scripts/TimeFormat/Editor/Test/TimeFormat.Tests.asmdef)
Assembly with name 'TimeFormat.Tests' already exists (Assets/Utility/Scripts/TimeFormat/Editor/Test/TimeFormat.Tests.asmdef)
Mono: successfully reloaded assembly
- Finished resetting the current domain, in  0.817 seconds
Domain Reload Profiling: 1276ms
	BeginReloadAssembly (144ms)
		ExecutionOrderSort (0ms)
		DisableScriptedObjects (4ms)
		BackupInstance (0ms)
		ReleaseScriptingObjects (0ms)
		CreateAndSetChildDomain (27ms)
	RebuildCommonClasses (36ms)
	RebuildNativeTypeToScriptingClass (13ms)
	initialDomainReloadingComplete (39ms)
	LoadAllAssembliesAndSetupDomain (227ms)
		LoadAssemblies (296ms)
		RebuildTransferFunctionScriptingTraits (0ms)
		AnalyzeDomain (18ms)
			TypeCache.Refresh (7ms)
				TypeCache.ScanAssembly (0ms)
			ScanForSourceGeneratedMonoScriptInfo (6ms)
			ResolveRequiredComponents (3ms)
	FinalizeReload (817ms)
		ReleaseScriptCaches (0ms)
		RebuildScriptCaches (0ms)
		SetupLoadedEditorAssemblies (385ms)
			LogAssemblyErrors (0ms)
			InitializePlatformSupportModulesInManaged (25ms)
			SetLoadedEditorAssemblies (4ms)
			RefreshPlugins (0ms)
			BeforeProcessingInitializeOnLoad (83ms)
			ProcessInitializeOnLoadAttributes (243ms)
			ProcessInitializeOnLoadMethodAttributes (22ms)
			AfterProcessingInitializeOnLoad (7ms)
			EditorAssembliesLoaded (0ms)
		ExecutionOrderSort2 (0ms)
		AwakeInstancesAfterBackupRestoration (11ms)
Refreshing native plugins compatible for Editor in 1.95 ms, found 4 plugins.
Preloading 0 native plugins for Editor in 0.00 ms.
Unloading 4255 Unused Serialized files (Serialized files now loaded: 0)
Unloading 24 unused Assets / (33.7 KB). Loaded Objects now: 4806.
Memory consumption went from 151.9 MB to 151.9 MB.
Total: 3.220300 ms (FindLiveObjects: 0.193700 ms CreateObjectMapping: 0.094800 ms MarkObjects: 2.869200 ms  DeleteObjects: 0.061400 ms)

Prepare: number of updated asset objects reloaded= 0
AssetImportParameters requested are different than current active one (requested -> active):
  custom:scripting/monoscript/fileName/Pooled.cs: baad0cab28575340793c5f53e885a6c4 -> cc9dde24a210a09c81ccd567f812f7f5
  custom:container-demuxer-ogg: 62fdf1f143b41e24485cea50d1cbac27 -> 
  custom:scripting/monoscript/fileName/Pooled.TMP_Text.cs: a92ef4f9461d963a03ce3513e6feb2e9 -> 1771dab09d685ca888553b84cf88ad68
  custom:scripting/monoscript/fileName/DateFormat.cs: 5ee8ffb2f9a8c45cdb8729643aa539ae -> ed347d33eeb678b14e4abcfa67ee6414
  custom:video-codec-MediaFoundation-h265: 746d11721c4dcdbdad8f713fa42b33f4 -> 
  custom:video-decoder-ogg-theora: a1e56fd34408186e4bbccfd4996cb3dc -> 
  custom:scripting/monoscript/fileName/MapLongIntConverter.cs: cac9c0c36b85ebec03eed6b196c587f3 -> 198d1bce87a4c09dc3abda029a3119ab
  custom:scripting/precompiled-assembly-types:TimeFormat: 6d4a1e77502fe8961e9ef7de10638446 -> 57203823c46105faafc43ae197f6f4ca
  custom:scripting/monoscript/fileName/DateFormatTest.cs: 87f1e5d6f74d151f0e3b6c5aaac155e0 -> f2ceb48ff4b41406f6de9337dde229d4
  custom:framework-win-MediaFoundation: 216162199b28c13a410421893ffa2e32 -> 
  custom:scripting/monoscript/fileName/NewBehaviourScript.cs: 703cac14def72cad3b67b6c8fcdd650c -> 
  custom:scripting/monoscript/fileName/ConvertUtility.cs: b008f65e78f7bf89556fe97cb76fb4d3 -> 927bc4a982abdcaa84e56dfdb46b2cbb
  custom:scripting/precompiled-assembly-types:TimeFormat.TMP_Text: cd1c242309f2ac781468485f8860f302 -> 967252e62fb87db8773533e585e4c322
  custom:scripting/monoscript/fileName/Pooled.Collection.cs: 716086397f6fce3cf59561531ac052e5 -> 90647cc400823b41df847a6cbfc29026
  custom:scripting/monoscript/fileName/BitmapConverter.cs: bef8b0754ce803040d5a34241bac00a7 -> 12195687a10fb5a33146a377ab118aa6
  custom:scripting/monoscript/fileName/HashSetLongReverseConverter.cs: a7cbafa91cdd0e3708b092796562a868 -> 932d93a08099455ffa60234096f0bc2c
  custom:scripting/monoscript/fileName/PooledChars.cs: 33880515bd376b511b6adaad23c845ab -> 21fa764a5afa8b56c3e877b4892d83d0
  custom:scripting/monoscript/fileName/Launcher.Configure.cs: 0cdf409b5aa8d4c25876d72b5c6a3b60 -> 
  custom:scripting/precompiled-assembly-types:TimeFormat.Tests: 7a5bdcca3fd2fe5564c87584e6959e0f -> 17ab779a0d411127942b86927b2dc166
  custom:scripting/precompiled-assembly-types:Pooled.Editor: fa10dbda0f98c59fa57f342ce5b8db3d -> 64cdb4d0b09fde53e895bff1f3267621
  custom:scripting/monoscript/fileName/IConverterCollectorSystem.cs: 716086397f6fce3cf59561531ac052e5 -> 90647cc400823b41df847a6cbfc29026
  custom:scripting/monoscript/fileName/MonitoredObjectPoolMemoryWindow.cs: 59b16281f30e691a756f58cb5d9a8b60 -> ddc01cc66b15815883e46a79dbae273a
  custom:CustomObjectIndexerAttribute: 9a22284fe3817be447336de3de66b15e -> 
  custom:scripting/precompiled-assembly-types:Pooled.TMP_Text: 92558fb10d66941a554c40cb582c3db5 -> 3175b5d3dfbf646ba5fc016628a7a8b2
  custom:scripting/monoscript/fileName/HashSetIntConverter.cs: b5db394041c6646ac4fd66508f5786f4 -> 336b59b95aa86a855094c372f6281efc
  custom:scripting/monoscript/fileName/HashSetLongConverter.cs: a1cab3b4ffce114d592ca6c175a5f63d -> bffc50741551ba327e3defbf92ea631c
  custom:scripting/precompiled-assembly-types:Converter: 9c7eeca5229a3a42351e9ebcae44f77d -> ee394a20b19999bd51514d0170308fef
  custom:container-demuxer-webm: 4f35f7cbe854078d1ac9338744f61a02 -> 
  custom:scripting/monoscript/fileName/PooledStringBuilder.cs: 6043f7e32526ae7771d6c5e21572c929 -> 
  custom:scripting/monoscript/fileName/HashSetIntReverseConverter.cs: f04f195534430a1a5aa1033234bed4af -> 06c076a9053026cf8408e19462593778
  custom:scripting/monoscript/fileName/Pooled.Map.cs: 716086397f6fce3cf59561531ac052e5 -> 90647cc400823b41df847a6cbfc29026
  custom:scripting/precompiled-assembly-types:Pooled.Tests: 5bf323a3bc5ed9c432319119ab1c09db -> 0c2e9c09f1a2b2407f50a1f01f3ca010
  custom:scripting/monoscript/fileName/MapIntIntConverter.cs: 9620af3d9654ec97245971bd53d35ab6 -> 295a5843cb6d0fcae5fda9644abd3119
  custom:scripting/monoscript/fileName/RepeatedField.cs: 716086397f6fce3cf59561531ac052e5 -> 90647cc400823b41df847a6cbfc29026
  custom:scripting/monoscript/fileName/ListIntConverter.cs: 436b2b3f5ca930ff78d428c441ef8c8a -> ff3a1298932b804b0d15be3a4a8f007d
  custom:scripting/monoscript/fileName/MapIntBitReverseConverter.cs: e14fde3dcc64c3c0d176ccdd1d016eae -> 8b8bfcfc92e7150c7cab6194df938961
  custom:scripting/monoscript/fileName/ConverterCollector.cs: 23f82105a25a75216e658215522f0c07 -> 8f6297df34271fdb1ce2d9607ec6261d
  custom:container-muxer-webm: aa71ff27fc2769a1b78a27578f13a17b -> 
  custom:scripting/monoscript/fileName/ConverterCollectorSystem.cs: 716086397f6fce3cf59561531ac052e5 -> 90647cc400823b41df847a6cbfc29026
  custom:video-decoder-webm-vp8: 9c59270c3fd7afecdb556c50c9e8de78 -> 
  custom:scripting/monoscript/fileName/IConverter.cs: 23f82105a25a75216e658215522f0c07 -> 8f6297df34271fdb1ce2d9607ec6261d
  custom:scripting/monoscript/fileName/TimeFormat.TMP_Text.cs: 04b153d1e87700945c251cd57f0caf28 -> f6a319b78dfa7c00602caf474b9ca715
  custom:SearchIndexIgnoredProperties: e643bd26f0fe6173181afceb89e7c659 -> 
  custom:scripting/monoscript/fileName/BitmapTimingResetConverter.cs: 0a600efde2430e87d9d3b74fefe851b4 -> 16be4e68c9559384167314f33f2262ce
  custom:AudioImporter_EditorPlatform: d09bf68614088b80899f8185d706f6e7 -> 
  custom:scripting/monoscript/fileName/ConverterCollectorSystem.Config.cs: 716086397f6fce3cf59561531ac052e5 -> 90647cc400823b41df847a6cbfc29026
  custom:scripting/monoscript/fileName/SystemTime.cs: 0871270ccfddc6f47e3ac605866cf236 -> aebab7d5993158d333c473fe5ad2e983
  custom:scripting/monoscript/fileName/IConverterCollector.cs: 7204df85a06eb33c552568921744fc7f -> 0cdf409b5aa8d4c25876d72b5c6a3b60
  custom:scripting/monoscript/fileName/DateFormat.TMP_Text.cs: 121711a8ea84a13844106aa2e82a1cd2 -> cfa4ac74668713a9594e154b6b707e11
  custom:scripting/monoscript/fileName/MapIntBitConverter.cs: dce2875ca3c4cad9ab6f13f6a6965680 -> 79a8119290488a133b2d9f55c8d3a0d3
  custom:scripting/monoscript/fileName/DailyRedPointManager.cs: 513629b390c64237ae10fadc04fe33e2 -> 01ec27a3aa6e2eef520171695290b082
  custom:scripting/monoscript/fileName/CBitmap.cs: ec0fdd5ea2398b1b65c18ea095c42afb -> f8c1ae0cca981124d219ae3b6d8e6182
  custom:scripting/monoscript/fileName/PooledTest.cs: 28426ac1d0a0bad5d092e27ae3a87191 -> d0e5b41c51d29f0613407ea0dc9a2ae1
  custom:scripting/monoscript/fileName/BitmapReverseConverter.cs: 1fc067da77a3ccc221d0c0fe577e4e0f -> acc59c8855034e2bb91a751805bc12bb
  custom:scripting/monoscript/fileName/Launcher.cs: 745ba4f9e406e404fa9fd9828d66549b -> 5bb5cfe85734624b9dda7f37e40514f0
  custom:video-encoder-webm-vp8: eb34c28f22e8b96e1ab97ce403110664 -> 
  custom:audio-decoder-ogg-vorbis: bf7c407c2cedff20999df2af8eb42d56 -> 
  custom:scripting/monoscript/fileName/MonitoredObjectPool.cs: 07c2f06c1be72f5574a820b4727b45d6 -> 9182583f5d8b6c16ed73aee3a076a254
  custom:scripting/monoscript/fileName/MapLongBitConverter.cs: 43ce4e9aba0920885e00f67136ef7071 -> 328f00929818c8c69bb5b89f3bcc9604
  custom:scripting/monoscript/fileName/PooledBitArray.cs: 63242dbc45c4894086d10ce96dcd98d8 -> 
  custom:scripting/monoscript/fileName/MapIntLongConverter.cs: 31cf1c377d37f97e076e6bb7ba8ce6bd -> a2cdffcab0400670150cdf9d6f279bf8
  custom:scripting/precompiled-assembly-types:SystemTime: a9afdb8eba24b40bf6e6d2e0d79e8e29 -> de93446e31aab50ce934d7feaa3d7a7d
  custom:scripting/monoscript/fileName/MapLongBitReverseConverter.cs: 3a3a53b77999da0e1aba4b8aa6a2efb1 -> 1d61913e53bfc7ab7acf8ae1d97259f0
  custom:scripting/monoscript/fileName/ListLongConverter.cs: 8035177bb4988529bdf021b5674f63f7 -> 067d4451cabf17e3cfccb1cb88d8f36b
  custom:scripting/precompiled-assembly-types:HotUpdate: 2604a2b3a63c878ba0c6bc0792590b0b -> 
  custom:scripting/monoscript/fileName/TimeFormatTest.cs: 93a42fa151a026f2dc7824ac0622d2a5 -> f90ae55604080c97eefe0555e4b0ad3c
  custom:audio-encoder-webm-vorbis: bf7c407c2cedff20999df2af8eb42d56 -> 
  custom:scripting/monoscript/fileName/TimeFormat.cs: 9204fd782b26c55826382465702b381a -> 3d1d90addaffbea026682521871bf1e2
  custom:scripting/precompiled-assembly-types:Pooled: 90ae12e970b0a4c25cdd11d8926c1a55 -> 6162124d200d88ea66aabea2add4abf0
  custom:scripting/monoscript/fileName/MapLongLongConverter.cs: 5e2c827038738a02120b98610ada1a79 -> b43590451b2c3721d1491012e5c4185c
========================================================================
Received Import Request.
  Time since last request: 73.304451 seconds.
  path: Assets/HotUpdate/HotUpdate.asmdef
  artifactKey: Guid(d0c41103e50cb444e96ebb92f2610482) Importer(815301076,1909f56bfc062723c751e8b465ee728b)
Start importing Assets/HotUpdate/HotUpdate.asmdef using Guid(d0c41103e50cb444e96ebb92f2610482) Importer(815301076,1909f56bfc062723c751e8b465ee728b) [PhysX] Initialized MultithreadedTaskDispatcher with 20 workers.
 -> (artifact id: 'a6149ccbfa18f68a50377df64c22c122') in 0.001257 seconds
Number of updated asset objects reloaded before import = 0
Number of asset objects unloaded after import = 0
========================================================================
Received Prepare
Assembly with name 'Converter' already exists (Assets/Utility/Scripts/Converter/Converter.asmdef)
Assembly with name 'Converter' already exists (Assets/HotUpdate/Utility/Scripts/Converter/Converter.asmdef)
Assembly with name 'Pooled.Editor' already exists (Assets/Utility/Services/Pooled/Editor/Pooled.Editor.asmdef)
Assembly with name 'Pooled.Editor' already exists (Assets/HotUpdate/Utility/Scripts/Pooled/Editor/Pooled.Editor.asmdef)
Assembly with name 'Pooled.Editor' already exists (Assets/Services/Pooled/Editor/Pooled.Editor.asmdef)
Assembly with name 'Pooled.Editor' already exists (Assets/HotUpdate/Utility/Scripts/Pooled/Editor/Pooled.Editor.asmdef)
Assembly with name 'Pooled.TMP_Text' already exists (Assets/Utility/Services/Pooled/Extensions/TMP_Text/Pooled.TMP_Text.asmdef)
Assembly with name 'Pooled.TMP_Text' already exists (Assets/HotUpdate/Utility/Scripts/Pooled/Extensions/TMP_Text/Pooled.TMP_Text.asmdef)
Assembly with name 'Pooled.Tests' already exists (Assets/Services/Pooled/Editor/Tests/Pooled.Tests.asmdef)
Assembly with name 'Pooled.Tests' already exists (Assets/HotUpdate/Utility/Scripts/Pooled/Editor/Tests/Pooled.Tests.asmdef)
Assembly with name 'TimeFormat.TMP_Text' already exists (Assets/HotUpdate/Utility/Scripts/TimeFormat/Extensions/TMP_Text/TimeFormat.TMP_Text.asmdef)
Assembly with name 'TimeFormat.TMP_Text' already exists (Assets/Utility/Services/TimeFormat/Extensions/TMP_Text/TimeFormat.TMP_Text.asmdef)
Assembly with name 'Converter' already exists (Assets/Utility/Services/Converter/Converter.asmdef)
Assembly with name 'Converter' already exists (Assets/HotUpdate/Utility/Scripts/Converter/Converter.asmdef)
Assembly with name 'Converter' already exists (Assets/Services/Converter/Converter.asmdef)
Assembly with name 'Converter' already exists (Assets/HotUpdate/Utility/Scripts/Converter/Converter.asmdef)
Assembly with name 'Pooled' already exists (Assets/Utility/Services/Pooled/Pooled.asmdef)
Assembly with name 'Pooled' already exists (Assets/Utility/Scripts/Pooled/Pooled.asmdef)
Assembly with name 'SystemTime' already exists (Assets/Utility/Services/Time/Time.asmdef)
Assembly with name 'SystemTime' already exists (Assets/Utility/Scripts/Time/Time.asmdef)
Assembly with name 'TimeFormat.Editor' already exists (Assets/Utility/Services/TimeFormat/Editor/TimeFormat.Editor.asmdef)
Assembly with name 'TimeFormat.Editor' already exists (Assets/HotUpdate/Utility/Scripts/TimeFormat/Editor/TimeFormat.Editor.asmdef)
Assembly with name 'TimeFormat.TMP_Text' already exists (Assets/Utility/Scripts/TimeFormat/Extensions/TMP_Text/TimeFormat.TMP_Text.asmdef)
Assembly with name 'TimeFormat.TMP_Text' already exists (Assets/Utility/Services/TimeFormat/Extensions/TMP_Text/TimeFormat.TMP_Text.asmdef)
Assembly with name 'TimeFormat' already exists (Assets/Utility/Scripts/TimeFormat/TimeFormat.asmdef)
Assembly with name 'TimeFormat' already exists (Assets/HotUpdate/Utility/Scripts/TimeFormat/TimeFormat.asmdef)
Assembly with name 'TimeFormat' already exists (Assets/Services/TimeFormat/TimeFormat.asmdef)
Assembly with name 'TimeFormat' already exists (Assets/HotUpdate/Utility/Scripts/TimeFormat/TimeFormat.asmdef)
Assembly with name 'TimeFormat.TMP_Text' already exists (Assets/Services/TimeFormat/Extensions/TMP_Text/TimeFormat.TMP_Text.asmdef)
Assembly with name 'TimeFormat.TMP_Text' already exists (Assets/Utility/Services/TimeFormat/Extensions/TMP_Text/TimeFormat.TMP_Text.asmdef)
Assembly with name 'Pooled.Tests' already exists (Assets/Utility/Scripts/Pooled/Editor/Tests/Pooled.Tests.asmdef)
Assembly with name 'Pooled.Tests' already exists (Assets/HotUpdate/Utility/Scripts/Pooled/Editor/Tests/Pooled.Tests.asmdef)
Assembly with name 'SystemTime' already exists (Assets/Services/Time/Time.asmdef)
Assembly with name 'SystemTime' already exists (Assets/Utility/Scripts/Time/Time.asmdef)
Assembly with name 'Pooled.Tests' already exists (Assets/Utility/Services/Pooled/Editor/Tests/Pooled.Tests.asmdef)
Assembly with name 'Pooled.Tests' already exists (Assets/HotUpdate/Utility/Scripts/Pooled/Editor/Tests/Pooled.Tests.asmdef)
Assembly with name 'Pooled.Editor' already exists (Assets/Utility/Scripts/Pooled/Editor/Pooled.Editor.asmdef)
Assembly with name 'Pooled.Editor' already exists (Assets/HotUpdate/Utility/Scripts/Pooled/Editor/Pooled.Editor.asmdef)
Assembly with name 'Pooled' already exists (Assets/Services/Pooled/Pooled.asmdef)
Assembly with name 'Pooled' already exists (Assets/Utility/Scripts/Pooled/Pooled.asmdef)
Assembly with name 'TimeFormat.Tests' already exists (Assets/Services/TimeFormat/Editor/Test/TimeFormat.Tests.asmdef)
Assembly with name 'TimeFormat.Tests' already exists (Assets/Utility/Scripts/TimeFormat/Editor/Test/TimeFormat.Tests.asmdef)
Assembly with name 'TimeFormat.Editor' already exists (Assets/Services/TimeFormat/Editor/TimeFormat.Editor.asmdef)
Assembly with name 'TimeFormat.Editor' already exists (Assets/HotUpdate/Utility/Scripts/TimeFormat/Editor/TimeFormat.Editor.asmdef)
Assembly with name 'TimeFormat.Tests' already exists (Assets/Utility/Services/TimeFormat/Editor/Test/TimeFormat.Tests.asmdef)
Assembly with name 'TimeFormat.Tests' already exists (Assets/Utility/Scripts/TimeFormat/Editor/Test/TimeFormat.Tests.asmdef)
Assembly with name 'TimeFormat.Editor' already exists (Assets/Utility/Scripts/TimeFormat/Editor/TimeFormat.Editor.asmdef)
Assembly with name 'TimeFormat.Editor' already exists (Assets/HotUpdate/Utility/Scripts/TimeFormat/Editor/TimeFormat.Editor.asmdef)
Assembly with name 'Pooled' already exists (Assets/HotUpdate/Utility/Scripts/Pooled/Pooled.asmdef)
Assembly with name 'Pooled' already exists (Assets/Utility/Scripts/Pooled/Pooled.asmdef)
Assembly with name 'Pooled.TMP_Text' already exists (Assets/Services/Pooled/Extensions/TMP_Text/Pooled.TMP_Text.asmdef)
Assembly with name 'Pooled.TMP_Text' already exists (Assets/HotUpdate/Utility/Scripts/Pooled/Extensions/TMP_Text/Pooled.TMP_Text.asmdef)
Assembly with name 'Pooled.TMP_Text' already exists (Assets/Utility/Scripts/Pooled/Extensions/TMP_Text/Pooled.TMP_Text.asmdef)
Assembly with name 'Pooled.TMP_Text' already exists (Assets/HotUpdate/Utility/Scripts/Pooled/Extensions/TMP_Text/Pooled.TMP_Text.asmdef)
Assembly with name 'SystemTime' already exists (Assets/HotUpdate/Utility/Scripts/Time/Time.asmdef)
Assembly with name 'SystemTime' already exists (Assets/Utility/Scripts/Time/Time.asmdef)
Assembly with name 'TimeFormat' already exists (Assets/Utility/Services/TimeFormat/TimeFormat.asmdef)
Assembly with name 'TimeFormat' already exists (Assets/HotUpdate/Utility/Scripts/TimeFormat/TimeFormat.asmdef)
Assembly with name 'TimeFormat.Tests' already exists (Assets/HotUpdate/Utility/Scripts/TimeFormat/Editor/Test/TimeFormat.Tests.asmdef)
Assembly with name 'TimeFormat.Tests' already exists (Assets/Utility/Scripts/TimeFormat/Editor/Test/TimeFormat.Tests.asmdef)
Caller must complete domain reload
Assembly with name 'Converter' already exists (Assets/Utility/Scripts/Converter/Converter.asmdef)
Assembly with name 'Converter' already exists (Assets/HotUpdate/Utility/Scripts/Converter/Converter.asmdef)
Assembly with name 'Pooled.Editor' already exists (Assets/Utility/Services/Pooled/Editor/Pooled.Editor.asmdef)
Assembly with name 'Pooled.Editor' already exists (Assets/HotUpdate/Utility/Scripts/Pooled/Editor/Pooled.Editor.asmdef)
Assembly with name 'Pooled.Editor' already exists (Assets/Services/Pooled/Editor/Pooled.Editor.asmdef)
Assembly with name 'Pooled.Editor' already exists (Assets/HotUpdate/Utility/Scripts/Pooled/Editor/Pooled.Editor.asmdef)
Assembly with name 'Pooled.TMP_Text' already exists (Assets/Utility/Services/Pooled/Extensions/TMP_Text/Pooled.TMP_Text.asmdef)
Assembly with name 'Pooled.TMP_Text' already exists (Assets/HotUpdate/Utility/Scripts/Pooled/Extensions/TMP_Text/Pooled.TMP_Text.asmdef)
Assembly with name 'Pooled.Tests' already exists (Assets/Services/Pooled/Editor/Tests/Pooled.Tests.asmdef)
Assembly with name 'Pooled.Tests' already exists (Assets/HotUpdate/Utility/Scripts/Pooled/Editor/Tests/Pooled.Tests.asmdef)
Assembly with name 'TimeFormat.TMP_Text' already exists (Assets/HotUpdate/Utility/Scripts/TimeFormat/Extensions/TMP_Text/TimeFormat.TMP_Text.asmdef)
Assembly with name 'TimeFormat.TMP_Text' already exists (Assets/Utility/Services/TimeFormat/Extensions/TMP_Text/TimeFormat.TMP_Text.asmdef)
Assembly with name 'Converter' already exists (Assets/Utility/Services/Converter/Converter.asmdef)
Assembly with name 'Converter' already exists (Assets/HotUpdate/Utility/Scripts/Converter/Converter.asmdef)
Assembly with name 'Converter' already exists (Assets/Services/Converter/Converter.asmdef)
Assembly with name 'Converter' already exists (Assets/HotUpdate/Utility/Scripts/Converter/Converter.asmdef)
Assembly with name 'Pooled' already exists (Assets/Utility/Services/Pooled/Pooled.asmdef)
Assembly with name 'Pooled' already exists (Assets/Utility/Scripts/Pooled/Pooled.asmdef)
Assembly with name 'SystemTime' already exists (Assets/Utility/Services/Time/Time.asmdef)
Assembly with name 'SystemTime' already exists (Assets/Utility/Scripts/Time/Time.asmdef)
Assembly with name 'TimeFormat.Editor' already exists (Assets/Utility/Services/TimeFormat/Editor/TimeFormat.Editor.asmdef)
Assembly with name 'TimeFormat.Editor' already exists (Assets/HotUpdate/Utility/Scripts/TimeFormat/Editor/TimeFormat.Editor.asmdef)
Assembly with name 'TimeFormat.TMP_Text' already exists (Assets/Utility/Scripts/TimeFormat/Extensions/TMP_Text/TimeFormat.TMP_Text.asmdef)
Assembly with name 'TimeFormat.TMP_Text' already exists (Assets/Utility/Services/TimeFormat/Extensions/TMP_Text/TimeFormat.TMP_Text.asmdef)
Assembly with name 'TimeFormat' already exists (Assets/Utility/Scripts/TimeFormat/TimeFormat.asmdef)
Assembly with name 'TimeFormat' already exists (Assets/HotUpdate/Utility/Scripts/TimeFormat/TimeFormat.asmdef)
Assembly with name 'TimeFormat' already exists (Assets/Services/TimeFormat/TimeFormat.asmdef)
Assembly with name 'TimeFormat' already exists (Assets/HotUpdate/Utility/Scripts/TimeFormat/TimeFormat.asmdef)
Assembly with name 'TimeFormat.TMP_Text' already exists (Assets/Services/TimeFormat/Extensions/TMP_Text/TimeFormat.TMP_Text.asmdef)
Assembly with name 'TimeFormat.TMP_Text' already exists (Assets/Utility/Services/TimeFormat/Extensions/TMP_Text/TimeFormat.TMP_Text.asmdef)
Assembly with name 'Pooled.Tests' already exists (Assets/Utility/Scripts/Pooled/Editor/Tests/Pooled.Tests.asmdef)
Assembly with name 'Pooled.Tests' already exists (Assets/HotUpdate/Utility/Scripts/Pooled/Editor/Tests/Pooled.Tests.asmdef)
Assembly with name 'SystemTime' already exists (Assets/Services/Time/Time.asmdef)
Assembly with name 'SystemTime' already exists (Assets/Utility/Scripts/Time/Time.asmdef)
Assembly with name 'Pooled.Tests' already exists (Assets/Utility/Services/Pooled/Editor/Tests/Pooled.Tests.asmdef)
Assembly with name 'Pooled.Tests' already exists (Assets/HotUpdate/Utility/Scripts/Pooled/Editor/Tests/Pooled.Tests.asmdef)
Assembly with name 'Pooled.Editor' already exists (Assets/Utility/Scripts/Pooled/Editor/Pooled.Editor.asmdef)
Assembly with name 'Pooled.Editor' already exists (Assets/HotUpdate/Utility/Scripts/Pooled/Editor/Pooled.Editor.asmdef)
Assembly with name 'Pooled' already exists (Assets/Services/Pooled/Pooled.asmdef)
Assembly with name 'Pooled' already exists (Assets/Utility/Scripts/Pooled/Pooled.asmdef)
Assembly with name 'TimeFormat.Tests' already exists (Assets/Services/TimeFormat/Editor/Test/TimeFormat.Tests.asmdef)
Assembly with name 'TimeFormat.Tests' already exists (Assets/Utility/Scripts/TimeFormat/Editor/Test/TimeFormat.Tests.asmdef)
Assembly with name 'TimeFormat.Editor' already exists (Assets/Services/TimeFormat/Editor/TimeFormat.Editor.asmdef)
Assembly with name 'TimeFormat.Editor' already exists (Assets/HotUpdate/Utility/Scripts/TimeFormat/Editor/TimeFormat.Editor.asmdef)
Assembly with name 'TimeFormat.Tests' already exists (Assets/Utility/Services/TimeFormat/Editor/Test/TimeFormat.Tests.asmdef)
Assembly with name 'TimeFormat.Tests' already exists (Assets/Utility/Scripts/TimeFormat/Editor/Test/TimeFormat.Tests.asmdef)
Assembly with name 'TimeFormat.Editor' already exists (Assets/Utility/Scripts/TimeFormat/Editor/TimeFormat.Editor.asmdef)
Assembly with name 'TimeFormat.Editor' already exists (Assets/HotUpdate/Utility/Scripts/TimeFormat/Editor/TimeFormat.Editor.asmdef)
Assembly with name 'Pooled' already exists (Assets/HotUpdate/Utility/Scripts/Pooled/Pooled.asmdef)
Assembly with name 'Pooled' already exists (Assets/Utility/Scripts/Pooled/Pooled.asmdef)
Assembly with name 'Pooled.TMP_Text' already exists (Assets/Services/Pooled/Extensions/TMP_Text/Pooled.TMP_Text.asmdef)
Assembly with name 'Pooled.TMP_Text' already exists (Assets/HotUpdate/Utility/Scripts/Pooled/Extensions/TMP_Text/Pooled.TMP_Text.asmdef)
Assembly with name 'Pooled.TMP_Text' already exists (Assets/Utility/Scripts/Pooled/Extensions/TMP_Text/Pooled.TMP_Text.asmdef)
Assembly with name 'Pooled.TMP_Text' already exists (Assets/HotUpdate/Utility/Scripts/Pooled/Extensions/TMP_Text/Pooled.TMP_Text.asmdef)
Assembly with name 'SystemTime' already exists (Assets/HotUpdate/Utility/Scripts/Time/Time.asmdef)
Assembly with name 'SystemTime' already exists (Assets/Utility/Scripts/Time/Time.asmdef)
Assembly with name 'TimeFormat' already exists (Assets/Utility/Services/TimeFormat/TimeFormat.asmdef)
Assembly with name 'TimeFormat' already exists (Assets/HotUpdate/Utility/Scripts/TimeFormat/TimeFormat.asmdef)
Assembly with name 'TimeFormat.Tests' already exists (Assets/HotUpdate/Utility/Scripts/TimeFormat/Editor/Test/TimeFormat.Tests.asmdef)
Assembly with name 'TimeFormat.Tests' already exists (Assets/Utility/Scripts/TimeFormat/Editor/Test/TimeFormat.Tests.asmdef)
Begin MonoManager ReloadAssembly
- Loaded All Assemblies, in  0.339 seconds
Native extension for WindowsStandalone target not found
Native extension for iOS target not found
Native extension for Android target not found
Assembly with name 'Converter' already exists (Assets/Utility/Scripts/Converter/Converter.asmdef)
Assembly with name 'Converter' already exists (Assets/HotUpdate/Utility/Scripts/Converter/Converter.asmdef)
Assembly with name 'Pooled.Editor' already exists (Assets/Utility/Services/Pooled/Editor/Pooled.Editor.asmdef)
Assembly with name 'Pooled.Editor' already exists (Assets/HotUpdate/Utility/Scripts/Pooled/Editor/Pooled.Editor.asmdef)
Assembly with name 'Pooled.Editor' already exists (Assets/Services/Pooled/Editor/Pooled.Editor.asmdef)
Assembly with name 'Pooled.Editor' already exists (Assets/HotUpdate/Utility/Scripts/Pooled/Editor/Pooled.Editor.asmdef)
Assembly with name 'Pooled.TMP_Text' already exists (Assets/Utility/Services/Pooled/Extensions/TMP_Text/Pooled.TMP_Text.asmdef)
Assembly with name 'Pooled.TMP_Text' already exists (Assets/HotUpdate/Utility/Scripts/Pooled/Extensions/TMP_Text/Pooled.TMP_Text.asmdef)
Assembly with name 'Pooled.Tests' already exists (Assets/Services/Pooled/Editor/Tests/Pooled.Tests.asmdef)
Assembly with name 'Pooled.Tests' already exists (Assets/HotUpdate/Utility/Scripts/Pooled/Editor/Tests/Pooled.Tests.asmdef)
Assembly with name 'TimeFormat.TMP_Text' already exists (Assets/HotUpdate/Utility/Scripts/TimeFormat/Extensions/TMP_Text/TimeFormat.TMP_Text.asmdef)
Assembly with name 'TimeFormat.TMP_Text' already exists (Assets/Utility/Services/TimeFormat/Extensions/TMP_Text/TimeFormat.TMP_Text.asmdef)
Assembly with name 'Converter' already exists (Assets/Utility/Services/Converter/Converter.asmdef)
Assembly with name 'Converter' already exists (Assets/HotUpdate/Utility/Scripts/Converter/Converter.asmdef)
Assembly with name 'Converter' already exists (Assets/Services/Converter/Converter.asmdef)
Assembly with name 'Converter' already exists (Assets/HotUpdate/Utility/Scripts/Converter/Converter.asmdef)
Assembly with name 'Pooled' already exists (Assets/Utility/Services/Pooled/Pooled.asmdef)
Assembly with name 'Pooled' already exists (Assets/Utility/Scripts/Pooled/Pooled.asmdef)
Assembly with name 'SystemTime' already exists (Assets/Utility/Services/Time/Time.asmdef)
Assembly with name 'SystemTime' already exists (Assets/Utility/Scripts/Time/Time.asmdef)
Assembly with name 'TimeFormat.Editor' already exists (Assets/Utility/Services/TimeFormat/Editor/TimeFormat.Editor.asmdef)
Assembly with name 'TimeFormat.Editor' already exists (Assets/HotUpdate/Utility/Scripts/TimeFormat/Editor/TimeFormat.Editor.asmdef)
Assembly with name 'TimeFormat.TMP_Text' already exists (Assets/Utility/Scripts/TimeFormat/Extensions/TMP_Text/TimeFormat.TMP_Text.asmdef)
Assembly with name 'TimeFormat.TMP_Text' already exists (Assets/Utility/Services/TimeFormat/Extensions/TMP_Text/TimeFormat.TMP_Text.asmdef)
Assembly with name 'TimeFormat' already exists (Assets/Utility/Scripts/TimeFormat/TimeFormat.asmdef)
Assembly with name 'TimeFormat' already exists (Assets/HotUpdate/Utility/Scripts/TimeFormat/TimeFormat.asmdef)
Assembly with name 'TimeFormat' already exists (Assets/Services/TimeFormat/TimeFormat.asmdef)
Assembly with name 'TimeFormat' already exists (Assets/HotUpdate/Utility/Scripts/TimeFormat/TimeFormat.asmdef)
Assembly with name 'TimeFormat.TMP_Text' already exists (Assets/Services/TimeFormat/Extensions/TMP_Text/TimeFormat.TMP_Text.asmdef)
Assembly with name 'TimeFormat.TMP_Text' already exists (Assets/Utility/Services/TimeFormat/Extensions/TMP_Text/TimeFormat.TMP_Text.asmdef)
Assembly with name 'Pooled.Tests' already exists (Assets/Utility/Scripts/Pooled/Editor/Tests/Pooled.Tests.asmdef)
Assembly with name 'Pooled.Tests' already exists (Assets/HotUpdate/Utility/Scripts/Pooled/Editor/Tests/Pooled.Tests.asmdef)
Assembly with name 'SystemTime' already exists (Assets/Services/Time/Time.asmdef)
Assembly with name 'SystemTime' already exists (Assets/Utility/Scripts/Time/Time.asmdef)
Assembly with name 'Pooled.Tests' already exists (Assets/Utility/Services/Pooled/Editor/Tests/Pooled.Tests.asmdef)
Assembly with name 'Pooled.Tests' already exists (Assets/HotUpdate/Utility/Scripts/Pooled/Editor/Tests/Pooled.Tests.asmdef)
Assembly with name 'Pooled.Editor' already exists (Assets/Utility/Scripts/Pooled/Editor/Pooled.Editor.asmdef)
Assembly with name 'Pooled.Editor' already exists (Assets/HotUpdate/Utility/Scripts/Pooled/Editor/Pooled.Editor.asmdef)
Assembly with name 'Pooled' already exists (Assets/Services/Pooled/Pooled.asmdef)
Assembly with name 'Pooled' already exists (Assets/Utility/Scripts/Pooled/Pooled.asmdef)
Assembly with name 'TimeFormat.Tests' already exists (Assets/Services/TimeFormat/Editor/Test/TimeFormat.Tests.asmdef)
Assembly with name 'TimeFormat.Tests' already exists (Assets/Utility/Scripts/TimeFormat/Editor/Test/TimeFormat.Tests.asmdef)
Assembly with name 'TimeFormat.Editor' already exists (Assets/Services/TimeFormat/Editor/TimeFormat.Editor.asmdef)
Assembly with name 'TimeFormat.Editor' already exists (Assets/HotUpdate/Utility/Scripts/TimeFormat/Editor/TimeFormat.Editor.asmdef)
Assembly with name 'TimeFormat.Tests' already exists (Assets/Utility/Services/TimeFormat/Editor/Test/TimeFormat.Tests.asmdef)
Assembly with name 'TimeFormat.Tests' already exists (Assets/Utility/Scripts/TimeFormat/Editor/Test/TimeFormat.Tests.asmdef)
Assembly with name 'TimeFormat.Editor' already exists (Assets/Utility/Scripts/TimeFormat/Editor/TimeFormat.Editor.asmdef)
Assembly with name 'TimeFormat.Editor' already exists (Assets/HotUpdate/Utility/Scripts/TimeFormat/Editor/TimeFormat.Editor.asmdef)
Assembly with name 'Pooled' already exists (Assets/HotUpdate/Utility/Scripts/Pooled/Pooled.asmdef)
Assembly with name 'Pooled' already exists (Assets/Utility/Scripts/Pooled/Pooled.asmdef)
Assembly with name 'Pooled.TMP_Text' already exists (Assets/Services/Pooled/Extensions/TMP_Text/Pooled.TMP_Text.asmdef)
Assembly with name 'Pooled.TMP_Text' already exists (Assets/HotUpdate/Utility/Scripts/Pooled/Extensions/TMP_Text/Pooled.TMP_Text.asmdef)
Assembly with name 'Pooled.TMP_Text' already exists (Assets/Utility/Scripts/Pooled/Extensions/TMP_Text/Pooled.TMP_Text.asmdef)
Assembly with name 'Pooled.TMP_Text' already exists (Assets/HotUpdate/Utility/Scripts/Pooled/Extensions/TMP_Text/Pooled.TMP_Text.asmdef)
Assembly with name 'SystemTime' already exists (Assets/HotUpdate/Utility/Scripts/Time/Time.asmdef)
Assembly with name 'SystemTime' already exists (Assets/Utility/Scripts/Time/Time.asmdef)
Assembly with name 'TimeFormat' already exists (Assets/Utility/Services/TimeFormat/TimeFormat.asmdef)
Assembly with name 'TimeFormat' already exists (Assets/HotUpdate/Utility/Scripts/TimeFormat/TimeFormat.asmdef)
Assembly with name 'TimeFormat.Tests' already exists (Assets/HotUpdate/Utility/Scripts/TimeFormat/Editor/Test/TimeFormat.Tests.asmdef)
Assembly with name 'TimeFormat.Tests' already exists (Assets/Utility/Scripts/TimeFormat/Editor/Test/TimeFormat.Tests.asmdef)
Mono: successfully reloaded assembly
- Finished resetting the current domain, in  0.700 seconds
Domain Reload Profiling: 1038ms
	BeginReloadAssembly (113ms)
		ExecutionOrderSort (0ms)
		DisableScriptedObjects (3ms)
		BackupInstance (0ms)
		ReleaseScriptingObjects (0ms)
		CreateAndSetChildDomain (26ms)
	RebuildCommonClasses (24ms)
	RebuildNativeTypeToScriptingClass (8ms)
	initialDomainReloadingComplete (21ms)
	LoadAllAssembliesAndSetupDomain (173ms)
		LoadAssemblies (211ms)
		RebuildTransferFunctionScriptingTraits (0ms)
		AnalyzeDomain (21ms)
			TypeCache.Refresh (9ms)
				TypeCache.ScanAssembly (0ms)
			ScanForSourceGeneratedMonoScriptInfo (5ms)
			ResolveRequiredComponents (4ms)
	FinalizeReload (701ms)
		ReleaseScriptCaches (0ms)
		RebuildScriptCaches (0ms)
		SetupLoadedEditorAssemblies (381ms)
			LogAssemblyErrors (0ms)
			InitializePlatformSupportModulesInManaged (23ms)
			SetLoadedEditorAssemblies (4ms)
			RefreshPlugins (0ms)
			BeforeProcessingInitializeOnLoad (90ms)
			ProcessInitializeOnLoadAttributes (241ms)
			ProcessInitializeOnLoadMethodAttributes (17ms)
			AfterProcessingInitializeOnLoad (5ms)
			EditorAssembliesLoaded (0ms)
		ExecutionOrderSort2 (0ms)
		AwakeInstancesAfterBackupRestoration (9ms)
Refreshing native plugins compatible for Editor in 1.89 ms, found 4 plugins.
Preloading 0 native plugins for Editor in 0.00 ms.
Unloading 4255 Unused Serialized files (Serialized files now loaded: 0)
Unloading 24 unused Assets / (33.7 KB). Loaded Objects now: 4810.
Memory consumption went from 151.9 MB to 151.9 MB.
Total: 2.375200 ms (FindLiveObjects: 0.224300 ms CreateObjectMapping: 0.094100 ms MarkObjects: 2.018800 ms  DeleteObjects: 0.036900 ms)

Prepare: number of updated asset objects reloaded= 0
AssetImportParameters requested are different than current active one (requested -> active):
  custom:scripting/monoscript/fileName/Pooled.cs: baad0cab28575340793c5f53e885a6c4 -> cc9dde24a210a09c81ccd567f812f7f5
  custom:container-demuxer-ogg: 62fdf1f143b41e24485cea50d1cbac27 -> 
  custom:scripting/monoscript/fileName/Pooled.TMP_Text.cs: a92ef4f9461d963a03ce3513e6feb2e9 -> 1771dab09d685ca888553b84cf88ad68
  custom:scripting/monoscript/fileName/DateFormat.cs: 5ee8ffb2f9a8c45cdb8729643aa539ae -> ed347d33eeb678b14e4abcfa67ee6414
  custom:video-codec-MediaFoundation-h265: 746d11721c4dcdbdad8f713fa42b33f4 -> 
  custom:video-decoder-ogg-theora: a1e56fd34408186e4bbccfd4996cb3dc -> 
  custom:scripting/monoscript/fileName/MapLongIntConverter.cs: cac9c0c36b85ebec03eed6b196c587f3 -> 198d1bce87a4c09dc3abda029a3119ab
  custom:scripting/precompiled-assembly-types:TimeFormat: 6d4a1e77502fe8961e9ef7de10638446 -> 57203823c46105faafc43ae197f6f4ca
  custom:scripting/monoscript/fileName/DateFormatTest.cs: 87f1e5d6f74d151f0e3b6c5aaac155e0 -> f2ceb48ff4b41406f6de9337dde229d4
  custom:framework-win-MediaFoundation: 216162199b28c13a410421893ffa2e32 -> 
  custom:scripting/monoscript/fileName/NewBehaviourScript.cs: 703cac14def72cad3b67b6c8fcdd650c -> 
  custom:scripting/monoscript/fileName/ConvertUtility.cs: b008f65e78f7bf89556fe97cb76fb4d3 -> 927bc4a982abdcaa84e56dfdb46b2cbb
  custom:scripting/precompiled-assembly-types:TimeFormat.TMP_Text: cd1c242309f2ac781468485f8860f302 -> 967252e62fb87db8773533e585e4c322
  custom:scripting/monoscript/fileName/Pooled.Collection.cs: 716086397f6fce3cf59561531ac052e5 -> 90647cc400823b41df847a6cbfc29026
  custom:scripting/monoscript/fileName/BitmapConverter.cs: bef8b0754ce803040d5a34241bac00a7 -> 12195687a10fb5a33146a377ab118aa6
  custom:scripting/monoscript/fileName/HashSetLongReverseConverter.cs: a7cbafa91cdd0e3708b092796562a868 -> 932d93a08099455ffa60234096f0bc2c
  custom:scripting/monoscript/fileName/PooledChars.cs: 33880515bd376b511b6adaad23c845ab -> 21fa764a5afa8b56c3e877b4892d83d0
  custom:scripting/monoscript/fileName/Launcher.Configure.cs: 0cdf409b5aa8d4c25876d72b5c6a3b60 -> 
  custom:scripting/precompiled-assembly-types:TimeFormat.Tests: 7a5bdcca3fd2fe5564c87584e6959e0f -> 17ab779a0d411127942b86927b2dc166
  custom:scripting/precompiled-assembly-types:Pooled.Editor: fa10dbda0f98c59fa57f342ce5b8db3d -> 64cdb4d0b09fde53e895bff1f3267621
  custom:scripting/monoscript/fileName/IConverterCollectorSystem.cs: 716086397f6fce3cf59561531ac052e5 -> 90647cc400823b41df847a6cbfc29026
  custom:scripting/monoscript/fileName/MonitoredObjectPoolMemoryWindow.cs: 59b16281f30e691a756f58cb5d9a8b60 -> ddc01cc66b15815883e46a79dbae273a
  custom:CustomObjectIndexerAttribute: 9a22284fe3817be447336de3de66b15e -> 
  custom:scripting/precompiled-assembly-types:Pooled.TMP_Text: 92558fb10d66941a554c40cb582c3db5 -> 3175b5d3dfbf646ba5fc016628a7a8b2
  custom:scripting/monoscript/fileName/HashSetIntConverter.cs: b5db394041c6646ac4fd66508f5786f4 -> 336b59b95aa86a855094c372f6281efc
  custom:scripting/monoscript/fileName/HashSetLongConverter.cs: a1cab3b4ffce114d592ca6c175a5f63d -> bffc50741551ba327e3defbf92ea631c
  custom:scripting/precompiled-assembly-types:Converter: 9c7eeca5229a3a42351e9ebcae44f77d -> ee394a20b19999bd51514d0170308fef
  custom:container-demuxer-webm: 4f35f7cbe854078d1ac9338744f61a02 -> 
  custom:scripting/monoscript/fileName/PooledStringBuilder.cs: 6043f7e32526ae7771d6c5e21572c929 -> 
  custom:scripting/monoscript/fileName/HashSetIntReverseConverter.cs: f04f195534430a1a5aa1033234bed4af -> 06c076a9053026cf8408e19462593778
  custom:scripting/monoscript/fileName/Pooled.Map.cs: 716086397f6fce3cf59561531ac052e5 -> 90647cc400823b41df847a6cbfc29026
  custom:scripting/precompiled-assembly-types:Pooled.Tests: 5bf323a3bc5ed9c432319119ab1c09db -> 0c2e9c09f1a2b2407f50a1f01f3ca010
  custom:scripting/monoscript/fileName/MapIntIntConverter.cs: 9620af3d9654ec97245971bd53d35ab6 -> 295a5843cb6d0fcae5fda9644abd3119
  custom:scripting/monoscript/fileName/RepeatedField.cs: 716086397f6fce3cf59561531ac052e5 -> 90647cc400823b41df847a6cbfc29026
  custom:scripting/monoscript/fileName/ListIntConverter.cs: 436b2b3f5ca930ff78d428c441ef8c8a -> ff3a1298932b804b0d15be3a4a8f007d
  custom:scripting/monoscript/fileName/MapIntBitReverseConverter.cs: e14fde3dcc64c3c0d176ccdd1d016eae -> 8b8bfcfc92e7150c7cab6194df938961
  custom:scripting/monoscript/fileName/ConverterCollector.cs: 23f82105a25a75216e658215522f0c07 -> 8f6297df34271fdb1ce2d9607ec6261d
  custom:container-muxer-webm: aa71ff27fc2769a1b78a27578f13a17b -> 
  custom:scripting/monoscript/fileName/ConverterCollectorSystem.cs: 716086397f6fce3cf59561531ac052e5 -> 90647cc400823b41df847a6cbfc29026
  custom:video-decoder-webm-vp8: 9c59270c3fd7afecdb556c50c9e8de78 -> 
  custom:scripting/monoscript/fileName/IConverter.cs: 23f82105a25a75216e658215522f0c07 -> 8f6297df34271fdb1ce2d9607ec6261d
  custom:scripting/monoscript/fileName/TimeFormat.TMP_Text.cs: 04b153d1e87700945c251cd57f0caf28 -> f6a319b78dfa7c00602caf474b9ca715
  custom:SearchIndexIgnoredProperties: e643bd26f0fe6173181afceb89e7c659 -> 
  custom:scripting/monoscript/fileName/BitmapTimingResetConverter.cs: 0a600efde2430e87d9d3b74fefe851b4 -> 16be4e68c9559384167314f33f2262ce
  custom:AudioImporter_EditorPlatform: d09bf68614088b80899f8185d706f6e7 -> 
  custom:scripting/monoscript/fileName/ConverterCollectorSystem.Config.cs: 716086397f6fce3cf59561531ac052e5 -> 90647cc400823b41df847a6cbfc29026
  custom:scripting/monoscript/fileName/SystemTime.cs: 0871270ccfddc6f47e3ac605866cf236 -> aebab7d5993158d333c473fe5ad2e983
  custom:scripting/monoscript/fileName/IConverterCollector.cs: 7204df85a06eb33c552568921744fc7f -> 0cdf409b5aa8d4c25876d72b5c6a3b60
  custom:scripting/monoscript/fileName/DateFormat.TMP_Text.cs: 121711a8ea84a13844106aa2e82a1cd2 -> cfa4ac74668713a9594e154b6b707e11
  custom:scripting/monoscript/fileName/MapIntBitConverter.cs: dce2875ca3c4cad9ab6f13f6a6965680 -> 79a8119290488a133b2d9f55c8d3a0d3
  custom:scripting/monoscript/fileName/DailyRedPointManager.cs: 513629b390c64237ae10fadc04fe33e2 -> 01ec27a3aa6e2eef520171695290b082
  custom:scripting/monoscript/fileName/CBitmap.cs: ec0fdd5ea2398b1b65c18ea095c42afb -> f8c1ae0cca981124d219ae3b6d8e6182
  custom:scripting/monoscript/fileName/PooledTest.cs: 28426ac1d0a0bad5d092e27ae3a87191 -> d0e5b41c51d29f0613407ea0dc9a2ae1
  custom:scripting/monoscript/fileName/BitmapReverseConverter.cs: 1fc067da77a3ccc221d0c0fe577e4e0f -> acc59c8855034e2bb91a751805bc12bb
  custom:scripting/monoscript/fileName/Launcher.cs: fc0c233cdf2db662ad083a18ee6c8ee8 -> 5bb5cfe85734624b9dda7f37e40514f0
  custom:video-encoder-webm-vp8: eb34c28f22e8b96e1ab97ce403110664 -> 
  custom:audio-decoder-ogg-vorbis: bf7c407c2cedff20999df2af8eb42d56 -> 
  custom:scripting/monoscript/fileName/MonitoredObjectPool.cs: 07c2f06c1be72f5574a820b4727b45d6 -> 9182583f5d8b6c16ed73aee3a076a254
  custom:scripting/monoscript/fileName/MapLongBitConverter.cs: 43ce4e9aba0920885e00f67136ef7071 -> 328f00929818c8c69bb5b89f3bcc9604
  custom:scripting/monoscript/fileName/PooledBitArray.cs: 63242dbc45c4894086d10ce96dcd98d8 -> 
  custom:scripting/monoscript/fileName/MapIntLongConverter.cs: 31cf1c377d37f97e076e6bb7ba8ce6bd -> a2cdffcab0400670150cdf9d6f279bf8
  custom:scripting/precompiled-assembly-types:SystemTime: a9afdb8eba24b40bf6e6d2e0d79e8e29 -> de93446e31aab50ce934d7feaa3d7a7d
  custom:scripting/monoscript/fileName/MapLongBitReverseConverter.cs: 3a3a53b77999da0e1aba4b8aa6a2efb1 -> 1d61913e53bfc7ab7acf8ae1d97259f0
  custom:scripting/monoscript/fileName/ListLongConverter.cs: 8035177bb4988529bdf021b5674f63f7 -> 067d4451cabf17e3cfccb1cb88d8f36b
  custom:scripting/precompiled-assembly-types:HotUpdate: 2604a2b3a63c878ba0c6bc0792590b0b -> 
  custom:scripting/monoscript/fileName/TimeFormatTest.cs: 93a42fa151a026f2dc7824ac0622d2a5 -> f90ae55604080c97eefe0555e4b0ad3c
  custom:audio-encoder-webm-vorbis: bf7c407c2cedff20999df2af8eb42d56 -> 
  custom:scripting/monoscript/fileName/TimeFormat.cs: 9204fd782b26c55826382465702b381a -> 3d1d90addaffbea026682521871bf1e2
  custom:scripting/precompiled-assembly-types:Pooled: 90ae12e970b0a4c25cdd11d8926c1a55 -> 6162124d200d88ea66aabea2add4abf0
  custom:scripting/monoscript/fileName/MapLongLongConverter.cs: 5e2c827038738a02120b98610ada1a79 -> b43590451b2c3721d1491012e5c4185c
========================================================================
Received Prepare
Assembly with name 'Converter' already exists (Assets/Utility/Scripts/Converter/Converter.asmdef)
Assembly with name 'Converter' already exists (Assets/HotUpdate/Utility/Scripts/Converter/Converter.asmdef)
Assembly with name 'Pooled.Editor' already exists (Assets/Utility/Services/Pooled/Editor/Pooled.Editor.asmdef)
Assembly with name 'Pooled.Editor' already exists (Assets/HotUpdate/Utility/Scripts/Pooled/Editor/Pooled.Editor.asmdef)
Assembly with name 'Pooled.Editor' already exists (Assets/Services/Pooled/Editor/Pooled.Editor.asmdef)
Assembly with name 'Pooled.Editor' already exists (Assets/HotUpdate/Utility/Scripts/Pooled/Editor/Pooled.Editor.asmdef)
Assembly with name 'Pooled.TMP_Text' already exists (Assets/Utility/Services/Pooled/Extensions/TMP_Text/Pooled.TMP_Text.asmdef)
Assembly with name 'Pooled.TMP_Text' already exists (Assets/HotUpdate/Utility/Scripts/Pooled/Extensions/TMP_Text/Pooled.TMP_Text.asmdef)
Assembly with name 'Pooled.Tests' already exists (Assets/Services/Pooled/Editor/Tests/Pooled.Tests.asmdef)
Assembly with name 'Pooled.Tests' already exists (Assets/HotUpdate/Utility/Scripts/Pooled/Editor/Tests/Pooled.Tests.asmdef)
Assembly with name 'TimeFormat.TMP_Text' already exists (Assets/HotUpdate/Utility/Scripts/TimeFormat/Extensions/TMP_Text/TimeFormat.TMP_Text.asmdef)
Assembly with name 'TimeFormat.TMP_Text' already exists (Assets/Utility/Services/TimeFormat/Extensions/TMP_Text/TimeFormat.TMP_Text.asmdef)
Assembly with name 'Converter' already exists (Assets/Utility/Services/Converter/Converter.asmdef)
Assembly with name 'Converter' already exists (Assets/HotUpdate/Utility/Scripts/Converter/Converter.asmdef)
Assembly with name 'Converter' already exists (Assets/Services/Converter/Converter.asmdef)
Assembly with name 'Converter' already exists (Assets/HotUpdate/Utility/Scripts/Converter/Converter.asmdef)
Assembly with name 'Pooled' already exists (Assets/Utility/Services/Pooled/Pooled.asmdef)
Assembly with name 'Pooled' already exists (Assets/Utility/Scripts/Pooled/Pooled.asmdef)
Assembly with name 'SystemTime' already exists (Assets/Utility/Services/Time/Time.asmdef)
Assembly with name 'SystemTime' already exists (Assets/Utility/Scripts/Time/Time.asmdef)
Assembly with name 'TimeFormat.Editor' already exists (Assets/Utility/Services/TimeFormat/Editor/TimeFormat.Editor.asmdef)
Assembly with name 'TimeFormat.Editor' already exists (Assets/HotUpdate/Utility/Scripts/TimeFormat/Editor/TimeFormat.Editor.asmdef)
Assembly with name 'TimeFormat.TMP_Text' already exists (Assets/Utility/Scripts/TimeFormat/Extensions/TMP_Text/TimeFormat.TMP_Text.asmdef)
Assembly with name 'TimeFormat.TMP_Text' already exists (Assets/Utility/Services/TimeFormat/Extensions/TMP_Text/TimeFormat.TMP_Text.asmdef)
Assembly with name 'TimeFormat' already exists (Assets/Utility/Scripts/TimeFormat/TimeFormat.asmdef)
Assembly with name 'TimeFormat' already exists (Assets/HotUpdate/Utility/Scripts/TimeFormat/TimeFormat.asmdef)
Assembly with name 'TimeFormat' already exists (Assets/Services/TimeFormat/TimeFormat.asmdef)
Assembly with name 'TimeFormat' already exists (Assets/HotUpdate/Utility/Scripts/TimeFormat/TimeFormat.asmdef)
Assembly with name 'TimeFormat.TMP_Text' already exists (Assets/Services/TimeFormat/Extensions/TMP_Text/TimeFormat.TMP_Text.asmdef)
Assembly with name 'TimeFormat.TMP_Text' already exists (Assets/Utility/Services/TimeFormat/Extensions/TMP_Text/TimeFormat.TMP_Text.asmdef)
Assembly with name 'Pooled.Tests' already exists (Assets/Utility/Scripts/Pooled/Editor/Tests/Pooled.Tests.asmdef)
Assembly with name 'Pooled.Tests' already exists (Assets/HotUpdate/Utility/Scripts/Pooled/Editor/Tests/Pooled.Tests.asmdef)
Assembly with name 'SystemTime' already exists (Assets/Services/Time/Time.asmdef)
Assembly with name 'SystemTime' already exists (Assets/Utility/Scripts/Time/Time.asmdef)
Assembly with name 'Pooled.Tests' already exists (Assets/Utility/Services/Pooled/Editor/Tests/Pooled.Tests.asmdef)
Assembly with name 'Pooled.Tests' already exists (Assets/HotUpdate/Utility/Scripts/Pooled/Editor/Tests/Pooled.Tests.asmdef)
Assembly with name 'Pooled.Editor' already exists (Assets/Utility/Scripts/Pooled/Editor/Pooled.Editor.asmdef)
Assembly with name 'Pooled.Editor' already exists (Assets/HotUpdate/Utility/Scripts/Pooled/Editor/Pooled.Editor.asmdef)
Assembly with name 'Pooled' already exists (Assets/Services/Pooled/Pooled.asmdef)
Assembly with name 'Pooled' already exists (Assets/Utility/Scripts/Pooled/Pooled.asmdef)
Assembly with name 'TimeFormat.Tests' already exists (Assets/Services/TimeFormat/Editor/Test/TimeFormat.Tests.asmdef)
Assembly with name 'TimeFormat.Tests' already exists (Assets/Utility/Scripts/TimeFormat/Editor/Test/TimeFormat.Tests.asmdef)
Assembly with name 'TimeFormat.Editor' already exists (Assets/Services/TimeFormat/Editor/TimeFormat.Editor.asmdef)
Assembly with name 'TimeFormat.Editor' already exists (Assets/HotUpdate/Utility/Scripts/TimeFormat/Editor/TimeFormat.Editor.asmdef)
Assembly with name 'TimeFormat.Tests' already exists (Assets/Utility/Services/TimeFormat/Editor/Test/TimeFormat.Tests.asmdef)
Assembly with name 'TimeFormat.Tests' already exists (Assets/Utility/Scripts/TimeFormat/Editor/Test/TimeFormat.Tests.asmdef)
Assembly with name 'TimeFormat.Editor' already exists (Assets/Utility/Scripts/TimeFormat/Editor/TimeFormat.Editor.asmdef)
Assembly with name 'TimeFormat.Editor' already exists (Assets/HotUpdate/Utility/Scripts/TimeFormat/Editor/TimeFormat.Editor.asmdef)
Assembly with name 'Pooled' already exists (Assets/HotUpdate/Utility/Scripts/Pooled/Pooled.asmdef)
Assembly with name 'Pooled' already exists (Assets/Utility/Scripts/Pooled/Pooled.asmdef)
Assembly with name 'Pooled.TMP_Text' already exists (Assets/Services/Pooled/Extensions/TMP_Text/Pooled.TMP_Text.asmdef)
Assembly with name 'Pooled.TMP_Text' already exists (Assets/HotUpdate/Utility/Scripts/Pooled/Extensions/TMP_Text/Pooled.TMP_Text.asmdef)
Assembly with name 'Pooled.TMP_Text' already exists (Assets/Utility/Scripts/Pooled/Extensions/TMP_Text/Pooled.TMP_Text.asmdef)
Assembly with name 'Pooled.TMP_Text' already exists (Assets/HotUpdate/Utility/Scripts/Pooled/Extensions/TMP_Text/Pooled.TMP_Text.asmdef)
Assembly with name 'SystemTime' already exists (Assets/HotUpdate/Utility/Scripts/Time/Time.asmdef)
Assembly with name 'SystemTime' already exists (Assets/Utility/Scripts/Time/Time.asmdef)
Assembly with name 'TimeFormat' already exists (Assets/Utility/Services/TimeFormat/TimeFormat.asmdef)
Assembly with name 'TimeFormat' already exists (Assets/HotUpdate/Utility/Scripts/TimeFormat/TimeFormat.asmdef)
Assembly with name 'TimeFormat.Tests' already exists (Assets/HotUpdate/Utility/Scripts/TimeFormat/Editor/Test/TimeFormat.Tests.asmdef)
Assembly with name 'TimeFormat.Tests' already exists (Assets/Utility/Scripts/TimeFormat/Editor/Test/TimeFormat.Tests.asmdef)
Caller must complete domain reload
Assembly with name 'Converter' already exists (Assets/Utility/Scripts/Converter/Converter.asmdef)
Assembly with name 'Converter' already exists (Assets/HotUpdate/Utility/Scripts/Converter/Converter.asmdef)
Assembly with name 'Pooled.Editor' already exists (Assets/Utility/Services/Pooled/Editor/Pooled.Editor.asmdef)
Assembly with name 'Pooled.Editor' already exists (Assets/HotUpdate/Utility/Scripts/Pooled/Editor/Pooled.Editor.asmdef)
Assembly with name 'Pooled.Editor' already exists (Assets/Services/Pooled/Editor/Pooled.Editor.asmdef)
Assembly with name 'Pooled.Editor' already exists (Assets/HotUpdate/Utility/Scripts/Pooled/Editor/Pooled.Editor.asmdef)
Assembly with name 'Pooled.TMP_Text' already exists (Assets/Utility/Services/Pooled/Extensions/TMP_Text/Pooled.TMP_Text.asmdef)
Assembly with name 'Pooled.TMP_Text' already exists (Assets/HotUpdate/Utility/Scripts/Pooled/Extensions/TMP_Text/Pooled.TMP_Text.asmdef)
Assembly with name 'Pooled.Tests' already exists (Assets/Services/Pooled/Editor/Tests/Pooled.Tests.asmdef)
Assembly with name 'Pooled.Tests' already exists (Assets/HotUpdate/Utility/Scripts/Pooled/Editor/Tests/Pooled.Tests.asmdef)
Assembly with name 'TimeFormat.TMP_Text' already exists (Assets/HotUpdate/Utility/Scripts/TimeFormat/Extensions/TMP_Text/TimeFormat.TMP_Text.asmdef)
Assembly with name 'TimeFormat.TMP_Text' already exists (Assets/Utility/Services/TimeFormat/Extensions/TMP_Text/TimeFormat.TMP_Text.asmdef)
Assembly with name 'Converter' already exists (Assets/Utility/Services/Converter/Converter.asmdef)
Assembly with name 'Converter' already exists (Assets/HotUpdate/Utility/Scripts/Converter/Converter.asmdef)
Assembly with name 'Converter' already exists (Assets/Services/Converter/Converter.asmdef)
Assembly with name 'Converter' already exists (Assets/HotUpdate/Utility/Scripts/Converter/Converter.asmdef)
Assembly with name 'Pooled' already exists (Assets/Utility/Services/Pooled/Pooled.asmdef)
Assembly with name 'Pooled' already exists (Assets/Utility/Scripts/Pooled/Pooled.asmdef)
Assembly with name 'SystemTime' already exists (Assets/Utility/Services/Time/Time.asmdef)
Assembly with name 'SystemTime' already exists (Assets/Utility/Scripts/Time/Time.asmdef)
Assembly with name 'TimeFormat.Editor' already exists (Assets/Utility/Services/TimeFormat/Editor/TimeFormat.Editor.asmdef)
Assembly with name 'TimeFormat.Editor' already exists (Assets/HotUpdate/Utility/Scripts/TimeFormat/Editor/TimeFormat.Editor.asmdef)
Assembly with name 'TimeFormat.TMP_Text' already exists (Assets/Utility/Scripts/TimeFormat/Extensions/TMP_Text/TimeFormat.TMP_Text.asmdef)
Assembly with name 'TimeFormat.TMP_Text' already exists (Assets/Utility/Services/TimeFormat/Extensions/TMP_Text/TimeFormat.TMP_Text.asmdef)
Assembly with name 'TimeFormat' already exists (Assets/Utility/Scripts/TimeFormat/TimeFormat.asmdef)
Assembly with name 'TimeFormat' already exists (Assets/HotUpdate/Utility/Scripts/TimeFormat/TimeFormat.asmdef)
Assembly with name 'TimeFormat' already exists (Assets/Services/TimeFormat/TimeFormat.asmdef)
Assembly with name 'TimeFormat' already exists (Assets/HotUpdate/Utility/Scripts/TimeFormat/TimeFormat.asmdef)
Assembly with name 'TimeFormat.TMP_Text' already exists (Assets/Services/TimeFormat/Extensions/TMP_Text/TimeFormat.TMP_Text.asmdef)
Assembly with name 'TimeFormat.TMP_Text' already exists (Assets/Utility/Services/TimeFormat/Extensions/TMP_Text/TimeFormat.TMP_Text.asmdef)
Assembly with name 'Pooled.Tests' already exists (Assets/Utility/Scripts/Pooled/Editor/Tests/Pooled.Tests.asmdef)
Assembly with name 'Pooled.Tests' already exists (Assets/HotUpdate/Utility/Scripts/Pooled/Editor/Tests/Pooled.Tests.asmdef)
Assembly with name 'SystemTime' already exists (Assets/Services/Time/Time.asmdef)
Assembly with name 'SystemTime' already exists (Assets/Utility/Scripts/Time/Time.asmdef)
Assembly with name 'Pooled.Tests' already exists (Assets/Utility/Services/Pooled/Editor/Tests/Pooled.Tests.asmdef)
Assembly with name 'Pooled.Tests' already exists (Assets/HotUpdate/Utility/Scripts/Pooled/Editor/Tests/Pooled.Tests.asmdef)
Assembly with name 'Pooled.Editor' already exists (Assets/Utility/Scripts/Pooled/Editor/Pooled.Editor.asmdef)
Assembly with name 'Pooled.Editor' already exists (Assets/HotUpdate/Utility/Scripts/Pooled/Editor/Pooled.Editor.asmdef)
Assembly with name 'Pooled' already exists (Assets/Services/Pooled/Pooled.asmdef)
Assembly with name 'Pooled' already exists (Assets/Utility/Scripts/Pooled/Pooled.asmdef)
Assembly with name 'TimeFormat.Tests' already exists (Assets/Services/TimeFormat/Editor/Test/TimeFormat.Tests.asmdef)
Assembly with name 'TimeFormat.Tests' already exists (Assets/Utility/Scripts/TimeFormat/Editor/Test/TimeFormat.Tests.asmdef)
Assembly with name 'TimeFormat.Editor' already exists (Assets/Services/TimeFormat/Editor/TimeFormat.Editor.asmdef)
Assembly with name 'TimeFormat.Editor' already exists (Assets/HotUpdate/Utility/Scripts/TimeFormat/Editor/TimeFormat.Editor.asmdef)
Assembly with name 'TimeFormat.Tests' already exists (Assets/Utility/Services/TimeFormat/Editor/Test/TimeFormat.Tests.asmdef)
Assembly with name 'TimeFormat.Tests' already exists (Assets/Utility/Scripts/TimeFormat/Editor/Test/TimeFormat.Tests.asmdef)
Assembly with name 'TimeFormat.Editor' already exists (Assets/Utility/Scripts/TimeFormat/Editor/TimeFormat.Editor.asmdef)
Assembly with name 'TimeFormat.Editor' already exists (Assets/HotUpdate/Utility/Scripts/TimeFormat/Editor/TimeFormat.Editor.asmdef)
Assembly with name 'Pooled' already exists (Assets/HotUpdate/Utility/Scripts/Pooled/Pooled.asmdef)
Assembly with name 'Pooled' already exists (Assets/Utility/Scripts/Pooled/Pooled.asmdef)
Assembly with name 'Pooled.TMP_Text' already exists (Assets/Services/Pooled/Extensions/TMP_Text/Pooled.TMP_Text.asmdef)
Assembly with name 'Pooled.TMP_Text' already exists (Assets/HotUpdate/Utility/Scripts/Pooled/Extensions/TMP_Text/Pooled.TMP_Text.asmdef)
Assembly with name 'Pooled.TMP_Text' already exists (Assets/Utility/Scripts/Pooled/Extensions/TMP_Text/Pooled.TMP_Text.asmdef)
Assembly with name 'Pooled.TMP_Text' already exists (Assets/HotUpdate/Utility/Scripts/Pooled/Extensions/TMP_Text/Pooled.TMP_Text.asmdef)
Assembly with name 'SystemTime' already exists (Assets/HotUpdate/Utility/Scripts/Time/Time.asmdef)
Assembly with name 'SystemTime' already exists (Assets/Utility/Scripts/Time/Time.asmdef)
Assembly with name 'TimeFormat' already exists (Assets/Utility/Services/TimeFormat/TimeFormat.asmdef)
Assembly with name 'TimeFormat' already exists (Assets/HotUpdate/Utility/Scripts/TimeFormat/TimeFormat.asmdef)
Assembly with name 'TimeFormat.Tests' already exists (Assets/HotUpdate/Utility/Scripts/TimeFormat/Editor/Test/TimeFormat.Tests.asmdef)
Assembly with name 'TimeFormat.Tests' already exists (Assets/Utility/Scripts/TimeFormat/Editor/Test/TimeFormat.Tests.asmdef)
Begin MonoManager ReloadAssembly
- Loaded All Assemblies, in  0.366 seconds
Native extension for WindowsStandalone target not found
Native extension for iOS target not found
Native extension for Android target not found
Assembly with name 'Converter' already exists (Assets/Utility/Scripts/Converter/Converter.asmdef)
Assembly with name 'Converter' already exists (Assets/HotUpdate/Utility/Scripts/Converter/Converter.asmdef)
Assembly with name 'Pooled.Editor' already exists (Assets/Utility/Services/Pooled/Editor/Pooled.Editor.asmdef)
Assembly with name 'Pooled.Editor' already exists (Assets/HotUpdate/Utility/Scripts/Pooled/Editor/Pooled.Editor.asmdef)
Assembly with name 'Pooled.Editor' already exists (Assets/Services/Pooled/Editor/Pooled.Editor.asmdef)
Assembly with name 'Pooled.Editor' already exists (Assets/HotUpdate/Utility/Scripts/Pooled/Editor/Pooled.Editor.asmdef)
Assembly with name 'Pooled.TMP_Text' already exists (Assets/Utility/Services/Pooled/Extensions/TMP_Text/Pooled.TMP_Text.asmdef)
Assembly with name 'Pooled.TMP_Text' already exists (Assets/HotUpdate/Utility/Scripts/Pooled/Extensions/TMP_Text/Pooled.TMP_Text.asmdef)
Assembly with name 'Pooled.Tests' already exists (Assets/Services/Pooled/Editor/Tests/Pooled.Tests.asmdef)
Assembly with name 'Pooled.Tests' already exists (Assets/HotUpdate/Utility/Scripts/Pooled/Editor/Tests/Pooled.Tests.asmdef)
Assembly with name 'TimeFormat.TMP_Text' already exists (Assets/HotUpdate/Utility/Scripts/TimeFormat/Extensions/TMP_Text/TimeFormat.TMP_Text.asmdef)
Assembly with name 'TimeFormat.TMP_Text' already exists (Assets/Utility/Services/TimeFormat/Extensions/TMP_Text/TimeFormat.TMP_Text.asmdef)
Assembly with name 'Converter' already exists (Assets/Utility/Services/Converter/Converter.asmdef)
Assembly with name 'Converter' already exists (Assets/HotUpdate/Utility/Scripts/Converter/Converter.asmdef)
Assembly with name 'Converter' already exists (Assets/Services/Converter/Converter.asmdef)
Assembly with name 'Converter' already exists (Assets/HotUpdate/Utility/Scripts/Converter/Converter.asmdef)
Assembly with name 'Pooled' already exists (Assets/Utility/Services/Pooled/Pooled.asmdef)
Assembly with name 'Pooled' already exists (Assets/Utility/Scripts/Pooled/Pooled.asmdef)
Assembly with name 'SystemTime' already exists (Assets/Utility/Services/Time/Time.asmdef)
Assembly with name 'SystemTime' already exists (Assets/Utility/Scripts/Time/Time.asmdef)
Assembly with name 'TimeFormat.Editor' already exists (Assets/Utility/Services/TimeFormat/Editor/TimeFormat.Editor.asmdef)
Assembly with name 'TimeFormat.Editor' already exists (Assets/HotUpdate/Utility/Scripts/TimeFormat/Editor/TimeFormat.Editor.asmdef)
Assembly with name 'TimeFormat.TMP_Text' already exists (Assets/Utility/Scripts/TimeFormat/Extensions/TMP_Text/TimeFormat.TMP_Text.asmdef)
Assembly with name 'TimeFormat.TMP_Text' already exists (Assets/Utility/Services/TimeFormat/Extensions/TMP_Text/TimeFormat.TMP_Text.asmdef)
Assembly with name 'TimeFormat' already exists (Assets/Utility/Scripts/TimeFormat/TimeFormat.asmdef)
Assembly with name 'TimeFormat' already exists (Assets/HotUpdate/Utility/Scripts/TimeFormat/TimeFormat.asmdef)
Assembly with name 'TimeFormat' already exists (Assets/Services/TimeFormat/TimeFormat.asmdef)
Assembly with name 'TimeFormat' already exists (Assets/HotUpdate/Utility/Scripts/TimeFormat/TimeFormat.asmdef)
Assembly with name 'TimeFormat.TMP_Text' already exists (Assets/Services/TimeFormat/Extensions/TMP_Text/TimeFormat.TMP_Text.asmdef)
Assembly with name 'TimeFormat.TMP_Text' already exists (Assets/Utility/Services/TimeFormat/Extensions/TMP_Text/TimeFormat.TMP_Text.asmdef)
Assembly with name 'Pooled.Tests' already exists (Assets/Utility/Scripts/Pooled/Editor/Tests/Pooled.Tests.asmdef)
Assembly with name 'Pooled.Tests' already exists (Assets/HotUpdate/Utility/Scripts/Pooled/Editor/Tests/Pooled.Tests.asmdef)
Assembly with name 'SystemTime' already exists (Assets/Services/Time/Time.asmdef)
Assembly with name 'SystemTime' already exists (Assets/Utility/Scripts/Time/Time.asmdef)
Assembly with name 'Pooled.Tests' already exists (Assets/Utility/Services/Pooled/Editor/Tests/Pooled.Tests.asmdef)
Assembly with name 'Pooled.Tests' already exists (Assets/HotUpdate/Utility/Scripts/Pooled/Editor/Tests/Pooled.Tests.asmdef)
Assembly with name 'Pooled.Editor' already exists (Assets/Utility/Scripts/Pooled/Editor/Pooled.Editor.asmdef)
Assembly with name 'Pooled.Editor' already exists (Assets/HotUpdate/Utility/Scripts/Pooled/Editor/Pooled.Editor.asmdef)
Assembly with name 'Pooled' already exists (Assets/Services/Pooled/Pooled.asmdef)
Assembly with name 'Pooled' already exists (Assets/Utility/Scripts/Pooled/Pooled.asmdef)
Assembly with name 'TimeFormat.Tests' already exists (Assets/Services/TimeFormat/Editor/Test/TimeFormat.Tests.asmdef)
Assembly with name 'TimeFormat.Tests' already exists (Assets/Utility/Scripts/TimeFormat/Editor/Test/TimeFormat.Tests.asmdef)
Assembly with name 'TimeFormat.Editor' already exists (Assets/Services/TimeFormat/Editor/TimeFormat.Editor.asmdef)
Assembly with name 'TimeFormat.Editor' already exists (Assets/HotUpdate/Utility/Scripts/TimeFormat/Editor/TimeFormat.Editor.asmdef)
Assembly with name 'TimeFormat.Tests' already exists (Assets/Utility/Services/TimeFormat/Editor/Test/TimeFormat.Tests.asmdef)
Assembly with name 'TimeFormat.Tests' already exists (Assets/Utility/Scripts/TimeFormat/Editor/Test/TimeFormat.Tests.asmdef)
Assembly with name 'TimeFormat.Editor' already exists (Assets/Utility/Scripts/TimeFormat/Editor/TimeFormat.Editor.asmdef)
Assembly with name 'TimeFormat.Editor' already exists (Assets/HotUpdate/Utility/Scripts/TimeFormat/Editor/TimeFormat.Editor.asmdef)
Assembly with name 'Pooled' already exists (Assets/HotUpdate/Utility/Scripts/Pooled/Pooled.asmdef)
Assembly with name 'Pooled' already exists (Assets/Utility/Scripts/Pooled/Pooled.asmdef)
Assembly with name 'Pooled.TMP_Text' already exists (Assets/Services/Pooled/Extensions/TMP_Text/Pooled.TMP_Text.asmdef)
Assembly with name 'Pooled.TMP_Text' already exists (Assets/HotUpdate/Utility/Scripts/Pooled/Extensions/TMP_Text/Pooled.TMP_Text.asmdef)
Assembly with name 'Pooled.TMP_Text' already exists (Assets/Utility/Scripts/Pooled/Extensions/TMP_Text/Pooled.TMP_Text.asmdef)
Assembly with name 'Pooled.TMP_Text' already exists (Assets/HotUpdate/Utility/Scripts/Pooled/Extensions/TMP_Text/Pooled.TMP_Text.asmdef)
Assembly with name 'SystemTime' already exists (Assets/HotUpdate/Utility/Scripts/Time/Time.asmdef)
Assembly with name 'SystemTime' already exists (Assets/Utility/Scripts/Time/Time.asmdef)
Assembly with name 'TimeFormat' already exists (Assets/Utility/Services/TimeFormat/TimeFormat.asmdef)
Assembly with name 'TimeFormat' already exists (Assets/HotUpdate/Utility/Scripts/TimeFormat/TimeFormat.asmdef)
Assembly with name 'TimeFormat.Tests' already exists (Assets/HotUpdate/Utility/Scripts/TimeFormat/Editor/Test/TimeFormat.Tests.asmdef)
Assembly with name 'TimeFormat.Tests' already exists (Assets/Utility/Scripts/TimeFormat/Editor/Test/TimeFormat.Tests.asmdef)
Mono: successfully reloaded assembly
- Finished resetting the current domain, in  0.648 seconds
Domain Reload Profiling: 1012ms
	BeginReloadAssembly (115ms)
		ExecutionOrderSort (0ms)
		DisableScriptedObjects (3ms)
		BackupInstance (0ms)
		ReleaseScriptingObjects (0ms)
		CreateAndSetChildDomain (25ms)
	RebuildCommonClasses (25ms)
	RebuildNativeTypeToScriptingClass (8ms)
	initialDomainReloadingComplete (23ms)
	LoadAllAssembliesAndSetupDomain (192ms)
		LoadAssemblies (235ms)
		RebuildTransferFunctionScriptingTraits (0ms)
		AnalyzeDomain (19ms)
			TypeCache.Refresh (8ms)
				TypeCache.ScanAssembly (0ms)
			ScanForSourceGeneratedMonoScriptInfo (7ms)
			ResolveRequiredComponents (4ms)
	FinalizeReload (649ms)
		ReleaseScriptCaches (0ms)
		RebuildScriptCaches (0ms)
		SetupLoadedEditorAssemblies (360ms)
			LogAssemblyErrors (0ms)
			InitializePlatformSupportModulesInManaged (26ms)
			SetLoadedEditorAssemblies (4ms)
			RefreshPlugins (0ms)
			BeforeProcessingInitializeOnLoad (88ms)
			ProcessInitializeOnLoadAttributes (221ms)
			ProcessInitializeOnLoadMethodAttributes (15ms)
			AfterProcessingInitializeOnLoad (5ms)
			EditorAssembliesLoaded (0ms)
		ExecutionOrderSort2 (0ms)
		AwakeInstancesAfterBackupRestoration (7ms)
Refreshing native plugins compatible for Editor in 2.07 ms, found 4 plugins.
Preloading 0 native plugins for Editor in 0.00 ms.
Unloading 4256 Unused Serialized files (Serialized files now loaded: 0)
Unloading 24 unused Assets / (33.7 KB). Loaded Objects now: 4814.
Memory consumption went from 152.2 MB to 152.1 MB.
Total: 2.303400 ms (FindLiveObjects: 0.198100 ms CreateObjectMapping: 0.105000 ms MarkObjects: 1.954500 ms  DeleteObjects: 0.044900 ms)

Prepare: number of updated asset objects reloaded= 0
AssetImportParameters requested are different than current active one (requested -> active):
  custom:scripting/monoscript/fileName/Pooled.cs: baad0cab28575340793c5f53e885a6c4 -> cc9dde24a210a09c81ccd567f812f7f5
  custom:container-demuxer-ogg: 62fdf1f143b41e24485cea50d1cbac27 -> 
  custom:scripting/monoscript/fileName/Pooled.TMP_Text.cs: a92ef4f9461d963a03ce3513e6feb2e9 -> 1771dab09d685ca888553b84cf88ad68
  custom:scripting/monoscript/fileName/DateFormat.cs: 5ee8ffb2f9a8c45cdb8729643aa539ae -> ed347d33eeb678b14e4abcfa67ee6414
  custom:video-codec-MediaFoundation-h265: 746d11721c4dcdbdad8f713fa42b33f4 -> 
  custom:video-decoder-ogg-theora: a1e56fd34408186e4bbccfd4996cb3dc -> 
  custom:scripting/monoscript/fileName/MapLongIntConverter.cs: cac9c0c36b85ebec03eed6b196c587f3 -> 198d1bce87a4c09dc3abda029a3119ab
  custom:scripting/precompiled-assembly-types:TimeFormat: 6d4a1e77502fe8961e9ef7de10638446 -> 57203823c46105faafc43ae197f6f4ca
  custom:scripting/monoscript/fileName/DateFormatTest.cs: 87f1e5d6f74d151f0e3b6c5aaac155e0 -> f2ceb48ff4b41406f6de9337dde229d4
  custom:framework-win-MediaFoundation: 216162199b28c13a410421893ffa2e32 -> 
  custom:scripting/monoscript/fileName/NewBehaviourScript.cs: 703cac14def72cad3b67b6c8fcdd650c -> 
  custom:scripting/monoscript/fileName/ConvertUtility.cs: b008f65e78f7bf89556fe97cb76fb4d3 -> 927bc4a982abdcaa84e56dfdb46b2cbb
  custom:scripting/precompiled-assembly-types:TimeFormat.TMP_Text: cd1c242309f2ac781468485f8860f302 -> 967252e62fb87db8773533e585e4c322
  custom:scripting/monoscript/fileName/Pooled.Collection.cs: 716086397f6fce3cf59561531ac052e5 -> 90647cc400823b41df847a6cbfc29026
  custom:scripting/monoscript/fileName/BitmapConverter.cs: bef8b0754ce803040d5a34241bac00a7 -> 12195687a10fb5a33146a377ab118aa6
  custom:scripting/monoscript/fileName/HashSetLongReverseConverter.cs: a7cbafa91cdd0e3708b092796562a868 -> 932d93a08099455ffa60234096f0bc2c
  custom:scripting/monoscript/fileName/PooledChars.cs: 33880515bd376b511b6adaad23c845ab -> 21fa764a5afa8b56c3e877b4892d83d0
  custom:scripting/monoscript/fileName/Launcher.Configure.cs: 0cdf409b5aa8d4c25876d72b5c6a3b60 -> 
  custom:scripting/precompiled-assembly-types:TimeFormat.Tests: 7a5bdcca3fd2fe5564c87584e6959e0f -> 17ab779a0d411127942b86927b2dc166
  custom:scripting/precompiled-assembly-types:Pooled.Editor: fa10dbda0f98c59fa57f342ce5b8db3d -> 64cdb4d0b09fde53e895bff1f3267621
  custom:scripting/monoscript/fileName/IConverterCollectorSystem.cs: 716086397f6fce3cf59561531ac052e5 -> 90647cc400823b41df847a6cbfc29026
  custom:scripting/monoscript/fileName/MonitoredObjectPoolMemoryWindow.cs: 59b16281f30e691a756f58cb5d9a8b60 -> ddc01cc66b15815883e46a79dbae273a
  custom:CustomObjectIndexerAttribute: 9a22284fe3817be447336de3de66b15e -> 
  custom:scripting/precompiled-assembly-types:Pooled.TMP_Text: 92558fb10d66941a554c40cb582c3db5 -> 3175b5d3dfbf646ba5fc016628a7a8b2
  custom:scripting/monoscript/fileName/HashSetIntConverter.cs: b5db394041c6646ac4fd66508f5786f4 -> 336b59b95aa86a855094c372f6281efc
  custom:scripting/monoscript/fileName/HashSetLongConverter.cs: a1cab3b4ffce114d592ca6c175a5f63d -> bffc50741551ba327e3defbf92ea631c
  custom:scripting/precompiled-assembly-types:Converter: 9c7eeca5229a3a42351e9ebcae44f77d -> ee394a20b19999bd51514d0170308fef
  custom:container-demuxer-webm: 4f35f7cbe854078d1ac9338744f61a02 -> 
  custom:scripting/monoscript/fileName/PooledStringBuilder.cs: 6043f7e32526ae7771d6c5e21572c929 -> 
  custom:scripting/monoscript/fileName/HashSetIntReverseConverter.cs: f04f195534430a1a5aa1033234bed4af -> 06c076a9053026cf8408e19462593778
  custom:scripting/monoscript/fileName/Pooled.Map.cs: 716086397f6fce3cf59561531ac052e5 -> 90647cc400823b41df847a6cbfc29026
  custom:scripting/precompiled-assembly-types:Pooled.Tests: 5bf323a3bc5ed9c432319119ab1c09db -> 0c2e9c09f1a2b2407f50a1f01f3ca010
  custom:scripting/monoscript/fileName/MapIntIntConverter.cs: 9620af3d9654ec97245971bd53d35ab6 -> 295a5843cb6d0fcae5fda9644abd3119
  custom:scripting/monoscript/fileName/RepeatedField.cs: 716086397f6fce3cf59561531ac052e5 -> 90647cc400823b41df847a6cbfc29026
  custom:scripting/monoscript/fileName/ListIntConverter.cs: 436b2b3f5ca930ff78d428c441ef8c8a -> ff3a1298932b804b0d15be3a4a8f007d
  custom:scripting/monoscript/fileName/MapIntBitReverseConverter.cs: e14fde3dcc64c3c0d176ccdd1d016eae -> 8b8bfcfc92e7150c7cab6194df938961
  custom:scripting/monoscript/fileName/ConverterCollector.cs: 23f82105a25a75216e658215522f0c07 -> 8f6297df34271fdb1ce2d9607ec6261d
  custom:container-muxer-webm: aa71ff27fc2769a1b78a27578f13a17b -> 
  custom:scripting/monoscript/fileName/ConverterCollectorSystem.cs: 716086397f6fce3cf59561531ac052e5 -> 90647cc400823b41df847a6cbfc29026
  custom:video-decoder-webm-vp8: 9c59270c3fd7afecdb556c50c9e8de78 -> 
  custom:scripting/monoscript/fileName/IConverter.cs: 23f82105a25a75216e658215522f0c07 -> 8f6297df34271fdb1ce2d9607ec6261d
  custom:scripting/monoscript/fileName/TimeFormat.TMP_Text.cs: 04b153d1e87700945c251cd57f0caf28 -> f6a319b78dfa7c00602caf474b9ca715
  custom:SearchIndexIgnoredProperties: e643bd26f0fe6173181afceb89e7c659 -> 
  custom:scripting/monoscript/fileName/BitmapTimingResetConverter.cs: 0a600efde2430e87d9d3b74fefe851b4 -> 16be4e68c9559384167314f33f2262ce
  custom:AudioImporter_EditorPlatform: d09bf68614088b80899f8185d706f6e7 -> 
  custom:scripting/monoscript/fileName/ConverterCollectorSystem.Config.cs: 716086397f6fce3cf59561531ac052e5 -> 90647cc400823b41df847a6cbfc29026
  custom:scripting/monoscript/fileName/SystemTime.cs: 0871270ccfddc6f47e3ac605866cf236 -> aebab7d5993158d333c473fe5ad2e983
  custom:scripting/monoscript/fileName/IConverterCollector.cs: 7204df85a06eb33c552568921744fc7f -> 0cdf409b5aa8d4c25876d72b5c6a3b60
  custom:scripting/monoscript/fileName/DateFormat.TMP_Text.cs: 121711a8ea84a13844106aa2e82a1cd2 -> cfa4ac74668713a9594e154b6b707e11
  custom:scripting/monoscript/fileName/MapIntBitConverter.cs: dce2875ca3c4cad9ab6f13f6a6965680 -> 79a8119290488a133b2d9f55c8d3a0d3
  custom:scripting/monoscript/fileName/DailyRedPointManager.cs: 513629b390c64237ae10fadc04fe33e2 -> 01ec27a3aa6e2eef520171695290b082
  custom:scripting/monoscript/fileName/CBitmap.cs: ec0fdd5ea2398b1b65c18ea095c42afb -> f8c1ae0cca981124d219ae3b6d8e6182
  custom:scripting/monoscript/fileName/PooledTest.cs: 28426ac1d0a0bad5d092e27ae3a87191 -> d0e5b41c51d29f0613407ea0dc9a2ae1
  custom:scripting/monoscript/fileName/BitmapReverseConverter.cs: 1fc067da77a3ccc221d0c0fe577e4e0f -> acc59c8855034e2bb91a751805bc12bb
  custom:scripting/monoscript/fileName/Launcher.cs: fc0c233cdf2db662ad083a18ee6c8ee8 -> 5bb5cfe85734624b9dda7f37e40514f0
  custom:video-encoder-webm-vp8: eb34c28f22e8b96e1ab97ce403110664 -> 
  custom:audio-decoder-ogg-vorbis: bf7c407c2cedff20999df2af8eb42d56 -> 
  custom:scripting/monoscript/fileName/MonitoredObjectPool.cs: 07c2f06c1be72f5574a820b4727b45d6 -> 9182583f5d8b6c16ed73aee3a076a254
  custom:scripting/monoscript/fileName/MapLongBitConverter.cs: 43ce4e9aba0920885e00f67136ef7071 -> 328f00929818c8c69bb5b89f3bcc9604
  custom:scripting/monoscript/fileName/PooledBitArray.cs: 63242dbc45c4894086d10ce96dcd98d8 -> 
  custom:scripting/monoscript/fileName/MapIntLongConverter.cs: 31cf1c377d37f97e076e6bb7ba8ce6bd -> a2cdffcab0400670150cdf9d6f279bf8
  custom:scripting/precompiled-assembly-types:SystemTime: a9afdb8eba24b40bf6e6d2e0d79e8e29 -> de93446e31aab50ce934d7feaa3d7a7d
  custom:scripting/monoscript/fileName/MapLongBitReverseConverter.cs: 3a3a53b77999da0e1aba4b8aa6a2efb1 -> 1d61913e53bfc7ab7acf8ae1d97259f0
  custom:scripting/monoscript/fileName/ListLongConverter.cs: 8035177bb4988529bdf021b5674f63f7 -> 067d4451cabf17e3cfccb1cb88d8f36b
  custom:scripting/precompiled-assembly-types:HotUpdate: 2604a2b3a63c878ba0c6bc0792590b0b -> 
  custom:scripting/monoscript/fileName/TimeFormatTest.cs: 93a42fa151a026f2dc7824ac0622d2a5 -> f90ae55604080c97eefe0555e4b0ad3c
  custom:audio-encoder-webm-vorbis: bf7c407c2cedff20999df2af8eb42d56 -> 
  custom:scripting/monoscript/fileName/TimeFormat.cs: 9204fd782b26c55826382465702b381a -> 3d1d90addaffbea026682521871bf1e2
  custom:scripting/precompiled-assembly-types:Pooled: 90ae12e970b0a4c25cdd11d8926c1a55 -> 6162124d200d88ea66aabea2add4abf0
  custom:scripting/monoscript/fileName/MapLongLongConverter.cs: 5e2c827038738a02120b98610ada1a79 -> b43590451b2c3721d1491012e5c4185c
========================================================================
Received Import Request.
  Time since last request: 290.421851 seconds.
  path: Assets/Services/Time/SystemTime.cs
  artifactKey: Guid(6ea06d6f88b3da8459685fc430dc8cda) Importer(815301076,1909f56bfc062723c751e8b465ee728b)
Start importing Assets/Services/Time/SystemTime.cs using Guid(6ea06d6f88b3da8459685fc430dc8cda) Importer(815301076,1909f56bfc062723c751e8b465ee728b) [PhysX] Initialized MultithreadedTaskDispatcher with 20 workers.
 -> (artifact id: '4294e5c5ac131d46484d7ccaa5b356d9') in 0.001959 seconds
Number of updated asset objects reloaded before import = 0
Number of asset objects unloaded after import = 0
========================================================================
Received Import Request.
  Time since last request: 12.083957 seconds.
  path: Assets/Services/Pooled/Pooled.cs
  artifactKey: Guid(fdeaefac5eab4914c8b0ffbc40aa0bb4) Importer(815301076,1909f56bfc062723c751e8b465ee728b)
Start importing Assets/Services/Pooled/Pooled.cs using Guid(fdeaefac5eab4914c8b0ffbc40aa0bb4) Importer(815301076,1909f56bfc062723c751e8b465ee728b) [PhysX] Initialized MultithreadedTaskDispatcher with 20 workers.
 -> (artifact id: 'cafaef2d7b7ad78ebc2e3714bedc7959') in 0.000409 seconds
Number of updated asset objects reloaded before import = 0
Number of asset objects unloaded after import = 0
========================================================================
Received Import Request.
  Time since last request: 7.457453 seconds.
  path: Assets/Services/Pooled/Pooled.Collection.cs
  artifactKey: Guid(cd3fce22d9ca6a548b880ba6bd3414ee) Importer(815301076,1909f56bfc062723c751e8b465ee728b)
Start importing Assets/Services/Pooled/Pooled.Collection.cs using Guid(cd3fce22d9ca6a548b880ba6bd3414ee) Importer(815301076,1909f56bfc062723c751e8b465ee728b) [PhysX] Initialized MultithreadedTaskDispatcher with 20 workers.
 -> (artifact id: '3dd572dca81f914d0a8fdb8e80d5123e') in 0.000367 seconds
Number of updated asset objects reloaded before import = 0
Number of asset objects unloaded after import = 0
========================================================================
Received Import Request.
  Time since last request: 0.708442 seconds.
  path: Assets/Services/Pooled/Pooled.Map.cs
  artifactKey: Guid(c88db7c1a9b99f244989604cd2b40716) Importer(815301076,1909f56bfc062723c751e8b465ee728b)
Start importing Assets/Services/Pooled/Pooled.Map.cs using Guid(c88db7c1a9b99f244989604cd2b40716) Importer(815301076,1909f56bfc062723c751e8b465ee728b) [PhysX] Initialized MultithreadedTaskDispatcher with 20 workers.
 -> (artifact id: '5e16d716500d17907c5881c3578a1a68') in 0.000375 seconds
Number of updated asset objects reloaded before import = 0
Number of asset objects unloaded after import = 0
========================================================================
Received Import Request.
  Time since last request: 0.623633 seconds.
  path: Assets/Services/Pooled/PooledBitArray.cs
  artifactKey: Guid(d77c753fa1125cf478c87a440d729e03) Importer(815301076,1909f56bfc062723c751e8b465ee728b)
Start importing Assets/Services/Pooled/PooledBitArray.cs using Guid(d77c753fa1125cf478c87a440d729e03) Importer(815301076,1909f56bfc062723c751e8b465ee728b) [PhysX] Initialized MultithreadedTaskDispatcher with 20 workers.
 -> (artifact id: 'f14e33b3a1f926d912b1053d13fee268') in 0.000467 seconds
Number of updated asset objects reloaded before import = 0
Number of asset objects unloaded after import = 0
========================================================================
Received Import Request.
  Time since last request: 0.644828 seconds.
  path: Assets/Services/Pooled/PooledStringBuilder.cs
  artifactKey: Guid(19452f2f8f6955244a4b9adb1c6b9f79) Importer(815301076,1909f56bfc062723c751e8b465ee728b)
Start importing Assets/Services/Pooled/PooledStringBuilder.cs using Guid(19452f2f8f6955244a4b9adb1c6b9f79) Importer(815301076,1909f56bfc062723c751e8b465ee728b) [PhysX] Initialized MultithreadedTaskDispatcher with 20 workers.
 -> (artifact id: 'e440d66535a19403feee71691a574088') in 0.000368 seconds
Number of updated asset objects reloaded before import = 0
Number of asset objects unloaded after import = 0
========================================================================
Received Import Request.
  Time since last request: 1.559967 seconds.
  path: Assets/Services/Pooled/PooledChars.cs
  artifactKey: Guid(25eddec6eea505342be2895f5ae23709) Importer(815301076,1909f56bfc062723c751e8b465ee728b)
Start importing Assets/Services/Pooled/PooledChars.cs using Guid(25eddec6eea505342be2895f5ae23709) Importer(815301076,1909f56bfc062723c751e8b465ee728b) [PhysX] Initialized MultithreadedTaskDispatcher with 20 workers.
 -> (artifact id: 'd236154d78dbdfa40c44cc4fa8cf4fe5') in 0.000394 seconds
Number of updated asset objects reloaded before import = 0
Number of asset objects unloaded after import = 0
========================================================================
Received Import Request.
  Time since last request: 5.986139 seconds.
  path: Assets/Services/Pooled/MonitoredObjectPool.cs
  artifactKey: Guid(9ee8dd9bd71cadc4f85da97c6d2c7c07) Importer(815301076,1909f56bfc062723c751e8b465ee728b)
Start importing Assets/Services/Pooled/MonitoredObjectPool.cs using Guid(9ee8dd9bd71cadc4f85da97c6d2c7c07) Importer(815301076,1909f56bfc062723c751e8b465ee728b) [PhysX] Initialized MultithreadedTaskDispatcher with 20 workers.
 -> (artifact id: '7bc000c93a09b2fffc6844cb667bfd47') in 0.000384 seconds
Number of updated asset objects reloaded before import = 0
Number of asset objects unloaded after import = 0
========================================================================
Received Prepare
Assembly with name 'Converter' already exists (Assets/Utility/Scripts/Converter/Converter.asmdef)
Assembly with name 'Converter' already exists (Assets/HotUpdate/Utility/Scripts/Converter/Converter.asmdef)
Assembly with name 'Pooled.Editor' already exists (Assets/Utility/Services/Pooled/Editor/Pooled.Editor.asmdef)
Assembly with name 'Pooled.Editor' already exists (Assets/HotUpdate/Utility/Scripts/Pooled/Editor/Pooled.Editor.asmdef)
Assembly with name 'Pooled.Editor' already exists (Assets/Services/Pooled/Editor/Pooled.Editor.asmdef)
Assembly with name 'Pooled.Editor' already exists (Assets/HotUpdate/Utility/Scripts/Pooled/Editor/Pooled.Editor.asmdef)
Assembly with name 'Pooled.TMP_Text' already exists (Assets/Utility/Services/Pooled/Extensions/TMP_Text/Pooled.TMP_Text.asmdef)
Assembly with name 'Pooled.TMP_Text' already exists (Assets/HotUpdate/Utility/Scripts/Pooled/Extensions/TMP_Text/Pooled.TMP_Text.asmdef)
Assembly with name 'Pooled.Tests' already exists (Assets/Services/Pooled/Editor/Tests/Pooled.Tests.asmdef)
Assembly with name 'Pooled.Tests' already exists (Assets/HotUpdate/Utility/Scripts/Pooled/Editor/Tests/Pooled.Tests.asmdef)
Assembly with name 'TimeFormat.TMP_Text' already exists (Assets/HotUpdate/Utility/Scripts/TimeFormat/Extensions/TMP_Text/TimeFormat.TMP_Text.asmdef)
Assembly with name 'TimeFormat.TMP_Text' already exists (Assets/Utility/Services/TimeFormat/Extensions/TMP_Text/TimeFormat.TMP_Text.asmdef)
Assembly with name 'Converter' already exists (Assets/Utility/Services/Converter/Converter.asmdef)
Assembly with name 'Converter' already exists (Assets/HotUpdate/Utility/Scripts/Converter/Converter.asmdef)
Assembly with name 'Converter' already exists (Assets/Services/Converter/Converter.asmdef)
Assembly with name 'Converter' already exists (Assets/HotUpdate/Utility/Scripts/Converter/Converter.asmdef)
Assembly with name 'Pooled' already exists (Assets/Utility/Services/Pooled/Pooled.asmdef)
Assembly with name 'Pooled' already exists (Assets/Utility/Scripts/Pooled/Pooled.asmdef)
Assembly with name 'SystemTime' already exists (Assets/Utility/Services/Time/Time.asmdef)
Assembly with name 'SystemTime' already exists (Assets/Utility/Scripts/Time/Time.asmdef)
Assembly with name 'TimeFormat.Editor' already exists (Assets/Utility/Services/TimeFormat/Editor/TimeFormat.Editor.asmdef)
Assembly with name 'TimeFormat.Editor' already exists (Assets/HotUpdate/Utility/Scripts/TimeFormat/Editor/TimeFormat.Editor.asmdef)
Assembly with name 'TimeFormat.TMP_Text' already exists (Assets/Utility/Scripts/TimeFormat/Extensions/TMP_Text/TimeFormat.TMP_Text.asmdef)
Assembly with name 'TimeFormat.TMP_Text' already exists (Assets/Utility/Services/TimeFormat/Extensions/TMP_Text/TimeFormat.TMP_Text.asmdef)
Assembly with name 'TimeFormat' already exists (Assets/Utility/Scripts/TimeFormat/TimeFormat.asmdef)
Assembly with name 'TimeFormat' already exists (Assets/HotUpdate/Utility/Scripts/TimeFormat/TimeFormat.asmdef)
Assembly with name 'TimeFormat' already exists (Assets/Services/TimeFormat/TimeFormat.asmdef)
Assembly with name 'TimeFormat' already exists (Assets/HotUpdate/Utility/Scripts/TimeFormat/TimeFormat.asmdef)
Assembly with name 'TimeFormat.TMP_Text' already exists (Assets/Services/TimeFormat/Extensions/TMP_Text/TimeFormat.TMP_Text.asmdef)
Assembly with name 'TimeFormat.TMP_Text' already exists (Assets/Utility/Services/TimeFormat/Extensions/TMP_Text/TimeFormat.TMP_Text.asmdef)
Assembly with name 'Pooled.Tests' already exists (Assets/Utility/Scripts/Pooled/Editor/Tests/Pooled.Tests.asmdef)
Assembly with name 'Pooled.Tests' already exists (Assets/HotUpdate/Utility/Scripts/Pooled/Editor/Tests/Pooled.Tests.asmdef)
Assembly with name 'SystemTime' already exists (Assets/Services/Time/Time.asmdef)
Assembly with name 'SystemTime' already exists (Assets/Utility/Scripts/Time/Time.asmdef)
Assembly with name 'Pooled.Tests' already exists (Assets/Utility/Services/Pooled/Editor/Tests/Pooled.Tests.asmdef)
Assembly with name 'Pooled.Tests' already exists (Assets/HotUpdate/Utility/Scripts/Pooled/Editor/Tests/Pooled.Tests.asmdef)
Assembly with name 'Pooled.Editor' already exists (Assets/Utility/Scripts/Pooled/Editor/Pooled.Editor.asmdef)
Assembly with name 'Pooled.Editor' already exists (Assets/HotUpdate/Utility/Scripts/Pooled/Editor/Pooled.Editor.asmdef)
Assembly with name 'Pooled' already exists (Assets/Services/Pooled/Pooled.asmdef)
Assembly with name 'Pooled' already exists (Assets/Utility/Scripts/Pooled/Pooled.asmdef)
Assembly with name 'TimeFormat.Tests' already exists (Assets/Services/TimeFormat/Editor/Test/TimeFormat.Tests.asmdef)
Assembly with name 'TimeFormat.Tests' already exists (Assets/Utility/Scripts/TimeFormat/Editor/Test/TimeFormat.Tests.asmdef)
Assembly with name 'TimeFormat.Editor' already exists (Assets/Services/TimeFormat/Editor/TimeFormat.Editor.asmdef)
Assembly with name 'TimeFormat.Editor' already exists (Assets/HotUpdate/Utility/Scripts/TimeFormat/Editor/TimeFormat.Editor.asmdef)
Assembly with name 'TimeFormat.Tests' already exists (Assets/Utility/Services/TimeFormat/Editor/Test/TimeFormat.Tests.asmdef)
Assembly with name 'TimeFormat.Tests' already exists (Assets/Utility/Scripts/TimeFormat/Editor/Test/TimeFormat.Tests.asmdef)
Assembly with name 'TimeFormat.Editor' already exists (Assets/Utility/Scripts/TimeFormat/Editor/TimeFormat.Editor.asmdef)
Assembly with name 'TimeFormat.Editor' already exists (Assets/HotUpdate/Utility/Scripts/TimeFormat/Editor/TimeFormat.Editor.asmdef)
Assembly with name 'Pooled' already exists (Assets/HotUpdate/Utility/Scripts/Pooled/Pooled.asmdef)
Assembly with name 'Pooled' already exists (Assets/Utility/Scripts/Pooled/Pooled.asmdef)
Assembly with name 'Pooled.TMP_Text' already exists (Assets/Services/Pooled/Extensions/TMP_Text/Pooled.TMP_Text.asmdef)
Assembly with name 'Pooled.TMP_Text' already exists (Assets/HotUpdate/Utility/Scripts/Pooled/Extensions/TMP_Text/Pooled.TMP_Text.asmdef)
Assembly with name 'Pooled.TMP_Text' already exists (Assets/Utility/Scripts/Pooled/Extensions/TMP_Text/Pooled.TMP_Text.asmdef)
Assembly with name 'Pooled.TMP_Text' already exists (Assets/HotUpdate/Utility/Scripts/Pooled/Extensions/TMP_Text/Pooled.TMP_Text.asmdef)
Assembly with name 'SystemTime' already exists (Assets/HotUpdate/Utility/Scripts/Time/Time.asmdef)
Assembly with name 'SystemTime' already exists (Assets/Utility/Scripts/Time/Time.asmdef)
Assembly with name 'TimeFormat' already exists (Assets/Utility/Services/TimeFormat/TimeFormat.asmdef)
Assembly with name 'TimeFormat' already exists (Assets/HotUpdate/Utility/Scripts/TimeFormat/TimeFormat.asmdef)
Assembly with name 'TimeFormat.Tests' already exists (Assets/HotUpdate/Utility/Scripts/TimeFormat/Editor/Test/TimeFormat.Tests.asmdef)
Assembly with name 'TimeFormat.Tests' already exists (Assets/Utility/Scripts/TimeFormat/Editor/Test/TimeFormat.Tests.asmdef)
Caller must complete domain reload
Assembly with name 'Converter' already exists (Assets/Utility/Scripts/Converter/Converter.asmdef)
Assembly with name 'Converter' already exists (Assets/HotUpdate/Utility/Scripts/Converter/Converter.asmdef)
Assembly with name 'Pooled.Editor' already exists (Assets/Utility/Services/Pooled/Editor/Pooled.Editor.asmdef)
Assembly with name 'Pooled.Editor' already exists (Assets/HotUpdate/Utility/Scripts/Pooled/Editor/Pooled.Editor.asmdef)
Assembly with name 'Pooled.Editor' already exists (Assets/Services/Pooled/Editor/Pooled.Editor.asmdef)
Assembly with name 'Pooled.Editor' already exists (Assets/HotUpdate/Utility/Scripts/Pooled/Editor/Pooled.Editor.asmdef)
Assembly with name 'Pooled.TMP_Text' already exists (Assets/Utility/Services/Pooled/Extensions/TMP_Text/Pooled.TMP_Text.asmdef)
Assembly with name 'Pooled.TMP_Text' already exists (Assets/HotUpdate/Utility/Scripts/Pooled/Extensions/TMP_Text/Pooled.TMP_Text.asmdef)
Assembly with name 'Pooled.Tests' already exists (Assets/Services/Pooled/Editor/Tests/Pooled.Tests.asmdef)
Assembly with name 'Pooled.Tests' already exists (Assets/HotUpdate/Utility/Scripts/Pooled/Editor/Tests/Pooled.Tests.asmdef)
Assembly with name 'TimeFormat.TMP_Text' already exists (Assets/HotUpdate/Utility/Scripts/TimeFormat/Extensions/TMP_Text/TimeFormat.TMP_Text.asmdef)
Assembly with name 'TimeFormat.TMP_Text' already exists (Assets/Utility/Services/TimeFormat/Extensions/TMP_Text/TimeFormat.TMP_Text.asmdef)
Assembly with name 'Converter' already exists (Assets/Utility/Services/Converter/Converter.asmdef)
Assembly with name 'Converter' already exists (Assets/HotUpdate/Utility/Scripts/Converter/Converter.asmdef)
Assembly with name 'Converter' already exists (Assets/Services/Converter/Converter.asmdef)
Assembly with name 'Converter' already exists (Assets/HotUpdate/Utility/Scripts/Converter/Converter.asmdef)
Assembly with name 'Pooled' already exists (Assets/Utility/Services/Pooled/Pooled.asmdef)
Assembly with name 'Pooled' already exists (Assets/Utility/Scripts/Pooled/Pooled.asmdef)
Assembly with name 'SystemTime' already exists (Assets/Utility/Services/Time/Time.asmdef)
Assembly with name 'SystemTime' already exists (Assets/Utility/Scripts/Time/Time.asmdef)
Assembly with name 'TimeFormat.Editor' already exists (Assets/Utility/Services/TimeFormat/Editor/TimeFormat.Editor.asmdef)
Assembly with name 'TimeFormat.Editor' already exists (Assets/HotUpdate/Utility/Scripts/TimeFormat/Editor/TimeFormat.Editor.asmdef)
Assembly with name 'TimeFormat.TMP_Text' already exists (Assets/Utility/Scripts/TimeFormat/Extensions/TMP_Text/TimeFormat.TMP_Text.asmdef)
Assembly with name 'TimeFormat.TMP_Text' already exists (Assets/Utility/Services/TimeFormat/Extensions/TMP_Text/TimeFormat.TMP_Text.asmdef)
Assembly with name 'TimeFormat' already exists (Assets/Utility/Scripts/TimeFormat/TimeFormat.asmdef)
Assembly with name 'TimeFormat' already exists (Assets/HotUpdate/Utility/Scripts/TimeFormat/TimeFormat.asmdef)
Assembly with name 'TimeFormat' already exists (Assets/Services/TimeFormat/TimeFormat.asmdef)
Assembly with name 'TimeFormat' already exists (Assets/HotUpdate/Utility/Scripts/TimeFormat/TimeFormat.asmdef)
Assembly with name 'TimeFormat.TMP_Text' already exists (Assets/Services/TimeFormat/Extensions/TMP_Text/TimeFormat.TMP_Text.asmdef)
Assembly with name 'TimeFormat.TMP_Text' already exists (Assets/Utility/Services/TimeFormat/Extensions/TMP_Text/TimeFormat.TMP_Text.asmdef)
Assembly with name 'Pooled.Tests' already exists (Assets/Utility/Scripts/Pooled/Editor/Tests/Pooled.Tests.asmdef)
Assembly with name 'Pooled.Tests' already exists (Assets/HotUpdate/Utility/Scripts/Pooled/Editor/Tests/Pooled.Tests.asmdef)
Assembly with name 'SystemTime' already exists (Assets/Services/Time/Time.asmdef)
Assembly with name 'SystemTime' already exists (Assets/Utility/Scripts/Time/Time.asmdef)
Assembly with name 'Pooled.Tests' already exists (Assets/Utility/Services/Pooled/Editor/Tests/Pooled.Tests.asmdef)
Assembly with name 'Pooled.Tests' already exists (Assets/HotUpdate/Utility/Scripts/Pooled/Editor/Tests/Pooled.Tests.asmdef)
Assembly with name 'Pooled.Editor' already exists (Assets/Utility/Scripts/Pooled/Editor/Pooled.Editor.asmdef)
Assembly with name 'Pooled.Editor' already exists (Assets/HotUpdate/Utility/Scripts/Pooled/Editor/Pooled.Editor.asmdef)
Assembly with name 'Pooled' already exists (Assets/Services/Pooled/Pooled.asmdef)
Assembly with name 'Pooled' already exists (Assets/Utility/Scripts/Pooled/Pooled.asmdef)
Assembly with name 'TimeFormat.Tests' already exists (Assets/Services/TimeFormat/Editor/Test/TimeFormat.Tests.asmdef)
Assembly with name 'TimeFormat.Tests' already exists (Assets/Utility/Scripts/TimeFormat/Editor/Test/TimeFormat.Tests.asmdef)
Assembly with name 'TimeFormat.Editor' already exists (Assets/Services/TimeFormat/Editor/TimeFormat.Editor.asmdef)
Assembly with name 'TimeFormat.Editor' already exists (Assets/HotUpdate/Utility/Scripts/TimeFormat/Editor/TimeFormat.Editor.asmdef)
Assembly with name 'TimeFormat.Tests' already exists (Assets/Utility/Services/TimeFormat/Editor/Test/TimeFormat.Tests.asmdef)
Assembly with name 'TimeFormat.Tests' already exists (Assets/Utility/Scripts/TimeFormat/Editor/Test/TimeFormat.Tests.asmdef)
Assembly with name 'TimeFormat.Editor' already exists (Assets/Utility/Scripts/TimeFormat/Editor/TimeFormat.Editor.asmdef)
Assembly with name 'TimeFormat.Editor' already exists (Assets/HotUpdate/Utility/Scripts/TimeFormat/Editor/TimeFormat.Editor.asmdef)
Assembly with name 'Pooled' already exists (Assets/HotUpdate/Utility/Scripts/Pooled/Pooled.asmdef)
Assembly with name 'Pooled' already exists (Assets/Utility/Scripts/Pooled/Pooled.asmdef)
Assembly with name 'Pooled.TMP_Text' already exists (Assets/Services/Pooled/Extensions/TMP_Text/Pooled.TMP_Text.asmdef)
Assembly with name 'Pooled.TMP_Text' already exists (Assets/HotUpdate/Utility/Scripts/Pooled/Extensions/TMP_Text/Pooled.TMP_Text.asmdef)
Assembly with name 'Pooled.TMP_Text' already exists (Assets/Utility/Scripts/Pooled/Extensions/TMP_Text/Pooled.TMP_Text.asmdef)
Assembly with name 'Pooled.TMP_Text' already exists (Assets/HotUpdate/Utility/Scripts/Pooled/Extensions/TMP_Text/Pooled.TMP_Text.asmdef)
Assembly with name 'SystemTime' already exists (Assets/HotUpdate/Utility/Scripts/Time/Time.asmdef)
Assembly with name 'SystemTime' already exists (Assets/Utility/Scripts/Time/Time.asmdef)
Assembly with name 'TimeFormat' already exists (Assets/Utility/Services/TimeFormat/TimeFormat.asmdef)
Assembly with name 'TimeFormat' already exists (Assets/HotUpdate/Utility/Scripts/TimeFormat/TimeFormat.asmdef)
Assembly with name 'TimeFormat.Tests' already exists (Assets/HotUpdate/Utility/Scripts/TimeFormat/Editor/Test/TimeFormat.Tests.asmdef)
Assembly with name 'TimeFormat.Tests' already exists (Assets/Utility/Scripts/TimeFormat/Editor/Test/TimeFormat.Tests.asmdef)
Begin MonoManager ReloadAssembly
- Loaded All Assemblies, in  0.440 seconds
Native extension for WindowsStandalone target not found
Native extension for iOS target not found
Native extension for Android target not found
Assembly with name 'Converter' already exists (Assets/Utility/Scripts/Converter/Converter.asmdef)
Assembly with name 'Converter' already exists (Assets/HotUpdate/Utility/Scripts/Converter/Converter.asmdef)
Assembly with name 'Pooled.Editor' already exists (Assets/Utility/Services/Pooled/Editor/Pooled.Editor.asmdef)
Assembly with name 'Pooled.Editor' already exists (Assets/HotUpdate/Utility/Scripts/Pooled/Editor/Pooled.Editor.asmdef)
Assembly with name 'Pooled.Editor' already exists (Assets/Services/Pooled/Editor/Pooled.Editor.asmdef)
Assembly with name 'Pooled.Editor' already exists (Assets/HotUpdate/Utility/Scripts/Pooled/Editor/Pooled.Editor.asmdef)
Assembly with name 'Pooled.TMP_Text' already exists (Assets/Utility/Services/Pooled/Extensions/TMP_Text/Pooled.TMP_Text.asmdef)
Assembly with name 'Pooled.TMP_Text' already exists (Assets/HotUpdate/Utility/Scripts/Pooled/Extensions/TMP_Text/Pooled.TMP_Text.asmdef)
Assembly with name 'Pooled.Tests' already exists (Assets/Services/Pooled/Editor/Tests/Pooled.Tests.asmdef)
Assembly with name 'Pooled.Tests' already exists (Assets/HotUpdate/Utility/Scripts/Pooled/Editor/Tests/Pooled.Tests.asmdef)
Assembly with name 'TimeFormat.TMP_Text' already exists (Assets/HotUpdate/Utility/Scripts/TimeFormat/Extensions/TMP_Text/TimeFormat.TMP_Text.asmdef)
Assembly with name 'TimeFormat.TMP_Text' already exists (Assets/Utility/Services/TimeFormat/Extensions/TMP_Text/TimeFormat.TMP_Text.asmdef)
Assembly with name 'Converter' already exists (Assets/Utility/Services/Converter/Converter.asmdef)
Assembly with name 'Converter' already exists (Assets/HotUpdate/Utility/Scripts/Converter/Converter.asmdef)
Assembly with name 'Converter' already exists (Assets/Services/Converter/Converter.asmdef)
Assembly with name 'Converter' already exists (Assets/HotUpdate/Utility/Scripts/Converter/Converter.asmdef)
Assembly with name 'Pooled' already exists (Assets/Utility/Services/Pooled/Pooled.asmdef)
Assembly with name 'Pooled' already exists (Assets/Utility/Scripts/Pooled/Pooled.asmdef)
Assembly with name 'SystemTime' already exists (Assets/Utility/Services/Time/Time.asmdef)
Assembly with name 'SystemTime' already exists (Assets/Utility/Scripts/Time/Time.asmdef)
Assembly with name 'TimeFormat.Editor' already exists (Assets/Utility/Services/TimeFormat/Editor/TimeFormat.Editor.asmdef)
Assembly with name 'TimeFormat.Editor' already exists (Assets/HotUpdate/Utility/Scripts/TimeFormat/Editor/TimeFormat.Editor.asmdef)
Assembly with name 'TimeFormat.TMP_Text' already exists (Assets/Utility/Scripts/TimeFormat/Extensions/TMP_Text/TimeFormat.TMP_Text.asmdef)
Assembly with name 'TimeFormat.TMP_Text' already exists (Assets/Utility/Services/TimeFormat/Extensions/TMP_Text/TimeFormat.TMP_Text.asmdef)
Assembly with name 'TimeFormat' already exists (Assets/Utility/Scripts/TimeFormat/TimeFormat.asmdef)
Assembly with name 'TimeFormat' already exists (Assets/HotUpdate/Utility/Scripts/TimeFormat/TimeFormat.asmdef)
Assembly with name 'TimeFormat' already exists (Assets/Services/TimeFormat/TimeFormat.asmdef)
Assembly with name 'TimeFormat' already exists (Assets/HotUpdate/Utility/Scripts/TimeFormat/TimeFormat.asmdef)
Assembly with name 'TimeFormat.TMP_Text' already exists (Assets/Services/TimeFormat/Extensions/TMP_Text/TimeFormat.TMP_Text.asmdef)
Assembly with name 'TimeFormat.TMP_Text' already exists (Assets/Utility/Services/TimeFormat/Extensions/TMP_Text/TimeFormat.TMP_Text.asmdef)
Assembly with name 'Pooled.Tests' already exists (Assets/Utility/Scripts/Pooled/Editor/Tests/Pooled.Tests.asmdef)
Assembly with name 'Pooled.Tests' already exists (Assets/HotUpdate/Utility/Scripts/Pooled/Editor/Tests/Pooled.Tests.asmdef)
Assembly with name 'SystemTime' already exists (Assets/Services/Time/Time.asmdef)
Assembly with name 'SystemTime' already exists (Assets/Utility/Scripts/Time/Time.asmdef)
Assembly with name 'Pooled.Tests' already exists (Assets/Utility/Services/Pooled/Editor/Tests/Pooled.Tests.asmdef)
Assembly with name 'Pooled.Tests' already exists (Assets/HotUpdate/Utility/Scripts/Pooled/Editor/Tests/Pooled.Tests.asmdef)
Assembly with name 'Pooled.Editor' already exists (Assets/Utility/Scripts/Pooled/Editor/Pooled.Editor.asmdef)
Assembly with name 'Pooled.Editor' already exists (Assets/HotUpdate/Utility/Scripts/Pooled/Editor/Pooled.Editor.asmdef)
Assembly with name 'Pooled' already exists (Assets/Services/Pooled/Pooled.asmdef)
Assembly with name 'Pooled' already exists (Assets/Utility/Scripts/Pooled/Pooled.asmdef)
Assembly with name 'TimeFormat.Tests' already exists (Assets/Services/TimeFormat/Editor/Test/TimeFormat.Tests.asmdef)
Assembly with name 'TimeFormat.Tests' already exists (Assets/Utility/Scripts/TimeFormat/Editor/Test/TimeFormat.Tests.asmdef)
Assembly with name 'TimeFormat.Editor' already exists (Assets/Services/TimeFormat/Editor/TimeFormat.Editor.asmdef)
Assembly with name 'TimeFormat.Editor' already exists (Assets/HotUpdate/Utility/Scripts/TimeFormat/Editor/TimeFormat.Editor.asmdef)
Assembly with name 'TimeFormat.Tests' already exists (Assets/Utility/Services/TimeFormat/Editor/Test/TimeFormat.Tests.asmdef)
Assembly with name 'TimeFormat.Tests' already exists (Assets/Utility/Scripts/TimeFormat/Editor/Test/TimeFormat.Tests.asmdef)
Assembly with name 'TimeFormat.Editor' already exists (Assets/Utility/Scripts/TimeFormat/Editor/TimeFormat.Editor.asmdef)
Assembly with name 'TimeFormat.Editor' already exists (Assets/HotUpdate/Utility/Scripts/TimeFormat/Editor/TimeFormat.Editor.asmdef)
Assembly with name 'Pooled' already exists (Assets/HotUpdate/Utility/Scripts/Pooled/Pooled.asmdef)
Assembly with name 'Pooled' already exists (Assets/Utility/Scripts/Pooled/Pooled.asmdef)
Assembly with name 'Pooled.TMP_Text' already exists (Assets/Services/Pooled/Extensions/TMP_Text/Pooled.TMP_Text.asmdef)
Assembly with name 'Pooled.TMP_Text' already exists (Assets/HotUpdate/Utility/Scripts/Pooled/Extensions/TMP_Text/Pooled.TMP_Text.asmdef)
Assembly with name 'Pooled.TMP_Text' already exists (Assets/Utility/Scripts/Pooled/Extensions/TMP_Text/Pooled.TMP_Text.asmdef)
Assembly with name 'Pooled.TMP_Text' already exists (Assets/HotUpdate/Utility/Scripts/Pooled/Extensions/TMP_Text/Pooled.TMP_Text.asmdef)
Assembly with name 'SystemTime' already exists (Assets/HotUpdate/Utility/Scripts/Time/Time.asmdef)
Assembly with name 'SystemTime' already exists (Assets/Utility/Scripts/Time/Time.asmdef)
Assembly with name 'TimeFormat' already exists (Assets/Utility/Services/TimeFormat/TimeFormat.asmdef)
Assembly with name 'TimeFormat' already exists (Assets/HotUpdate/Utility/Scripts/TimeFormat/TimeFormat.asmdef)
Assembly with name 'TimeFormat.Tests' already exists (Assets/HotUpdate/Utility/Scripts/TimeFormat/Editor/Test/TimeFormat.Tests.asmdef)
Assembly with name 'TimeFormat.Tests' already exists (Assets/Utility/Scripts/TimeFormat/Editor/Test/TimeFormat.Tests.asmdef)
Mono: successfully reloaded assembly
- Finished resetting the current domain, in  0.749 seconds
Domain Reload Profiling: 1187ms
	BeginReloadAssembly (141ms)
		ExecutionOrderSort (0ms)
		DisableScriptedObjects (7ms)
		BackupInstance (0ms)
		ReleaseScriptingObjects (0ms)
		CreateAndSetChildDomain (31ms)
	RebuildCommonClasses (29ms)
	RebuildNativeTypeToScriptingClass (9ms)
	initialDomainReloadingComplete (22ms)
	LoadAllAssembliesAndSetupDomain (237ms)
		LoadAssemblies (272ms)
		RebuildTransferFunctionScriptingTraits (0ms)
		AnalyzeDomain (34ms)
			TypeCache.Refresh (14ms)
				TypeCache.ScanAssembly (0ms)
			ScanForSourceGeneratedMonoScriptInfo (12ms)
			ResolveRequiredComponents (6ms)
	FinalizeReload (749ms)
		ReleaseScriptCaches (0ms)
		RebuildScriptCaches (0ms)
		SetupLoadedEditorAssemblies (336ms)
			LogAssemblyErrors (0ms)
			InitializePlatformSupportModulesInManaged (19ms)
			SetLoadedEditorAssemblies (3ms)
			RefreshPlugins (0ms)
			BeforeProcessingInitializeOnLoad (89ms)
			ProcessInitializeOnLoadAttributes (206ms)
			ProcessInitializeOnLoadMethodAttributes (14ms)
			AfterProcessingInitializeOnLoad (4ms)
			EditorAssembliesLoaded (0ms)
		ExecutionOrderSort2 (0ms)
		AwakeInstancesAfterBackupRestoration (6ms)
Refreshing native plugins compatible for Editor in 1.86 ms, found 4 plugins.
Preloading 0 native plugins for Editor in 0.00 ms.
Unloading 4255 Unused Serialized files (Serialized files now loaded: 0)
Unloading 24 unused Assets / (33.7 KB). Loaded Objects now: 4818.
Memory consumption went from 151.9 MB to 151.9 MB.
Total: 3.205500 ms (FindLiveObjects: 0.410500 ms CreateObjectMapping: 0.108400 ms MarkObjects: 2.626600 ms  DeleteObjects: 0.058300 ms)

Prepare: number of updated asset objects reloaded= 0
AssetImportParameters requested are different than current active one (requested -> active):
  custom:scripting/monoscript/fileName/Pooled.cs: baad0cab28575340793c5f53e885a6c4 -> cc9dde24a210a09c81ccd567f812f7f5
  custom:container-demuxer-ogg: 62fdf1f143b41e24485cea50d1cbac27 -> 
  custom:scripting/monoscript/fileName/Pooled.TMP_Text.cs: a92ef4f9461d963a03ce3513e6feb2e9 -> 1771dab09d685ca888553b84cf88ad68
  custom:scripting/monoscript/fileName/DateFormat.cs: 5ee8ffb2f9a8c45cdb8729643aa539ae -> ed347d33eeb678b14e4abcfa67ee6414
  custom:video-codec-MediaFoundation-h265: 746d11721c4dcdbdad8f713fa42b33f4 -> 
  custom:video-decoder-ogg-theora: a1e56fd34408186e4bbccfd4996cb3dc -> 
  custom:scripting/monoscript/fileName/MapLongIntConverter.cs: cac9c0c36b85ebec03eed6b196c587f3 -> 198d1bce87a4c09dc3abda029a3119ab
  custom:scripting/precompiled-assembly-types:TimeFormat: 6d4a1e77502fe8961e9ef7de10638446 -> 57203823c46105faafc43ae197f6f4ca
  custom:scripting/monoscript/fileName/DateFormatTest.cs: 87f1e5d6f74d151f0e3b6c5aaac155e0 -> f2ceb48ff4b41406f6de9337dde229d4
  custom:framework-win-MediaFoundation: 216162199b28c13a410421893ffa2e32 -> 
  custom:scripting/monoscript/fileName/NewBehaviourScript.cs: 703cac14def72cad3b67b6c8fcdd650c -> 
  custom:scripting/monoscript/fileName/ConvertUtility.cs: b008f65e78f7bf89556fe97cb76fb4d3 -> 927bc4a982abdcaa84e56dfdb46b2cbb
  custom:scripting/precompiled-assembly-types:TimeFormat.TMP_Text: cd1c242309f2ac781468485f8860f302 -> 967252e62fb87db8773533e585e4c322
  custom:scripting/monoscript/fileName/Pooled.Collection.cs: 716086397f6fce3cf59561531ac052e5 -> 90647cc400823b41df847a6cbfc29026
  custom:scripting/monoscript/fileName/BitmapConverter.cs: bef8b0754ce803040d5a34241bac00a7 -> 12195687a10fb5a33146a377ab118aa6
  custom:scripting/monoscript/fileName/HashSetLongReverseConverter.cs: a7cbafa91cdd0e3708b092796562a868 -> 932d93a08099455ffa60234096f0bc2c
  custom:scripting/monoscript/fileName/PooledChars.cs: 33880515bd376b511b6adaad23c845ab -> 21fa764a5afa8b56c3e877b4892d83d0
  custom:scripting/monoscript/fileName/Launcher.Configure.cs: 0cdf409b5aa8d4c25876d72b5c6a3b60 -> 
  custom:scripting/precompiled-assembly-types:TimeFormat.Tests: 7a5bdcca3fd2fe5564c87584e6959e0f -> 17ab779a0d411127942b86927b2dc166
  custom:scripting/precompiled-assembly-types:Pooled.Editor: fa10dbda0f98c59fa57f342ce5b8db3d -> 64cdb4d0b09fde53e895bff1f3267621
  custom:scripting/monoscript/fileName/IConverterCollectorSystem.cs: 716086397f6fce3cf59561531ac052e5 -> 90647cc400823b41df847a6cbfc29026
  custom:scripting/monoscript/fileName/MonitoredObjectPoolMemoryWindow.cs: 59b16281f30e691a756f58cb5d9a8b60 -> ddc01cc66b15815883e46a79dbae273a
  custom:CustomObjectIndexerAttribute: 9a22284fe3817be447336de3de66b15e -> 
  custom:scripting/precompiled-assembly-types:Pooled.TMP_Text: 92558fb10d66941a554c40cb582c3db5 -> 3175b5d3dfbf646ba5fc016628a7a8b2
  custom:scripting/monoscript/fileName/HashSetIntConverter.cs: b5db394041c6646ac4fd66508f5786f4 -> 336b59b95aa86a855094c372f6281efc
  custom:scripting/monoscript/fileName/HashSetLongConverter.cs: a1cab3b4ffce114d592ca6c175a5f63d -> bffc50741551ba327e3defbf92ea631c
  custom:scripting/precompiled-assembly-types:Converter: 9c7eeca5229a3a42351e9ebcae44f77d -> ee394a20b19999bd51514d0170308fef
  custom:container-demuxer-webm: 4f35f7cbe854078d1ac9338744f61a02 -> 
  custom:scripting/monoscript/fileName/PooledStringBuilder.cs: 6043f7e32526ae7771d6c5e21572c929 -> 
  custom:scripting/monoscript/fileName/HashSetIntReverseConverter.cs: f04f195534430a1a5aa1033234bed4af -> 06c076a9053026cf8408e19462593778
  custom:scripting/monoscript/fileName/Pooled.Map.cs: 716086397f6fce3cf59561531ac052e5 -> 90647cc400823b41df847a6cbfc29026
  custom:scripting/precompiled-assembly-types:Pooled.Tests: 5bf323a3bc5ed9c432319119ab1c09db -> 0c2e9c09f1a2b2407f50a1f01f3ca010
  custom:scripting/monoscript/fileName/MapIntIntConverter.cs: 9620af3d9654ec97245971bd53d35ab6 -> 295a5843cb6d0fcae5fda9644abd3119
  custom:scripting/monoscript/fileName/RepeatedField.cs: 716086397f6fce3cf59561531ac052e5 -> 90647cc400823b41df847a6cbfc29026
  custom:scripting/monoscript/fileName/ListIntConverter.cs: 436b2b3f5ca930ff78d428c441ef8c8a -> ff3a1298932b804b0d15be3a4a8f007d
  custom:scripting/monoscript/fileName/MapIntBitReverseConverter.cs: e14fde3dcc64c3c0d176ccdd1d016eae -> 8b8bfcfc92e7150c7cab6194df938961
  custom:scripting/monoscript/fileName/ConverterCollector.cs: 23f82105a25a75216e658215522f0c07 -> 8f6297df34271fdb1ce2d9607ec6261d
  custom:container-muxer-webm: aa71ff27fc2769a1b78a27578f13a17b -> 
  custom:scripting/monoscript/fileName/ConverterCollectorSystem.cs: 716086397f6fce3cf59561531ac052e5 -> 90647cc400823b41df847a6cbfc29026
  custom:video-decoder-webm-vp8: 9c59270c3fd7afecdb556c50c9e8de78 -> 
  custom:scripting/monoscript/fileName/IConverter.cs: 23f82105a25a75216e658215522f0c07 -> 8f6297df34271fdb1ce2d9607ec6261d
  custom:scripting/monoscript/fileName/TimeFormat.TMP_Text.cs: 04b153d1e87700945c251cd57f0caf28 -> f6a319b78dfa7c00602caf474b9ca715
  custom:SearchIndexIgnoredProperties: e643bd26f0fe6173181afceb89e7c659 -> 
  custom:scripting/monoscript/fileName/BitmapTimingResetConverter.cs: 0a600efde2430e87d9d3b74fefe851b4 -> 16be4e68c9559384167314f33f2262ce
  custom:AudioImporter_EditorPlatform: d09bf68614088b80899f8185d706f6e7 -> 
  custom:scripting/monoscript/fileName/ConverterCollectorSystem.Config.cs: 716086397f6fce3cf59561531ac052e5 -> 90647cc400823b41df847a6cbfc29026
  custom:scripting/monoscript/fileName/SystemTime.cs: 0871270ccfddc6f47e3ac605866cf236 -> aebab7d5993158d333c473fe5ad2e983
  custom:scripting/monoscript/fileName/IConverterCollector.cs: 7204df85a06eb33c552568921744fc7f -> 0cdf409b5aa8d4c25876d72b5c6a3b60
  custom:scripting/monoscript/fileName/DateFormat.TMP_Text.cs: 121711a8ea84a13844106aa2e82a1cd2 -> cfa4ac74668713a9594e154b6b707e11
  custom:scripting/monoscript/fileName/MapIntBitConverter.cs: dce2875ca3c4cad9ab6f13f6a6965680 -> 79a8119290488a133b2d9f55c8d3a0d3
  custom:scripting/monoscript/fileName/DailyRedPointManager.cs: 513629b390c64237ae10fadc04fe33e2 -> 01ec27a3aa6e2eef520171695290b082
  custom:scripting/monoscript/fileName/CBitmap.cs: ec0fdd5ea2398b1b65c18ea095c42afb -> f8c1ae0cca981124d219ae3b6d8e6182
  custom:scripting/monoscript/fileName/PooledTest.cs: 28426ac1d0a0bad5d092e27ae3a87191 -> d0e5b41c51d29f0613407ea0dc9a2ae1
  custom:scripting/monoscript/fileName/BitmapReverseConverter.cs: 1fc067da77a3ccc221d0c0fe577e4e0f -> acc59c8855034e2bb91a751805bc12bb
  custom:scripting/monoscript/fileName/Launcher.cs: fc0c233cdf2db662ad083a18ee6c8ee8 -> 5bb5cfe85734624b9dda7f37e40514f0
  custom:video-encoder-webm-vp8: eb34c28f22e8b96e1ab97ce403110664 -> 
  custom:audio-decoder-ogg-vorbis: bf7c407c2cedff20999df2af8eb42d56 -> 
  custom:scripting/monoscript/fileName/MonitoredObjectPool.cs: 07c2f06c1be72f5574a820b4727b45d6 -> 9182583f5d8b6c16ed73aee3a076a254
  custom:scripting/monoscript/fileName/MapLongBitConverter.cs: 43ce4e9aba0920885e00f67136ef7071 -> 328f00929818c8c69bb5b89f3bcc9604
  custom:scripting/monoscript/fileName/PooledBitArray.cs: 63242dbc45c4894086d10ce96dcd98d8 -> 
  custom:scripting/monoscript/fileName/MapIntLongConverter.cs: 31cf1c377d37f97e076e6bb7ba8ce6bd -> a2cdffcab0400670150cdf9d6f279bf8
  custom:scripting/precompiled-assembly-types:SystemTime: a9afdb8eba24b40bf6e6d2e0d79e8e29 -> de93446e31aab50ce934d7feaa3d7a7d
  custom:scripting/monoscript/fileName/MapLongBitReverseConverter.cs: 3a3a53b77999da0e1aba4b8aa6a2efb1 -> 1d61913e53bfc7ab7acf8ae1d97259f0
  custom:scripting/monoscript/fileName/ListLongConverter.cs: 8035177bb4988529bdf021b5674f63f7 -> 067d4451cabf17e3cfccb1cb88d8f36b
  custom:scripting/precompiled-assembly-types:HotUpdate: 2604a2b3a63c878ba0c6bc0792590b0b -> 
  custom:scripting/monoscript/fileName/TimeFormatTest.cs: 93a42fa151a026f2dc7824ac0622d2a5 -> f90ae55604080c97eefe0555e4b0ad3c
  custom:audio-encoder-webm-vorbis: bf7c407c2cedff20999df2af8eb42d56 -> 
  custom:scripting/monoscript/fileName/TimeFormat.cs: 9204fd782b26c55826382465702b381a -> 3d1d90addaffbea026682521871bf1e2
  custom:scripting/precompiled-assembly-types:Pooled: 90ae12e970b0a4c25cdd11d8926c1a55 -> 6162124d200d88ea66aabea2add4abf0
  custom:scripting/monoscript/fileName/MapLongLongConverter.cs: 5e2c827038738a02120b98610ada1a79 -> b43590451b2c3721d1491012e5c4185c
========================================================================
Received Import Request.
  Time since last request: 290.092518 seconds.
  path: Assets/Services/Pooled/NewBehaviourScript.cs
  artifactKey: Guid(1ce01327f141de045ae5ad9dddb54ea9) Importer(815301076,1909f56bfc062723c751e8b465ee728b)
Start importing Assets/Services/Pooled/NewBehaviourScript.cs using Guid(1ce01327f141de045ae5ad9dddb54ea9) Importer(815301076,1909f56bfc062723c751e8b465ee728b) [PhysX] Initialized MultithreadedTaskDispatcher with 20 workers.
 -> (artifact id: '9dd749db486201c7a8364ddda6a865cc') in 0.001801 seconds
Number of updated asset objects reloaded before import = 0
Number of asset objects unloaded after import = 0
========================================================================
Received Prepare
Assembly with name 'Converter' already exists (Assets/Utility/Scripts/Converter/Converter.asmdef)
Assembly with name 'Converter' already exists (Assets/HotUpdate/Utility/Scripts/Converter/Converter.asmdef)
Assembly with name 'Pooled.Editor' already exists (Assets/Utility/Services/Pooled/Editor/Pooled.Editor.asmdef)
Assembly with name 'Pooled.Editor' already exists (Assets/HotUpdate/Utility/Scripts/Pooled/Editor/Pooled.Editor.asmdef)
Assembly with name 'Pooled.Editor' already exists (Assets/Services/Pooled/Editor/Pooled.Editor.asmdef)
Assembly with name 'Pooled.Editor' already exists (Assets/HotUpdate/Utility/Scripts/Pooled/Editor/Pooled.Editor.asmdef)
Assembly with name 'Pooled.TMP_Text' already exists (Assets/Utility/Services/Pooled/Extensions/TMP_Text/Pooled.TMP_Text.asmdef)
Assembly with name 'Pooled.TMP_Text' already exists (Assets/HotUpdate/Utility/Scripts/Pooled/Extensions/TMP_Text/Pooled.TMP_Text.asmdef)
Assembly with name 'Pooled.Tests' already exists (Assets/Services/Pooled/Editor/Tests/Pooled.Tests.asmdef)
Assembly with name 'Pooled.Tests' already exists (Assets/HotUpdate/Utility/Scripts/Pooled/Editor/Tests/Pooled.Tests.asmdef)
Assembly with name 'TimeFormat.TMP_Text' already exists (Assets/HotUpdate/Utility/Scripts/TimeFormat/Extensions/TMP_Text/TimeFormat.TMP_Text.asmdef)
Assembly with name 'TimeFormat.TMP_Text' already exists (Assets/Utility/Services/TimeFormat/Extensions/TMP_Text/TimeFormat.TMP_Text.asmdef)
Assembly with name 'Converter' already exists (Assets/Utility/Services/Converter/Converter.asmdef)
Assembly with name 'Converter' already exists (Assets/HotUpdate/Utility/Scripts/Converter/Converter.asmdef)
Assembly with name 'Converter' already exists (Assets/Services/Converter/Converter.asmdef)
Assembly with name 'Converter' already exists (Assets/HotUpdate/Utility/Scripts/Converter/Converter.asmdef)
Assembly with name 'Pooled' already exists (Assets/Utility/Services/Pooled/Pooled.asmdef)
Assembly with name 'Pooled' already exists (Assets/Utility/Scripts/Pooled/Pooled.asmdef)
Assembly with name 'SystemTime' already exists (Assets/Utility/Services/Time/Time.asmdef)
Assembly with name 'SystemTime' already exists (Assets/Utility/Scripts/Time/Time.asmdef)
Assembly with name 'TimeFormat.Editor' already exists (Assets/Utility/Services/TimeFormat/Editor/TimeFormat.Editor.asmdef)
Assembly with name 'TimeFormat.Editor' already exists (Assets/HotUpdate/Utility/Scripts/TimeFormat/Editor/TimeFormat.Editor.asmdef)
Assembly with name 'TimeFormat.TMP_Text' already exists (Assets/Utility/Scripts/TimeFormat/Extensions/TMP_Text/TimeFormat.TMP_Text.asmdef)
Assembly with name 'TimeFormat.TMP_Text' already exists (Assets/Utility/Services/TimeFormat/Extensions/TMP_Text/TimeFormat.TMP_Text.asmdef)
Assembly with name 'TimeFormat' already exists (Assets/Utility/Scripts/TimeFormat/TimeFormat.asmdef)
Assembly with name 'TimeFormat' already exists (Assets/HotUpdate/Utility/Scripts/TimeFormat/TimeFormat.asmdef)
Assembly with name 'TimeFormat' already exists (Assets/Services/TimeFormat/TimeFormat.asmdef)
Assembly with name 'TimeFormat' already exists (Assets/HotUpdate/Utility/Scripts/TimeFormat/TimeFormat.asmdef)
Assembly with name 'TimeFormat.TMP_Text' already exists (Assets/Services/TimeFormat/Extensions/TMP_Text/TimeFormat.TMP_Text.asmdef)
Assembly with name 'TimeFormat.TMP_Text' already exists (Assets/Utility/Services/TimeFormat/Extensions/TMP_Text/TimeFormat.TMP_Text.asmdef)
Assembly with name 'Pooled.Tests' already exists (Assets/Utility/Scripts/Pooled/Editor/Tests/Pooled.Tests.asmdef)
Assembly with name 'Pooled.Tests' already exists (Assets/HotUpdate/Utility/Scripts/Pooled/Editor/Tests/Pooled.Tests.asmdef)
Assembly with name 'SystemTime' already exists (Assets/Services/Time/Time.asmdef)
Assembly with name 'SystemTime' already exists (Assets/Utility/Scripts/Time/Time.asmdef)
Assembly with name 'Pooled.Tests' already exists (Assets/Utility/Services/Pooled/Editor/Tests/Pooled.Tests.asmdef)
Assembly with name 'Pooled.Tests' already exists (Assets/HotUpdate/Utility/Scripts/Pooled/Editor/Tests/Pooled.Tests.asmdef)
Assembly with name 'Pooled.Editor' already exists (Assets/Utility/Scripts/Pooled/Editor/Pooled.Editor.asmdef)
Assembly with name 'Pooled.Editor' already exists (Assets/HotUpdate/Utility/Scripts/Pooled/Editor/Pooled.Editor.asmdef)
Assembly with name 'Pooled' already exists (Assets/Services/Pooled/Pooled.asmdef)
Assembly with name 'Pooled' already exists (Assets/Utility/Scripts/Pooled/Pooled.asmdef)
Assembly with name 'TimeFormat.Tests' already exists (Assets/Services/TimeFormat/Editor/Test/TimeFormat.Tests.asmdef)
Assembly with name 'TimeFormat.Tests' already exists (Assets/Utility/Scripts/TimeFormat/Editor/Test/TimeFormat.Tests.asmdef)
Assembly with name 'TimeFormat.Editor' already exists (Assets/Services/TimeFormat/Editor/TimeFormat.Editor.asmdef)
Assembly with name 'TimeFormat.Editor' already exists (Assets/HotUpdate/Utility/Scripts/TimeFormat/Editor/TimeFormat.Editor.asmdef)
Assembly with name 'TimeFormat.Tests' already exists (Assets/Utility/Services/TimeFormat/Editor/Test/TimeFormat.Tests.asmdef)
Assembly with name 'TimeFormat.Tests' already exists (Assets/Utility/Scripts/TimeFormat/Editor/Test/TimeFormat.Tests.asmdef)
Assembly with name 'TimeFormat.Editor' already exists (Assets/Utility/Scripts/TimeFormat/Editor/TimeFormat.Editor.asmdef)
Assembly with name 'TimeFormat.Editor' already exists (Assets/HotUpdate/Utility/Scripts/TimeFormat/Editor/TimeFormat.Editor.asmdef)
Assembly with name 'Pooled' already exists (Assets/HotUpdate/Utility/Scripts/Pooled/Pooled.asmdef)
Assembly with name 'Pooled' already exists (Assets/Utility/Scripts/Pooled/Pooled.asmdef)
Assembly with name 'Pooled.TMP_Text' already exists (Assets/Services/Pooled/Extensions/TMP_Text/Pooled.TMP_Text.asmdef)
Assembly with name 'Pooled.TMP_Text' already exists (Assets/HotUpdate/Utility/Scripts/Pooled/Extensions/TMP_Text/Pooled.TMP_Text.asmdef)
Assembly with name 'Pooled.TMP_Text' already exists (Assets/Utility/Scripts/Pooled/Extensions/TMP_Text/Pooled.TMP_Text.asmdef)
Assembly with name 'Pooled.TMP_Text' already exists (Assets/HotUpdate/Utility/Scripts/Pooled/Extensions/TMP_Text/Pooled.TMP_Text.asmdef)
Assembly with name 'SystemTime' already exists (Assets/HotUpdate/Utility/Scripts/Time/Time.asmdef)
Assembly with name 'SystemTime' already exists (Assets/Utility/Scripts/Time/Time.asmdef)
Assembly with name 'TimeFormat' already exists (Assets/Utility/Services/TimeFormat/TimeFormat.asmdef)
Assembly with name 'TimeFormat' already exists (Assets/HotUpdate/Utility/Scripts/TimeFormat/TimeFormat.asmdef)
Assembly with name 'TimeFormat.Tests' already exists (Assets/HotUpdate/Utility/Scripts/TimeFormat/Editor/Test/TimeFormat.Tests.asmdef)
Assembly with name 'TimeFormat.Tests' already exists (Assets/Utility/Scripts/TimeFormat/Editor/Test/TimeFormat.Tests.asmdef)
Caller must complete domain reload
Assembly with name 'Converter' already exists (Assets/Utility/Scripts/Converter/Converter.asmdef)
Assembly with name 'Converter' already exists (Assets/HotUpdate/Utility/Scripts/Converter/Converter.asmdef)
Assembly with name 'Pooled.Editor' already exists (Assets/Utility/Services/Pooled/Editor/Pooled.Editor.asmdef)
Assembly with name 'Pooled.Editor' already exists (Assets/HotUpdate/Utility/Scripts/Pooled/Editor/Pooled.Editor.asmdef)
Assembly with name 'Pooled.Editor' already exists (Assets/Services/Pooled/Editor/Pooled.Editor.asmdef)
Assembly with name 'Pooled.Editor' already exists (Assets/HotUpdate/Utility/Scripts/Pooled/Editor/Pooled.Editor.asmdef)
Assembly with name 'Pooled.TMP_Text' already exists (Assets/Utility/Services/Pooled/Extensions/TMP_Text/Pooled.TMP_Text.asmdef)
Assembly with name 'Pooled.TMP_Text' already exists (Assets/HotUpdate/Utility/Scripts/Pooled/Extensions/TMP_Text/Pooled.TMP_Text.asmdef)
Assembly with name 'Pooled.Tests' already exists (Assets/Services/Pooled/Editor/Tests/Pooled.Tests.asmdef)
Assembly with name 'Pooled.Tests' already exists (Assets/HotUpdate/Utility/Scripts/Pooled/Editor/Tests/Pooled.Tests.asmdef)
Assembly with name 'TimeFormat.TMP_Text' already exists (Assets/HotUpdate/Utility/Scripts/TimeFormat/Extensions/TMP_Text/TimeFormat.TMP_Text.asmdef)
Assembly with name 'TimeFormat.TMP_Text' already exists (Assets/Utility/Services/TimeFormat/Extensions/TMP_Text/TimeFormat.TMP_Text.asmdef)
Assembly with name 'Converter' already exists (Assets/Utility/Services/Converter/Converter.asmdef)
Assembly with name 'Converter' already exists (Assets/HotUpdate/Utility/Scripts/Converter/Converter.asmdef)
Assembly with name 'Converter' already exists (Assets/Services/Converter/Converter.asmdef)
Assembly with name 'Converter' already exists (Assets/HotUpdate/Utility/Scripts/Converter/Converter.asmdef)
Assembly with name 'Pooled' already exists (Assets/Utility/Services/Pooled/Pooled.asmdef)
Assembly with name 'Pooled' already exists (Assets/Utility/Scripts/Pooled/Pooled.asmdef)
Assembly with name 'SystemTime' already exists (Assets/Utility/Services/Time/Time.asmdef)
Assembly with name 'SystemTime' already exists (Assets/Utility/Scripts/Time/Time.asmdef)
Assembly with name 'TimeFormat.Editor' already exists (Assets/Utility/Services/TimeFormat/Editor/TimeFormat.Editor.asmdef)
Assembly with name 'TimeFormat.Editor' already exists (Assets/HotUpdate/Utility/Scripts/TimeFormat/Editor/TimeFormat.Editor.asmdef)
Assembly with name 'TimeFormat.TMP_Text' already exists (Assets/Utility/Scripts/TimeFormat/Extensions/TMP_Text/TimeFormat.TMP_Text.asmdef)
Assembly with name 'TimeFormat.TMP_Text' already exists (Assets/Utility/Services/TimeFormat/Extensions/TMP_Text/TimeFormat.TMP_Text.asmdef)
Assembly with name 'TimeFormat' already exists (Assets/Utility/Scripts/TimeFormat/TimeFormat.asmdef)
Assembly with name 'TimeFormat' already exists (Assets/HotUpdate/Utility/Scripts/TimeFormat/TimeFormat.asmdef)
Assembly with name 'TimeFormat' already exists (Assets/Services/TimeFormat/TimeFormat.asmdef)
Assembly with name 'TimeFormat' already exists (Assets/HotUpdate/Utility/Scripts/TimeFormat/TimeFormat.asmdef)
Assembly with name 'TimeFormat.TMP_Text' already exists (Assets/Services/TimeFormat/Extensions/TMP_Text/TimeFormat.TMP_Text.asmdef)
Assembly with name 'TimeFormat.TMP_Text' already exists (Assets/Utility/Services/TimeFormat/Extensions/TMP_Text/TimeFormat.TMP_Text.asmdef)
Assembly with name 'Pooled.Tests' already exists (Assets/Utility/Scripts/Pooled/Editor/Tests/Pooled.Tests.asmdef)
Assembly with name 'Pooled.Tests' already exists (Assets/HotUpdate/Utility/Scripts/Pooled/Editor/Tests/Pooled.Tests.asmdef)
Assembly with name 'SystemTime' already exists (Assets/Services/Time/Time.asmdef)
Assembly with name 'SystemTime' already exists (Assets/Utility/Scripts/Time/Time.asmdef)
Assembly with name 'Pooled.Tests' already exists (Assets/Utility/Services/Pooled/Editor/Tests/Pooled.Tests.asmdef)
Assembly with name 'Pooled.Tests' already exists (Assets/HotUpdate/Utility/Scripts/Pooled/Editor/Tests/Pooled.Tests.asmdef)
Assembly with name 'Pooled.Editor' already exists (Assets/Utility/Scripts/Pooled/Editor/Pooled.Editor.asmdef)
Assembly with name 'Pooled.Editor' already exists (Assets/HotUpdate/Utility/Scripts/Pooled/Editor/Pooled.Editor.asmdef)
Assembly with name 'Pooled' already exists (Assets/Services/Pooled/Pooled.asmdef)
Assembly with name 'Pooled' already exists (Assets/Utility/Scripts/Pooled/Pooled.asmdef)
Assembly with name 'TimeFormat.Tests' already exists (Assets/Services/TimeFormat/Editor/Test/TimeFormat.Tests.asmdef)
Assembly with name 'TimeFormat.Tests' already exists (Assets/Utility/Scripts/TimeFormat/Editor/Test/TimeFormat.Tests.asmdef)
Assembly with name 'TimeFormat.Editor' already exists (Assets/Services/TimeFormat/Editor/TimeFormat.Editor.asmdef)
Assembly with name 'TimeFormat.Editor' already exists (Assets/HotUpdate/Utility/Scripts/TimeFormat/Editor/TimeFormat.Editor.asmdef)
Assembly with name 'TimeFormat.Tests' already exists (Assets/Utility/Services/TimeFormat/Editor/Test/TimeFormat.Tests.asmdef)
Assembly with name 'TimeFormat.Tests' already exists (Assets/Utility/Scripts/TimeFormat/Editor/Test/TimeFormat.Tests.asmdef)
Assembly with name 'TimeFormat.Editor' already exists (Assets/Utility/Scripts/TimeFormat/Editor/TimeFormat.Editor.asmdef)
Assembly with name 'TimeFormat.Editor' already exists (Assets/HotUpdate/Utility/Scripts/TimeFormat/Editor/TimeFormat.Editor.asmdef)
Assembly with name 'Pooled' already exists (Assets/HotUpdate/Utility/Scripts/Pooled/Pooled.asmdef)
Assembly with name 'Pooled' already exists (Assets/Utility/Scripts/Pooled/Pooled.asmdef)
Assembly with name 'Pooled.TMP_Text' already exists (Assets/Services/Pooled/Extensions/TMP_Text/Pooled.TMP_Text.asmdef)
Assembly with name 'Pooled.TMP_Text' already exists (Assets/HotUpdate/Utility/Scripts/Pooled/Extensions/TMP_Text/Pooled.TMP_Text.asmdef)
Assembly with name 'Pooled.TMP_Text' already exists (Assets/Utility/Scripts/Pooled/Extensions/TMP_Text/Pooled.TMP_Text.asmdef)
Assembly with name 'Pooled.TMP_Text' already exists (Assets/HotUpdate/Utility/Scripts/Pooled/Extensions/TMP_Text/Pooled.TMP_Text.asmdef)
Assembly with name 'SystemTime' already exists (Assets/HotUpdate/Utility/Scripts/Time/Time.asmdef)
Assembly with name 'SystemTime' already exists (Assets/Utility/Scripts/Time/Time.asmdef)
Assembly with name 'TimeFormat' already exists (Assets/Utility/Services/TimeFormat/TimeFormat.asmdef)
Assembly with name 'TimeFormat' already exists (Assets/HotUpdate/Utility/Scripts/TimeFormat/TimeFormat.asmdef)
Assembly with name 'TimeFormat.Tests' already exists (Assets/HotUpdate/Utility/Scripts/TimeFormat/Editor/Test/TimeFormat.Tests.asmdef)
Assembly with name 'TimeFormat.Tests' already exists (Assets/Utility/Scripts/TimeFormat/Editor/Test/TimeFormat.Tests.asmdef)
Begin MonoManager ReloadAssembly
- Loaded All Assemblies, in  0.347 seconds
Native extension for WindowsStandalone target not found
Native extension for iOS target not found
Native extension for Android target not found
Assembly with name 'Converter' already exists (Assets/Utility/Scripts/Converter/Converter.asmdef)
Assembly with name 'Converter' already exists (Assets/HotUpdate/Utility/Scripts/Converter/Converter.asmdef)
Assembly with name 'Pooled.Editor' already exists (Assets/Utility/Services/Pooled/Editor/Pooled.Editor.asmdef)
Assembly with name 'Pooled.Editor' already exists (Assets/HotUpdate/Utility/Scripts/Pooled/Editor/Pooled.Editor.asmdef)
Assembly with name 'Pooled.Editor' already exists (Assets/Services/Pooled/Editor/Pooled.Editor.asmdef)
Assembly with name 'Pooled.Editor' already exists (Assets/HotUpdate/Utility/Scripts/Pooled/Editor/Pooled.Editor.asmdef)
Assembly with name 'Pooled.TMP_Text' already exists (Assets/Utility/Services/Pooled/Extensions/TMP_Text/Pooled.TMP_Text.asmdef)
Assembly with name 'Pooled.TMP_Text' already exists (Assets/HotUpdate/Utility/Scripts/Pooled/Extensions/TMP_Text/Pooled.TMP_Text.asmdef)
Assembly with name 'Pooled.Tests' already exists (Assets/Services/Pooled/Editor/Tests/Pooled.Tests.asmdef)
Assembly with name 'Pooled.Tests' already exists (Assets/HotUpdate/Utility/Scripts/Pooled/Editor/Tests/Pooled.Tests.asmdef)
Assembly with name 'TimeFormat.TMP_Text' already exists (Assets/HotUpdate/Utility/Scripts/TimeFormat/Extensions/TMP_Text/TimeFormat.TMP_Text.asmdef)
Assembly with name 'TimeFormat.TMP_Text' already exists (Assets/Utility/Services/TimeFormat/Extensions/TMP_Text/TimeFormat.TMP_Text.asmdef)
Assembly with name 'Converter' already exists (Assets/Utility/Services/Converter/Converter.asmdef)
Assembly with name 'Converter' already exists (Assets/HotUpdate/Utility/Scripts/Converter/Converter.asmdef)
Assembly with name 'Converter' already exists (Assets/Services/Converter/Converter.asmdef)
Assembly with name 'Converter' already exists (Assets/HotUpdate/Utility/Scripts/Converter/Converter.asmdef)
Assembly with name 'Pooled' already exists (Assets/Utility/Services/Pooled/Pooled.asmdef)
Assembly with name 'Pooled' already exists (Assets/Utility/Scripts/Pooled/Pooled.asmdef)
Assembly with name 'SystemTime' already exists (Assets/Utility/Services/Time/Time.asmdef)
Assembly with name 'SystemTime' already exists (Assets/Utility/Scripts/Time/Time.asmdef)
Assembly with name 'TimeFormat.Editor' already exists (Assets/Utility/Services/TimeFormat/Editor/TimeFormat.Editor.asmdef)
Assembly with name 'TimeFormat.Editor' already exists (Assets/HotUpdate/Utility/Scripts/TimeFormat/Editor/TimeFormat.Editor.asmdef)
Assembly with name 'TimeFormat.TMP_Text' already exists (Assets/Utility/Scripts/TimeFormat/Extensions/TMP_Text/TimeFormat.TMP_Text.asmdef)
Assembly with name 'TimeFormat.TMP_Text' already exists (Assets/Utility/Services/TimeFormat/Extensions/TMP_Text/TimeFormat.TMP_Text.asmdef)
Assembly with name 'TimeFormat' already exists (Assets/Utility/Scripts/TimeFormat/TimeFormat.asmdef)
Assembly with name 'TimeFormat' already exists (Assets/HotUpdate/Utility/Scripts/TimeFormat/TimeFormat.asmdef)
Assembly with name 'TimeFormat' already exists (Assets/Services/TimeFormat/TimeFormat.asmdef)
Assembly with name 'TimeFormat' already exists (Assets/HotUpdate/Utility/Scripts/TimeFormat/TimeFormat.asmdef)
Assembly with name 'TimeFormat.TMP_Text' already exists (Assets/Services/TimeFormat/Extensions/TMP_Text/TimeFormat.TMP_Text.asmdef)
Assembly with name 'TimeFormat.TMP_Text' already exists (Assets/Utility/Services/TimeFormat/Extensions/TMP_Text/TimeFormat.TMP_Text.asmdef)
Assembly with name 'Pooled.Tests' already exists (Assets/Utility/Scripts/Pooled/Editor/Tests/Pooled.Tests.asmdef)
Assembly with name 'Pooled.Tests' already exists (Assets/HotUpdate/Utility/Scripts/Pooled/Editor/Tests/Pooled.Tests.asmdef)
Assembly with name 'SystemTime' already exists (Assets/Services/Time/Time.asmdef)
Assembly with name 'SystemTime' already exists (Assets/Utility/Scripts/Time/Time.asmdef)
Assembly with name 'Pooled.Tests' already exists (Assets/Utility/Services/Pooled/Editor/Tests/Pooled.Tests.asmdef)
Assembly with name 'Pooled.Tests' already exists (Assets/HotUpdate/Utility/Scripts/Pooled/Editor/Tests/Pooled.Tests.asmdef)
Assembly with name 'Pooled.Editor' already exists (Assets/Utility/Scripts/Pooled/Editor/Pooled.Editor.asmdef)
Assembly with name 'Pooled.Editor' already exists (Assets/HotUpdate/Utility/Scripts/Pooled/Editor/Pooled.Editor.asmdef)
Assembly with name 'Pooled' already exists (Assets/Services/Pooled/Pooled.asmdef)
Assembly with name 'Pooled' already exists (Assets/Utility/Scripts/Pooled/Pooled.asmdef)
Assembly with name 'TimeFormat.Tests' already exists (Assets/Services/TimeFormat/Editor/Test/TimeFormat.Tests.asmdef)
Assembly with name 'TimeFormat.Tests' already exists (Assets/Utility/Scripts/TimeFormat/Editor/Test/TimeFormat.Tests.asmdef)
Assembly with name 'TimeFormat.Editor' already exists (Assets/Services/TimeFormat/Editor/TimeFormat.Editor.asmdef)
Assembly with name 'TimeFormat.Editor' already exists (Assets/HotUpdate/Utility/Scripts/TimeFormat/Editor/TimeFormat.Editor.asmdef)
Assembly with name 'TimeFormat.Tests' already exists (Assets/Utility/Services/TimeFormat/Editor/Test/TimeFormat.Tests.asmdef)
Assembly with name 'TimeFormat.Tests' already exists (Assets/Utility/Scripts/TimeFormat/Editor/Test/TimeFormat.Tests.asmdef)
Assembly with name 'TimeFormat.Editor' already exists (Assets/Utility/Scripts/TimeFormat/Editor/TimeFormat.Editor.asmdef)
Assembly with name 'TimeFormat.Editor' already exists (Assets/HotUpdate/Utility/Scripts/TimeFormat/Editor/TimeFormat.Editor.asmdef)
Assembly with name 'Pooled' already exists (Assets/HotUpdate/Utility/Scripts/Pooled/Pooled.asmdef)
Assembly with name 'Pooled' already exists (Assets/Utility/Scripts/Pooled/Pooled.asmdef)
Assembly with name 'Pooled.TMP_Text' already exists (Assets/Services/Pooled/Extensions/TMP_Text/Pooled.TMP_Text.asmdef)
Assembly with name 'Pooled.TMP_Text' already exists (Assets/HotUpdate/Utility/Scripts/Pooled/Extensions/TMP_Text/Pooled.TMP_Text.asmdef)
Assembly with name 'Pooled.TMP_Text' already exists (Assets/Utility/Scripts/Pooled/Extensions/TMP_Text/Pooled.TMP_Text.asmdef)
Assembly with name 'Pooled.TMP_Text' already exists (Assets/HotUpdate/Utility/Scripts/Pooled/Extensions/TMP_Text/Pooled.TMP_Text.asmdef)
Assembly with name 'SystemTime' already exists (Assets/HotUpdate/Utility/Scripts/Time/Time.asmdef)
Assembly with name 'SystemTime' already exists (Assets/Utility/Scripts/Time/Time.asmdef)
Assembly with name 'TimeFormat' already exists (Assets/Utility/Services/TimeFormat/TimeFormat.asmdef)
Assembly with name 'TimeFormat' already exists (Assets/HotUpdate/Utility/Scripts/TimeFormat/TimeFormat.asmdef)
Assembly with name 'TimeFormat.Tests' already exists (Assets/HotUpdate/Utility/Scripts/TimeFormat/Editor/Test/TimeFormat.Tests.asmdef)
Assembly with name 'TimeFormat.Tests' already exists (Assets/Utility/Scripts/TimeFormat/Editor/Test/TimeFormat.Tests.asmdef)
Mono: successfully reloaded assembly
- Finished resetting the current domain, in  0.620 seconds
Domain Reload Profiling: 967ms
	BeginReloadAssembly (116ms)
		ExecutionOrderSort (0ms)
		DisableScriptedObjects (4ms)
		BackupInstance (0ms)
		ReleaseScriptingObjects (0ms)
		CreateAndSetChildDomain (25ms)
	RebuildCommonClasses (23ms)
	RebuildNativeTypeToScriptingClass (9ms)
	initialDomainReloadingComplete (23ms)
	LoadAllAssembliesAndSetupDomain (175ms)
		LoadAssemblies (225ms)
		RebuildTransferFunctionScriptingTraits (0ms)
		AnalyzeDomain (12ms)
			TypeCache.Refresh (6ms)
				TypeCache.ScanAssembly (0ms)
			ScanForSourceGeneratedMonoScriptInfo (0ms)
			ResolveRequiredComponents (4ms)
	FinalizeReload (620ms)
		ReleaseScriptCaches (0ms)
		RebuildScriptCaches (0ms)
		SetupLoadedEditorAssemblies (325ms)
			LogAssemblyErrors (0ms)
			InitializePlatformSupportModulesInManaged (22ms)
			SetLoadedEditorAssemblies (3ms)
			RefreshPlugins (0ms)
			BeforeProcessingInitializeOnLoad (76ms)
			ProcessInitializeOnLoadAttributes (206ms)
			ProcessInitializeOnLoadMethodAttributes (13ms)
			AfterProcessingInitializeOnLoad (5ms)
			EditorAssembliesLoaded (0ms)
		ExecutionOrderSort2 (0ms)
		AwakeInstancesAfterBackupRestoration (6ms)
Refreshing native plugins compatible for Editor in 1.89 ms, found 4 plugins.
Preloading 0 native plugins for Editor in 0.00 ms.
Unloading 4255 Unused Serialized files (Serialized files now loaded: 0)
Unloading 24 unused Assets / (33.7 KB). Loaded Objects now: 4822.
Memory consumption went from 151.9 MB to 151.9 MB.
Total: 2.399700 ms (FindLiveObjects: 0.208200 ms CreateObjectMapping: 0.091300 ms MarkObjects: 2.059500 ms  DeleteObjects: 0.039100 ms)

Prepare: number of updated asset objects reloaded= 0
AssetImportParameters requested are different than current active one (requested -> active):
  custom:scripting/monoscript/fileName/Pooled.cs: baad0cab28575340793c5f53e885a6c4 -> cc9dde24a210a09c81ccd567f812f7f5
  custom:container-demuxer-ogg: 62fdf1f143b41e24485cea50d1cbac27 -> 
  custom:scripting/monoscript/fileName/Pooled.TMP_Text.cs: a92ef4f9461d963a03ce3513e6feb2e9 -> 1771dab09d685ca888553b84cf88ad68
  custom:scripting/monoscript/fileName/DateFormat.cs: 5ee8ffb2f9a8c45cdb8729643aa539ae -> ed347d33eeb678b14e4abcfa67ee6414
  custom:video-codec-MediaFoundation-h265: 746d11721c4dcdbdad8f713fa42b33f4 -> 
  custom:video-decoder-ogg-theora: a1e56fd34408186e4bbccfd4996cb3dc -> 
  custom:scripting/monoscript/fileName/MapLongIntConverter.cs: cac9c0c36b85ebec03eed6b196c587f3 -> 198d1bce87a4c09dc3abda029a3119ab
  custom:scripting/precompiled-assembly-types:TimeFormat: 6d4a1e77502fe8961e9ef7de10638446 -> 57203823c46105faafc43ae197f6f4ca
  custom:scripting/monoscript/fileName/DateFormatTest.cs: 87f1e5d6f74d151f0e3b6c5aaac155e0 -> f2ceb48ff4b41406f6de9337dde229d4
  custom:framework-win-MediaFoundation: 216162199b28c13a410421893ffa2e32 -> 
  custom:scripting/monoscript/fileName/NewBehaviourScript.cs: 703cac14def72cad3b67b6c8fcdd650c -> 
  custom:scripting/monoscript/fileName/ConvertUtility.cs: b008f65e78f7bf89556fe97cb76fb4d3 -> 927bc4a982abdcaa84e56dfdb46b2cbb
  custom:scripting/precompiled-assembly-types:TimeFormat.TMP_Text: cd1c242309f2ac781468485f8860f302 -> 967252e62fb87db8773533e585e4c322
  custom:scripting/monoscript/fileName/Pooled.Collection.cs: 716086397f6fce3cf59561531ac052e5 -> 90647cc400823b41df847a6cbfc29026
  custom:scripting/monoscript/fileName/BitmapConverter.cs: bef8b0754ce803040d5a34241bac00a7 -> 12195687a10fb5a33146a377ab118aa6
  custom:scripting/monoscript/fileName/HashSetLongReverseConverter.cs: a7cbafa91cdd0e3708b092796562a868 -> 932d93a08099455ffa60234096f0bc2c
  custom:scripting/monoscript/fileName/PooledChars.cs: 33880515bd376b511b6adaad23c845ab -> 21fa764a5afa8b56c3e877b4892d83d0
  custom:scripting/monoscript/fileName/Launcher.Configure.cs: 0cdf409b5aa8d4c25876d72b5c6a3b60 -> 
  custom:scripting/precompiled-assembly-types:TimeFormat.Tests: 7a5bdcca3fd2fe5564c87584e6959e0f -> 17ab779a0d411127942b86927b2dc166
  custom:scripting/precompiled-assembly-types:Pooled.Editor: fa10dbda0f98c59fa57f342ce5b8db3d -> 64cdb4d0b09fde53e895bff1f3267621
  custom:scripting/monoscript/fileName/IConverterCollectorSystem.cs: 716086397f6fce3cf59561531ac052e5 -> 90647cc400823b41df847a6cbfc29026
  custom:scripting/monoscript/fileName/MonitoredObjectPoolMemoryWindow.cs: 59b16281f30e691a756f58cb5d9a8b60 -> ddc01cc66b15815883e46a79dbae273a
  custom:CustomObjectIndexerAttribute: 9a22284fe3817be447336de3de66b15e -> 
  custom:scripting/precompiled-assembly-types:Pooled.TMP_Text: 92558fb10d66941a554c40cb582c3db5 -> 3175b5d3dfbf646ba5fc016628a7a8b2
  custom:scripting/monoscript/fileName/HashSetIntConverter.cs: b5db394041c6646ac4fd66508f5786f4 -> 336b59b95aa86a855094c372f6281efc
  custom:scripting/monoscript/fileName/HashSetLongConverter.cs: a1cab3b4ffce114d592ca6c175a5f63d -> bffc50741551ba327e3defbf92ea631c
  custom:scripting/precompiled-assembly-types:Converter: 9c7eeca5229a3a42351e9ebcae44f77d -> ee394a20b19999bd51514d0170308fef
  custom:container-demuxer-webm: 4f35f7cbe854078d1ac9338744f61a02 -> 
  custom:scripting/monoscript/fileName/PooledStringBuilder.cs: 6043f7e32526ae7771d6c5e21572c929 -> 
  custom:scripting/monoscript/fileName/HashSetIntReverseConverter.cs: f04f195534430a1a5aa1033234bed4af -> 06c076a9053026cf8408e19462593778
  custom:scripting/monoscript/fileName/Pooled.Map.cs: 716086397f6fce3cf59561531ac052e5 -> 90647cc400823b41df847a6cbfc29026
  custom:scripting/precompiled-assembly-types:Pooled.Tests: 5bf323a3bc5ed9c432319119ab1c09db -> 0c2e9c09f1a2b2407f50a1f01f3ca010
  custom:scripting/monoscript/fileName/MapIntIntConverter.cs: 9620af3d9654ec97245971bd53d35ab6 -> 295a5843cb6d0fcae5fda9644abd3119
  custom:scripting/monoscript/fileName/RepeatedField.cs: 716086397f6fce3cf59561531ac052e5 -> 90647cc400823b41df847a6cbfc29026
  custom:scripting/monoscript/fileName/ListIntConverter.cs: 436b2b3f5ca930ff78d428c441ef8c8a -> ff3a1298932b804b0d15be3a4a8f007d
  custom:scripting/monoscript/fileName/MapIntBitReverseConverter.cs: e14fde3dcc64c3c0d176ccdd1d016eae -> 8b8bfcfc92e7150c7cab6194df938961
  custom:scripting/monoscript/fileName/ConverterCollector.cs: 23f82105a25a75216e658215522f0c07 -> 8f6297df34271fdb1ce2d9607ec6261d
  custom:container-muxer-webm: aa71ff27fc2769a1b78a27578f13a17b -> 
  custom:scripting/monoscript/fileName/ConverterCollectorSystem.cs: 716086397f6fce3cf59561531ac052e5 -> 90647cc400823b41df847a6cbfc29026
  custom:video-decoder-webm-vp8: 9c59270c3fd7afecdb556c50c9e8de78 -> 
  custom:scripting/monoscript/fileName/IConverter.cs: 23f82105a25a75216e658215522f0c07 -> 8f6297df34271fdb1ce2d9607ec6261d
  custom:scripting/monoscript/fileName/TimeFormat.TMP_Text.cs: 04b153d1e87700945c251cd57f0caf28 -> f6a319b78dfa7c00602caf474b9ca715
  custom:SearchIndexIgnoredProperties: e643bd26f0fe6173181afceb89e7c659 -> 
  custom:scripting/monoscript/fileName/BitmapTimingResetConverter.cs: 0a600efde2430e87d9d3b74fefe851b4 -> 16be4e68c9559384167314f33f2262ce
  custom:AudioImporter_EditorPlatform: d09bf68614088b80899f8185d706f6e7 -> 
  custom:scripting/monoscript/fileName/ConverterCollectorSystem.Config.cs: 716086397f6fce3cf59561531ac052e5 -> 90647cc400823b41df847a6cbfc29026
  custom:scripting/monoscript/fileName/SystemTime.cs: 0871270ccfddc6f47e3ac605866cf236 -> aebab7d5993158d333c473fe5ad2e983
  custom:scripting/monoscript/fileName/IConverterCollector.cs: 7204df85a06eb33c552568921744fc7f -> 0cdf409b5aa8d4c25876d72b5c6a3b60
  custom:scripting/monoscript/fileName/DateFormat.TMP_Text.cs: 121711a8ea84a13844106aa2e82a1cd2 -> cfa4ac74668713a9594e154b6b707e11
  custom:scripting/monoscript/fileName/MapIntBitConverter.cs: dce2875ca3c4cad9ab6f13f6a6965680 -> 79a8119290488a133b2d9f55c8d3a0d3
  custom:scripting/monoscript/fileName/DailyRedPointManager.cs: 513629b390c64237ae10fadc04fe33e2 -> 01ec27a3aa6e2eef520171695290b082
  custom:scripting/monoscript/fileName/CBitmap.cs: ec0fdd5ea2398b1b65c18ea095c42afb -> f8c1ae0cca981124d219ae3b6d8e6182
  custom:scripting/monoscript/fileName/PooledTest.cs: 28426ac1d0a0bad5d092e27ae3a87191 -> d0e5b41c51d29f0613407ea0dc9a2ae1
  custom:scripting/monoscript/fileName/BitmapReverseConverter.cs: 1fc067da77a3ccc221d0c0fe577e4e0f -> acc59c8855034e2bb91a751805bc12bb
  custom:scripting/monoscript/fileName/Launcher.cs: fc0c233cdf2db662ad083a18ee6c8ee8 -> 5bb5cfe85734624b9dda7f37e40514f0
  custom:video-encoder-webm-vp8: eb34c28f22e8b96e1ab97ce403110664 -> 
  custom:audio-decoder-ogg-vorbis: bf7c407c2cedff20999df2af8eb42d56 -> 
  custom:scripting/monoscript/fileName/MonitoredObjectPool.cs: 07c2f06c1be72f5574a820b4727b45d6 -> 9182583f5d8b6c16ed73aee3a076a254
  custom:scripting/monoscript/fileName/MapLongBitConverter.cs: 43ce4e9aba0920885e00f67136ef7071 -> 328f00929818c8c69bb5b89f3bcc9604
  custom:scripting/monoscript/fileName/PooledBitArray.cs: 63242dbc45c4894086d10ce96dcd98d8 -> 
  custom:scripting/monoscript/fileName/MapIntLongConverter.cs: 31cf1c377d37f97e076e6bb7ba8ce6bd -> a2cdffcab0400670150cdf9d6f279bf8
  custom:scripting/precompiled-assembly-types:SystemTime: a9afdb8eba24b40bf6e6d2e0d79e8e29 -> de93446e31aab50ce934d7feaa3d7a7d
  custom:scripting/monoscript/fileName/MapLongBitReverseConverter.cs: 3a3a53b77999da0e1aba4b8aa6a2efb1 -> 1d61913e53bfc7ab7acf8ae1d97259f0
  custom:scripting/monoscript/fileName/ListLongConverter.cs: 8035177bb4988529bdf021b5674f63f7 -> 067d4451cabf17e3cfccb1cb88d8f36b
  custom:scripting/precompiled-assembly-types:HotUpdate: 2604a2b3a63c878ba0c6bc0792590b0b -> 
  custom:scripting/monoscript/fileName/TimeFormatTest.cs: 93a42fa151a026f2dc7824ac0622d2a5 -> f90ae55604080c97eefe0555e4b0ad3c
  custom:audio-encoder-webm-vorbis: bf7c407c2cedff20999df2af8eb42d56 -> 
  custom:scripting/monoscript/fileName/TimeFormat.cs: 9204fd782b26c55826382465702b381a -> 3d1d90addaffbea026682521871bf1e2
  custom:scripting/precompiled-assembly-types:Pooled: 90ae12e970b0a4c25cdd11d8926c1a55 -> 6162124d200d88ea66aabea2add4abf0
  custom:scripting/monoscript/fileName/MapLongLongConverter.cs: 5e2c827038738a02120b98610ada1a79 -> b43590451b2c3721d1491012e5c4185c
========================================================================
Received Import Request.
  Time since last request: 14.373115 seconds.
  path: Assets/Services/TimeFormat/TimeFormat.cs
  artifactKey: Guid(163ffed323d88f34eb759012dd1e6510) Importer(815301076,1909f56bfc062723c751e8b465ee728b)
Start importing Assets/Services/TimeFormat/TimeFormat.cs using Guid(163ffed323d88f34eb759012dd1e6510) Importer(815301076,1909f56bfc062723c751e8b465ee728b) [PhysX] Initialized MultithreadedTaskDispatcher with 20 workers.
 -> (artifact id: 'b5be18039d9cef931dc0c6890711f140') in 0.001734 seconds
Number of updated asset objects reloaded before import = 0
Number of asset objects unloaded after import = 0
========================================================================
Received Import Request.
  Time since last request: 1.672261 seconds.
  path: Assets/Services/TimeFormat/DateFormat.cs
  artifactKey: Guid(3d69fe7ab7ce00b45a24b15a38b03566) Importer(815301076,1909f56bfc062723c751e8b465ee728b)
Start importing Assets/Services/TimeFormat/DateFormat.cs using Guid(3d69fe7ab7ce00b45a24b15a38b03566) Importer(815301076,1909f56bfc062723c751e8b465ee728b) [PhysX] Initialized MultithreadedTaskDispatcher with 20 workers.
 -> (artifact id: 'df901d70920cdab717a36f14aea9beaf') in 0.000454 seconds
Number of updated asset objects reloaded before import = 0
Number of asset objects unloaded after import = 0
========================================================================
Received Import Request.
  Time since last request: 14.068280 seconds.
  path: Assets/Services/Pooled/Pooled.Collection.cs
  artifactKey: Guid(cd3fce22d9ca6a548b880ba6bd3414ee) Importer(815301076,1909f56bfc062723c751e8b465ee728b)
Start importing Assets/Services/Pooled/Pooled.Collection.cs using Guid(cd3fce22d9ca6a548b880ba6bd3414ee) Importer(815301076,1909f56bfc062723c751e8b465ee728b) [PhysX] Initialized MultithreadedTaskDispatcher with 20 workers.
 -> (artifact id: '1430068a78577e2d75f68a4e4474d2b6') in 0.000542 seconds
Number of updated asset objects reloaded before import = 0
Number of asset objects unloaded after import = 0
========================================================================
Received Prepare
Assembly with name 'Converter' already exists (Assets/Utility/Scripts/Converter/Converter.asmdef)
Assembly with name 'Converter' already exists (Assets/HotUpdate/Utility/Scripts/Converter/Converter.asmdef)
Assembly with name 'Pooled.Editor' already exists (Assets/Utility/Services/Pooled/Editor/Pooled.Editor.asmdef)
Assembly with name 'Pooled.Editor' already exists (Assets/HotUpdate/Utility/Scripts/Pooled/Editor/Pooled.Editor.asmdef)
Assembly with name 'Pooled.Editor' already exists (Assets/Services/Pooled/Editor/Pooled.Editor.asmdef)
Assembly with name 'Pooled.Editor' already exists (Assets/HotUpdate/Utility/Scripts/Pooled/Editor/Pooled.Editor.asmdef)
Assembly with name 'Pooled.TMP_Text' already exists (Assets/Utility/Services/Pooled/Extensions/TMP_Text/Pooled.TMP_Text.asmdef)
Assembly with name 'Pooled.TMP_Text' already exists (Assets/HotUpdate/Utility/Scripts/Pooled/Extensions/TMP_Text/Pooled.TMP_Text.asmdef)
Assembly with name 'Pooled.Tests' already exists (Assets/Services/Pooled/Editor/Tests/Pooled.Tests.asmdef)
Assembly with name 'Pooled.Tests' already exists (Assets/HotUpdate/Utility/Scripts/Pooled/Editor/Tests/Pooled.Tests.asmdef)
Assembly with name 'TimeFormat.TMP_Text' already exists (Assets/HotUpdate/Utility/Scripts/TimeFormat/Extensions/TMP_Text/TimeFormat.TMP_Text.asmdef)
Assembly with name 'TimeFormat.TMP_Text' already exists (Assets/Utility/Services/TimeFormat/Extensions/TMP_Text/TimeFormat.TMP_Text.asmdef)
Assembly with name 'Converter' already exists (Assets/Utility/Services/Converter/Converter.asmdef)
Assembly with name 'Converter' already exists (Assets/HotUpdate/Utility/Scripts/Converter/Converter.asmdef)
Assembly with name 'Converter' already exists (Assets/Services/Converter/Converter.asmdef)
Assembly with name 'Converter' already exists (Assets/HotUpdate/Utility/Scripts/Converter/Converter.asmdef)
Assembly with name 'Pooled' already exists (Assets/Utility/Services/Pooled/Pooled.asmdef)
Assembly with name 'Pooled' already exists (Assets/Utility/Scripts/Pooled/Pooled.asmdef)
Assembly with name 'SystemTime' already exists (Assets/Utility/Services/Time/Time.asmdef)
Assembly with name 'SystemTime' already exists (Assets/Utility/Scripts/Time/Time.asmdef)
Assembly with name 'TimeFormat.Editor' already exists (Assets/Utility/Services/TimeFormat/Editor/TimeFormat.Editor.asmdef)
Assembly with name 'TimeFormat.Editor' already exists (Assets/HotUpdate/Utility/Scripts/TimeFormat/Editor/TimeFormat.Editor.asmdef)
Assembly with name 'TimeFormat.TMP_Text' already exists (Assets/Utility/Scripts/TimeFormat/Extensions/TMP_Text/TimeFormat.TMP_Text.asmdef)
Assembly with name 'TimeFormat.TMP_Text' already exists (Assets/Utility/Services/TimeFormat/Extensions/TMP_Text/TimeFormat.TMP_Text.asmdef)
Assembly with name 'TimeFormat' already exists (Assets/Utility/Scripts/TimeFormat/TimeFormat.asmdef)
Assembly with name 'TimeFormat' already exists (Assets/HotUpdate/Utility/Scripts/TimeFormat/TimeFormat.asmdef)
Assembly with name 'TimeFormat' already exists (Assets/Services/TimeFormat/TimeFormat.asmdef)
Assembly with name 'TimeFormat' already exists (Assets/HotUpdate/Utility/Scripts/TimeFormat/TimeFormat.asmdef)
Assembly with name 'TimeFormat.TMP_Text' already exists (Assets/Services/TimeFormat/Extensions/TMP_Text/TimeFormat.TMP_Text.asmdef)
Assembly with name 'TimeFormat.TMP_Text' already exists (Assets/Utility/Services/TimeFormat/Extensions/TMP_Text/TimeFormat.TMP_Text.asmdef)
Assembly with name 'Pooled.Tests' already exists (Assets/Utility/Scripts/Pooled/Editor/Tests/Pooled.Tests.asmdef)
Assembly with name 'Pooled.Tests' already exists (Assets/HotUpdate/Utility/Scripts/Pooled/Editor/Tests/Pooled.Tests.asmdef)
Assembly with name 'SystemTime' already exists (Assets/Services/Time/Time.asmdef)
Assembly with name 'SystemTime' already exists (Assets/Utility/Scripts/Time/Time.asmdef)
Assembly with name 'Pooled.Tests' already exists (Assets/Utility/Services/Pooled/Editor/Tests/Pooled.Tests.asmdef)
Assembly with name 'Pooled.Tests' already exists (Assets/HotUpdate/Utility/Scripts/Pooled/Editor/Tests/Pooled.Tests.asmdef)
Assembly with name 'Pooled.Editor' already exists (Assets/Utility/Scripts/Pooled/Editor/Pooled.Editor.asmdef)
Assembly with name 'Pooled.Editor' already exists (Assets/HotUpdate/Utility/Scripts/Pooled/Editor/Pooled.Editor.asmdef)
Assembly with name 'Pooled' already exists (Assets/Services/Pooled/Pooled.asmdef)
Assembly with name 'Pooled' already exists (Assets/Utility/Scripts/Pooled/Pooled.asmdef)
Assembly with name 'TimeFormat.Tests' already exists (Assets/Services/TimeFormat/Editor/Test/TimeFormat.Tests.asmdef)
Assembly with name 'TimeFormat.Tests' already exists (Assets/Utility/Scripts/TimeFormat/Editor/Test/TimeFormat.Tests.asmdef)
Assembly with name 'TimeFormat.Editor' already exists (Assets/Services/TimeFormat/Editor/TimeFormat.Editor.asmdef)
Assembly with name 'TimeFormat.Editor' already exists (Assets/HotUpdate/Utility/Scripts/TimeFormat/Editor/TimeFormat.Editor.asmdef)
Assembly with name 'TimeFormat.Tests' already exists (Assets/Utility/Services/TimeFormat/Editor/Test/TimeFormat.Tests.asmdef)
Assembly with name 'TimeFormat.Tests' already exists (Assets/Utility/Scripts/TimeFormat/Editor/Test/TimeFormat.Tests.asmdef)
Assembly with name 'TimeFormat.Editor' already exists (Assets/Utility/Scripts/TimeFormat/Editor/TimeFormat.Editor.asmdef)
Assembly with name 'TimeFormat.Editor' already exists (Assets/HotUpdate/Utility/Scripts/TimeFormat/Editor/TimeFormat.Editor.asmdef)
Assembly with name 'Pooled' already exists (Assets/HotUpdate/Utility/Scripts/Pooled/Pooled.asmdef)
Assembly with name 'Pooled' already exists (Assets/Utility/Scripts/Pooled/Pooled.asmdef)
Assembly with name 'Pooled.TMP_Text' already exists (Assets/Services/Pooled/Extensions/TMP_Text/Pooled.TMP_Text.asmdef)
Assembly with name 'Pooled.TMP_Text' already exists (Assets/HotUpdate/Utility/Scripts/Pooled/Extensions/TMP_Text/Pooled.TMP_Text.asmdef)
Assembly with name 'Pooled.TMP_Text' already exists (Assets/Utility/Scripts/Pooled/Extensions/TMP_Text/Pooled.TMP_Text.asmdef)
Assembly with name 'Pooled.TMP_Text' already exists (Assets/HotUpdate/Utility/Scripts/Pooled/Extensions/TMP_Text/Pooled.TMP_Text.asmdef)
Assembly with name 'SystemTime' already exists (Assets/HotUpdate/Utility/Scripts/Time/Time.asmdef)
Assembly with name 'SystemTime' already exists (Assets/Utility/Scripts/Time/Time.asmdef)
Assembly with name 'TimeFormat' already exists (Assets/Utility/Services/TimeFormat/TimeFormat.asmdef)
Assembly with name 'TimeFormat' already exists (Assets/HotUpdate/Utility/Scripts/TimeFormat/TimeFormat.asmdef)
Assembly with name 'TimeFormat.Tests' already exists (Assets/HotUpdate/Utility/Scripts/TimeFormat/Editor/Test/TimeFormat.Tests.asmdef)
Assembly with name 'TimeFormat.Tests' already exists (Assets/Utility/Scripts/TimeFormat/Editor/Test/TimeFormat.Tests.asmdef)
Caller must complete domain reload
Assembly with name 'Converter' already exists (Assets/Utility/Scripts/Converter/Converter.asmdef)
Assembly with name 'Converter' already exists (Assets/HotUpdate/Utility/Scripts/Converter/Converter.asmdef)
Assembly with name 'Pooled.Editor' already exists (Assets/Utility/Services/Pooled/Editor/Pooled.Editor.asmdef)
Assembly with name 'Pooled.Editor' already exists (Assets/HotUpdate/Utility/Scripts/Pooled/Editor/Pooled.Editor.asmdef)
Assembly with name 'Pooled.Editor' already exists (Assets/Services/Pooled/Editor/Pooled.Editor.asmdef)
Assembly with name 'Pooled.Editor' already exists (Assets/HotUpdate/Utility/Scripts/Pooled/Editor/Pooled.Editor.asmdef)
Assembly with name 'Pooled.TMP_Text' already exists (Assets/Utility/Services/Pooled/Extensions/TMP_Text/Pooled.TMP_Text.asmdef)
Assembly with name 'Pooled.TMP_Text' already exists (Assets/HotUpdate/Utility/Scripts/Pooled/Extensions/TMP_Text/Pooled.TMP_Text.asmdef)
Assembly with name 'Pooled.Tests' already exists (Assets/Services/Pooled/Editor/Tests/Pooled.Tests.asmdef)
Assembly with name 'Pooled.Tests' already exists (Assets/HotUpdate/Utility/Scripts/Pooled/Editor/Tests/Pooled.Tests.asmdef)
Assembly with name 'TimeFormat.TMP_Text' already exists (Assets/HotUpdate/Utility/Scripts/TimeFormat/Extensions/TMP_Text/TimeFormat.TMP_Text.asmdef)
Assembly with name 'TimeFormat.TMP_Text' already exists (Assets/Utility/Services/TimeFormat/Extensions/TMP_Text/TimeFormat.TMP_Text.asmdef)
Assembly with name 'Converter' already exists (Assets/Utility/Services/Converter/Converter.asmdef)
Assembly with name 'Converter' already exists (Assets/HotUpdate/Utility/Scripts/Converter/Converter.asmdef)
Assembly with name 'Converter' already exists (Assets/Services/Converter/Converter.asmdef)
Assembly with name 'Converter' already exists (Assets/HotUpdate/Utility/Scripts/Converter/Converter.asmdef)
Assembly with name 'Pooled' already exists (Assets/Utility/Services/Pooled/Pooled.asmdef)
Assembly with name 'Pooled' already exists (Assets/Utility/Scripts/Pooled/Pooled.asmdef)
Assembly with name 'SystemTime' already exists (Assets/Utility/Services/Time/Time.asmdef)
Assembly with name 'SystemTime' already exists (Assets/Utility/Scripts/Time/Time.asmdef)
Assembly with name 'TimeFormat.Editor' already exists (Assets/Utility/Services/TimeFormat/Editor/TimeFormat.Editor.asmdef)
Assembly with name 'TimeFormat.Editor' already exists (Assets/HotUpdate/Utility/Scripts/TimeFormat/Editor/TimeFormat.Editor.asmdef)
Assembly with name 'TimeFormat.TMP_Text' already exists (Assets/Utility/Scripts/TimeFormat/Extensions/TMP_Text/TimeFormat.TMP_Text.asmdef)
Assembly with name 'TimeFormat.TMP_Text' already exists (Assets/Utility/Services/TimeFormat/Extensions/TMP_Text/TimeFormat.TMP_Text.asmdef)
Assembly with name 'TimeFormat' already exists (Assets/Utility/Scripts/TimeFormat/TimeFormat.asmdef)
Assembly with name 'TimeFormat' already exists (Assets/HotUpdate/Utility/Scripts/TimeFormat/TimeFormat.asmdef)
Assembly with name 'TimeFormat' already exists (Assets/Services/TimeFormat/TimeFormat.asmdef)
Assembly with name 'TimeFormat' already exists (Assets/HotUpdate/Utility/Scripts/TimeFormat/TimeFormat.asmdef)
Assembly with name 'TimeFormat.TMP_Text' already exists (Assets/Services/TimeFormat/Extensions/TMP_Text/TimeFormat.TMP_Text.asmdef)
Assembly with name 'TimeFormat.TMP_Text' already exists (Assets/Utility/Services/TimeFormat/Extensions/TMP_Text/TimeFormat.TMP_Text.asmdef)
Assembly with name 'Pooled.Tests' already exists (Assets/Utility/Scripts/Pooled/Editor/Tests/Pooled.Tests.asmdef)
Assembly with name 'Pooled.Tests' already exists (Assets/HotUpdate/Utility/Scripts/Pooled/Editor/Tests/Pooled.Tests.asmdef)
Assembly with name 'SystemTime' already exists (Assets/Services/Time/Time.asmdef)
Assembly with name 'SystemTime' already exists (Assets/Utility/Scripts/Time/Time.asmdef)
Assembly with name 'Pooled.Tests' already exists (Assets/Utility/Services/Pooled/Editor/Tests/Pooled.Tests.asmdef)
Assembly with name 'Pooled.Tests' already exists (Assets/HotUpdate/Utility/Scripts/Pooled/Editor/Tests/Pooled.Tests.asmdef)
Assembly with name 'Pooled.Editor' already exists (Assets/Utility/Scripts/Pooled/Editor/Pooled.Editor.asmdef)
Assembly with name 'Pooled.Editor' already exists (Assets/HotUpdate/Utility/Scripts/Pooled/Editor/Pooled.Editor.asmdef)
Assembly with name 'Pooled' already exists (Assets/Services/Pooled/Pooled.asmdef)
Assembly with name 'Pooled' already exists (Assets/Utility/Scripts/Pooled/Pooled.asmdef)
Assembly with name 'TimeFormat.Tests' already exists (Assets/Services/TimeFormat/Editor/Test/TimeFormat.Tests.asmdef)
Assembly with name 'TimeFormat.Tests' already exists (Assets/Utility/Scripts/TimeFormat/Editor/Test/TimeFormat.Tests.asmdef)
Assembly with name 'TimeFormat.Editor' already exists (Assets/Services/TimeFormat/Editor/TimeFormat.Editor.asmdef)
Assembly with name 'TimeFormat.Editor' already exists (Assets/HotUpdate/Utility/Scripts/TimeFormat/Editor/TimeFormat.Editor.asmdef)
Assembly with name 'TimeFormat.Tests' already exists (Assets/Utility/Services/TimeFormat/Editor/Test/TimeFormat.Tests.asmdef)
Assembly with name 'TimeFormat.Tests' already exists (Assets/Utility/Scripts/TimeFormat/Editor/Test/TimeFormat.Tests.asmdef)
Assembly with name 'TimeFormat.Editor' already exists (Assets/Utility/Scripts/TimeFormat/Editor/TimeFormat.Editor.asmdef)
Assembly with name 'TimeFormat.Editor' already exists (Assets/HotUpdate/Utility/Scripts/TimeFormat/Editor/TimeFormat.Editor.asmdef)
Assembly with name 'Pooled' already exists (Assets/HotUpdate/Utility/Scripts/Pooled/Pooled.asmdef)
Assembly with name 'Pooled' already exists (Assets/Utility/Scripts/Pooled/Pooled.asmdef)
Assembly with name 'Pooled.TMP_Text' already exists (Assets/Services/Pooled/Extensions/TMP_Text/Pooled.TMP_Text.asmdef)
Assembly with name 'Pooled.TMP_Text' already exists (Assets/HotUpdate/Utility/Scripts/Pooled/Extensions/TMP_Text/Pooled.TMP_Text.asmdef)
Assembly with name 'Pooled.TMP_Text' already exists (Assets/Utility/Scripts/Pooled/Extensions/TMP_Text/Pooled.TMP_Text.asmdef)
Assembly with name 'Pooled.TMP_Text' already exists (Assets/HotUpdate/Utility/Scripts/Pooled/Extensions/TMP_Text/Pooled.TMP_Text.asmdef)
Assembly with name 'SystemTime' already exists (Assets/HotUpdate/Utility/Scripts/Time/Time.asmdef)
Assembly with name 'SystemTime' already exists (Assets/Utility/Scripts/Time/Time.asmdef)
Assembly with name 'TimeFormat' already exists (Assets/Utility/Services/TimeFormat/TimeFormat.asmdef)
Assembly with name 'TimeFormat' already exists (Assets/HotUpdate/Utility/Scripts/TimeFormat/TimeFormat.asmdef)
Assembly with name 'TimeFormat.Tests' already exists (Assets/HotUpdate/Utility/Scripts/TimeFormat/Editor/Test/TimeFormat.Tests.asmdef)
Assembly with name 'TimeFormat.Tests' already exists (Assets/Utility/Scripts/TimeFormat/Editor/Test/TimeFormat.Tests.asmdef)
Begin MonoManager ReloadAssembly
- Loaded All Assemblies, in  0.359 seconds
Native extension for WindowsStandalone target not found
Native extension for iOS target not found
Native extension for Android target not found
Assembly with name 'Converter' already exists (Assets/Utility/Scripts/Converter/Converter.asmdef)
Assembly with name 'Converter' already exists (Assets/HotUpdate/Utility/Scripts/Converter/Converter.asmdef)
Assembly with name 'Pooled.Editor' already exists (Assets/Utility/Services/Pooled/Editor/Pooled.Editor.asmdef)
Assembly with name 'Pooled.Editor' already exists (Assets/HotUpdate/Utility/Scripts/Pooled/Editor/Pooled.Editor.asmdef)
Assembly with name 'Pooled.Editor' already exists (Assets/Services/Pooled/Editor/Pooled.Editor.asmdef)
Assembly with name 'Pooled.Editor' already exists (Assets/HotUpdate/Utility/Scripts/Pooled/Editor/Pooled.Editor.asmdef)
Assembly with name 'Pooled.TMP_Text' already exists (Assets/Utility/Services/Pooled/Extensions/TMP_Text/Pooled.TMP_Text.asmdef)
Assembly with name 'Pooled.TMP_Text' already exists (Assets/HotUpdate/Utility/Scripts/Pooled/Extensions/TMP_Text/Pooled.TMP_Text.asmdef)
Assembly with name 'Pooled.Tests' already exists (Assets/Services/Pooled/Editor/Tests/Pooled.Tests.asmdef)
Assembly with name 'Pooled.Tests' already exists (Assets/HotUpdate/Utility/Scripts/Pooled/Editor/Tests/Pooled.Tests.asmdef)
Assembly with name 'TimeFormat.TMP_Text' already exists (Assets/HotUpdate/Utility/Scripts/TimeFormat/Extensions/TMP_Text/TimeFormat.TMP_Text.asmdef)
Assembly with name 'TimeFormat.TMP_Text' already exists (Assets/Utility/Services/TimeFormat/Extensions/TMP_Text/TimeFormat.TMP_Text.asmdef)
Assembly with name 'Converter' already exists (Assets/Utility/Services/Converter/Converter.asmdef)
Assembly with name 'Converter' already exists (Assets/HotUpdate/Utility/Scripts/Converter/Converter.asmdef)
Assembly with name 'Converter' already exists (Assets/Services/Converter/Converter.asmdef)
Assembly with name 'Converter' already exists (Assets/HotUpdate/Utility/Scripts/Converter/Converter.asmdef)
Assembly with name 'Pooled' already exists (Assets/Utility/Services/Pooled/Pooled.asmdef)
Assembly with name 'Pooled' already exists (Assets/Utility/Scripts/Pooled/Pooled.asmdef)
Assembly with name 'SystemTime' already exists (Assets/Utility/Services/Time/Time.asmdef)
Assembly with name 'SystemTime' already exists (Assets/Utility/Scripts/Time/Time.asmdef)
Assembly with name 'TimeFormat.Editor' already exists (Assets/Utility/Services/TimeFormat/Editor/TimeFormat.Editor.asmdef)
Assembly with name 'TimeFormat.Editor' already exists (Assets/HotUpdate/Utility/Scripts/TimeFormat/Editor/TimeFormat.Editor.asmdef)
Assembly with name 'TimeFormat.TMP_Text' already exists (Assets/Utility/Scripts/TimeFormat/Extensions/TMP_Text/TimeFormat.TMP_Text.asmdef)
Assembly with name 'TimeFormat.TMP_Text' already exists (Assets/Utility/Services/TimeFormat/Extensions/TMP_Text/TimeFormat.TMP_Text.asmdef)
Assembly with name 'TimeFormat' already exists (Assets/Utility/Scripts/TimeFormat/TimeFormat.asmdef)
Assembly with name 'TimeFormat' already exists (Assets/HotUpdate/Utility/Scripts/TimeFormat/TimeFormat.asmdef)
Assembly with name 'TimeFormat' already exists (Assets/Services/TimeFormat/TimeFormat.asmdef)
Assembly with name 'TimeFormat' already exists (Assets/HotUpdate/Utility/Scripts/TimeFormat/TimeFormat.asmdef)
Assembly with name 'TimeFormat.TMP_Text' already exists (Assets/Services/TimeFormat/Extensions/TMP_Text/TimeFormat.TMP_Text.asmdef)
Assembly with name 'TimeFormat.TMP_Text' already exists (Assets/Utility/Services/TimeFormat/Extensions/TMP_Text/TimeFormat.TMP_Text.asmdef)
Assembly with name 'Pooled.Tests' already exists (Assets/Utility/Scripts/Pooled/Editor/Tests/Pooled.Tests.asmdef)
Assembly with name 'Pooled.Tests' already exists (Assets/HotUpdate/Utility/Scripts/Pooled/Editor/Tests/Pooled.Tests.asmdef)
Assembly with name 'SystemTime' already exists (Assets/Services/Time/Time.asmdef)
Assembly with name 'SystemTime' already exists (Assets/Utility/Scripts/Time/Time.asmdef)
Assembly with name 'Pooled.Tests' already exists (Assets/Utility/Services/Pooled/Editor/Tests/Pooled.Tests.asmdef)
Assembly with name 'Pooled.Tests' already exists (Assets/HotUpdate/Utility/Scripts/Pooled/Editor/Tests/Pooled.Tests.asmdef)
Assembly with name 'Pooled.Editor' already exists (Assets/Utility/Scripts/Pooled/Editor/Pooled.Editor.asmdef)
Assembly with name 'Pooled.Editor' already exists (Assets/HotUpdate/Utility/Scripts/Pooled/Editor/Pooled.Editor.asmdef)
Assembly with name 'Pooled' already exists (Assets/Services/Pooled/Pooled.asmdef)
Assembly with name 'Pooled' already exists (Assets/Utility/Scripts/Pooled/Pooled.asmdef)
Assembly with name 'TimeFormat.Tests' already exists (Assets/Services/TimeFormat/Editor/Test/TimeFormat.Tests.asmdef)
Assembly with name 'TimeFormat.Tests' already exists (Assets/Utility/Scripts/TimeFormat/Editor/Test/TimeFormat.Tests.asmdef)
Assembly with name 'TimeFormat.Editor' already exists (Assets/Services/TimeFormat/Editor/TimeFormat.Editor.asmdef)
Assembly with name 'TimeFormat.Editor' already exists (Assets/HotUpdate/Utility/Scripts/TimeFormat/Editor/TimeFormat.Editor.asmdef)
Assembly with name 'TimeFormat.Tests' already exists (Assets/Utility/Services/TimeFormat/Editor/Test/TimeFormat.Tests.asmdef)
Assembly with name 'TimeFormat.Tests' already exists (Assets/Utility/Scripts/TimeFormat/Editor/Test/TimeFormat.Tests.asmdef)
Assembly with name 'TimeFormat.Editor' already exists (Assets/Utility/Scripts/TimeFormat/Editor/TimeFormat.Editor.asmdef)
Assembly with name 'TimeFormat.Editor' already exists (Assets/HotUpdate/Utility/Scripts/TimeFormat/Editor/TimeFormat.Editor.asmdef)
Assembly with name 'Pooled' already exists (Assets/HotUpdate/Utility/Scripts/Pooled/Pooled.asmdef)
Assembly with name 'Pooled' already exists (Assets/Utility/Scripts/Pooled/Pooled.asmdef)
Assembly with name 'Pooled.TMP_Text' already exists (Assets/Services/Pooled/Extensions/TMP_Text/Pooled.TMP_Text.asmdef)
Assembly with name 'Pooled.TMP_Text' already exists (Assets/HotUpdate/Utility/Scripts/Pooled/Extensions/TMP_Text/Pooled.TMP_Text.asmdef)
Assembly with name 'Pooled.TMP_Text' already exists (Assets/Utility/Scripts/Pooled/Extensions/TMP_Text/Pooled.TMP_Text.asmdef)
Assembly with name 'Pooled.TMP_Text' already exists (Assets/HotUpdate/Utility/Scripts/Pooled/Extensions/TMP_Text/Pooled.TMP_Text.asmdef)
Assembly with name 'SystemTime' already exists (Assets/HotUpdate/Utility/Scripts/Time/Time.asmdef)
Assembly with name 'SystemTime' already exists (Assets/Utility/Scripts/Time/Time.asmdef)
Assembly with name 'TimeFormat' already exists (Assets/Utility/Services/TimeFormat/TimeFormat.asmdef)
Assembly with name 'TimeFormat' already exists (Assets/HotUpdate/Utility/Scripts/TimeFormat/TimeFormat.asmdef)
Assembly with name 'TimeFormat.Tests' already exists (Assets/HotUpdate/Utility/Scripts/TimeFormat/Editor/Test/TimeFormat.Tests.asmdef)
Assembly with name 'TimeFormat.Tests' already exists (Assets/Utility/Scripts/TimeFormat/Editor/Test/TimeFormat.Tests.asmdef)
Mono: successfully reloaded assembly
- Finished resetting the current domain, in  0.714 seconds
Domain Reload Profiling: 1071ms
	BeginReloadAssembly (115ms)
		ExecutionOrderSort (0ms)
		DisableScriptedObjects (5ms)
		BackupInstance (0ms)
		ReleaseScriptingObjects (0ms)
		CreateAndSetChildDomain (26ms)
	RebuildCommonClasses (23ms)
	RebuildNativeTypeToScriptingClass (8ms)
	initialDomainReloadingComplete (21ms)
	LoadAllAssembliesAndSetupDomain (190ms)
		LoadAssemblies (229ms)
		RebuildTransferFunctionScriptingTraits (0ms)
		AnalyzeDomain (20ms)
			TypeCache.Refresh (8ms)
				TypeCache.ScanAssembly (1ms)
			ScanForSourceGeneratedMonoScriptInfo (6ms)
			ResolveRequiredComponents (4ms)
	FinalizeReload (714ms)
		ReleaseScriptCaches (0ms)
		RebuildScriptCaches (0ms)
		SetupLoadedEditorAssemblies (391ms)
			LogAssemblyErrors (0ms)
			InitializePlatformSupportModulesInManaged (24ms)
			SetLoadedEditorAssemblies (4ms)
			RefreshPlugins (0ms)
			BeforeProcessingInitializeOnLoad (120ms)
			ProcessInitializeOnLoadAttributes (225ms)
			ProcessInitializeOnLoadMethodAttributes (15ms)
			AfterProcessingInitializeOnLoad (4ms)
			EditorAssembliesLoaded (0ms)
		ExecutionOrderSort2 (0ms)
		AwakeInstancesAfterBackupRestoration (5ms)
Refreshing native plugins compatible for Editor in 1.76 ms, found 4 plugins.
Preloading 0 native plugins for Editor in 0.00 ms.
Unloading 4255 Unused Serialized files (Serialized files now loaded: 0)
Unloading 24 unused Assets / (33.7 KB). Loaded Objects now: 4826.
Memory consumption went from 151.9 MB to 151.9 MB.
Total: 2.330200 ms (FindLiveObjects: 0.183200 ms CreateObjectMapping: 0.090500 ms MarkObjects: 2.019900 ms  DeleteObjects: 0.035400 ms)

Prepare: number of updated asset objects reloaded= 0
AssetImportParameters requested are different than current active one (requested -> active):
  custom:scripting/monoscript/fileName/Pooled.cs: baad0cab28575340793c5f53e885a6c4 -> cc9dde24a210a09c81ccd567f812f7f5
  custom:container-demuxer-ogg: 62fdf1f143b41e24485cea50d1cbac27 -> 
  custom:scripting/monoscript/fileName/Pooled.TMP_Text.cs: a92ef4f9461d963a03ce3513e6feb2e9 -> 1771dab09d685ca888553b84cf88ad68
  custom:scripting/monoscript/fileName/DateFormat.cs: 5ee8ffb2f9a8c45cdb8729643aa539ae -> ed347d33eeb678b14e4abcfa67ee6414
  custom:video-codec-MediaFoundation-h265: 746d11721c4dcdbdad8f713fa42b33f4 -> 
  custom:video-decoder-ogg-theora: a1e56fd34408186e4bbccfd4996cb3dc -> 
  custom:scripting/monoscript/fileName/MapLongIntConverter.cs: cac9c0c36b85ebec03eed6b196c587f3 -> 198d1bce87a4c09dc3abda029a3119ab
  custom:scripting/precompiled-assembly-types:TimeFormat: 6d4a1e77502fe8961e9ef7de10638446 -> 57203823c46105faafc43ae197f6f4ca
  custom:scripting/monoscript/fileName/DateFormatTest.cs: 87f1e5d6f74d151f0e3b6c5aaac155e0 -> f2ceb48ff4b41406f6de9337dde229d4
  custom:framework-win-MediaFoundation: 216162199b28c13a410421893ffa2e32 -> 
  custom:scripting/monoscript/fileName/NewBehaviourScript.cs: 703cac14def72cad3b67b6c8fcdd650c -> 
  custom:scripting/monoscript/fileName/ConvertUtility.cs: b008f65e78f7bf89556fe97cb76fb4d3 -> 927bc4a982abdcaa84e56dfdb46b2cbb
  custom:scripting/precompiled-assembly-types:TimeFormat.TMP_Text: cd1c242309f2ac781468485f8860f302 -> 967252e62fb87db8773533e585e4c322
  custom:scripting/monoscript/fileName/Pooled.Collection.cs: 716086397f6fce3cf59561531ac052e5 -> 90647cc400823b41df847a6cbfc29026
  custom:scripting/monoscript/fileName/BitmapConverter.cs: bef8b0754ce803040d5a34241bac00a7 -> 12195687a10fb5a33146a377ab118aa6
  custom:scripting/monoscript/fileName/HashSetLongReverseConverter.cs: a7cbafa91cdd0e3708b092796562a868 -> 932d93a08099455ffa60234096f0bc2c
  custom:scripting/monoscript/fileName/PooledChars.cs: 33880515bd376b511b6adaad23c845ab -> 21fa764a5afa8b56c3e877b4892d83d0
  custom:scripting/monoscript/fileName/Launcher.Configure.cs: 0cdf409b5aa8d4c25876d72b5c6a3b60 -> 
  custom:scripting/precompiled-assembly-types:TimeFormat.Tests: 7a5bdcca3fd2fe5564c87584e6959e0f -> 17ab779a0d411127942b86927b2dc166
  custom:scripting/precompiled-assembly-types:Pooled.Editor: fa10dbda0f98c59fa57f342ce5b8db3d -> 64cdb4d0b09fde53e895bff1f3267621
  custom:scripting/monoscript/fileName/IConverterCollectorSystem.cs: 716086397f6fce3cf59561531ac052e5 -> 90647cc400823b41df847a6cbfc29026
  custom:scripting/monoscript/fileName/MonitoredObjectPoolMemoryWindow.cs: 59b16281f30e691a756f58cb5d9a8b60 -> ddc01cc66b15815883e46a79dbae273a
  custom:CustomObjectIndexerAttribute: 9a22284fe3817be447336de3de66b15e -> 
  custom:scripting/precompiled-assembly-types:Pooled.TMP_Text: 92558fb10d66941a554c40cb582c3db5 -> 3175b5d3dfbf646ba5fc016628a7a8b2
  custom:scripting/monoscript/fileName/HashSetIntConverter.cs: b5db394041c6646ac4fd66508f5786f4 -> 336b59b95aa86a855094c372f6281efc
  custom:scripting/monoscript/fileName/HashSetLongConverter.cs: a1cab3b4ffce114d592ca6c175a5f63d -> bffc50741551ba327e3defbf92ea631c
  custom:scripting/precompiled-assembly-types:Converter: 9c7eeca5229a3a42351e9ebcae44f77d -> ee394a20b19999bd51514d0170308fef
  custom:container-demuxer-webm: 4f35f7cbe854078d1ac9338744f61a02 -> 
  custom:scripting/monoscript/fileName/PooledStringBuilder.cs: 6043f7e32526ae7771d6c5e21572c929 -> 
  custom:scripting/monoscript/fileName/HashSetIntReverseConverter.cs: f04f195534430a1a5aa1033234bed4af -> 06c076a9053026cf8408e19462593778
  custom:scripting/monoscript/fileName/Pooled.Map.cs: 716086397f6fce3cf59561531ac052e5 -> 90647cc400823b41df847a6cbfc29026
  custom:scripting/precompiled-assembly-types:Pooled.Tests: 5bf323a3bc5ed9c432319119ab1c09db -> 0c2e9c09f1a2b2407f50a1f01f3ca010
  custom:scripting/monoscript/fileName/MapIntIntConverter.cs: 9620af3d9654ec97245971bd53d35ab6 -> 295a5843cb6d0fcae5fda9644abd3119
  custom:scripting/monoscript/fileName/RepeatedField.cs: 716086397f6fce3cf59561531ac052e5 -> 90647cc400823b41df847a6cbfc29026
  custom:scripting/monoscript/fileName/ListIntConverter.cs: 436b2b3f5ca930ff78d428c441ef8c8a -> ff3a1298932b804b0d15be3a4a8f007d
  custom:scripting/monoscript/fileName/MapIntBitReverseConverter.cs: e14fde3dcc64c3c0d176ccdd1d016eae -> 8b8bfcfc92e7150c7cab6194df938961
  custom:scripting/monoscript/fileName/ConverterCollector.cs: 23f82105a25a75216e658215522f0c07 -> 8f6297df34271fdb1ce2d9607ec6261d
  custom:container-muxer-webm: aa71ff27fc2769a1b78a27578f13a17b -> 
  custom:scripting/monoscript/fileName/ConverterCollectorSystem.cs: 716086397f6fce3cf59561531ac052e5 -> 90647cc400823b41df847a6cbfc29026
  custom:video-decoder-webm-vp8: 9c59270c3fd7afecdb556c50c9e8de78 -> 
  custom:scripting/monoscript/fileName/IConverter.cs: 23f82105a25a75216e658215522f0c07 -> 8f6297df34271fdb1ce2d9607ec6261d
  custom:scripting/monoscript/fileName/TimeFormat.TMP_Text.cs: 04b153d1e87700945c251cd57f0caf28 -> f6a319b78dfa7c00602caf474b9ca715
  custom:SearchIndexIgnoredProperties: e643bd26f0fe6173181afceb89e7c659 -> 
  custom:scripting/monoscript/fileName/BitmapTimingResetConverter.cs: 0a600efde2430e87d9d3b74fefe851b4 -> 16be4e68c9559384167314f33f2262ce
  custom:AudioImporter_EditorPlatform: d09bf68614088b80899f8185d706f6e7 -> 
  custom:scripting/monoscript/fileName/ConverterCollectorSystem.Config.cs: 716086397f6fce3cf59561531ac052e5 -> 90647cc400823b41df847a6cbfc29026
  custom:scripting/monoscript/fileName/SystemTime.cs: 0871270ccfddc6f47e3ac605866cf236 -> aebab7d5993158d333c473fe5ad2e983
  custom:scripting/monoscript/fileName/IConverterCollector.cs: 7204df85a06eb33c552568921744fc7f -> 0cdf409b5aa8d4c25876d72b5c6a3b60
  custom:scripting/monoscript/fileName/DateFormat.TMP_Text.cs: 121711a8ea84a13844106aa2e82a1cd2 -> cfa4ac74668713a9594e154b6b707e11
  custom:scripting/monoscript/fileName/MapIntBitConverter.cs: dce2875ca3c4cad9ab6f13f6a6965680 -> 79a8119290488a133b2d9f55c8d3a0d3
  custom:scripting/monoscript/fileName/DailyRedPointManager.cs: 513629b390c64237ae10fadc04fe33e2 -> 01ec27a3aa6e2eef520171695290b082
  custom:scripting/monoscript/fileName/CBitmap.cs: ec0fdd5ea2398b1b65c18ea095c42afb -> f8c1ae0cca981124d219ae3b6d8e6182
  custom:scripting/monoscript/fileName/PooledTest.cs: 28426ac1d0a0bad5d092e27ae3a87191 -> d0e5b41c51d29f0613407ea0dc9a2ae1
  custom:scripting/monoscript/fileName/BitmapReverseConverter.cs: 1fc067da77a3ccc221d0c0fe577e4e0f -> acc59c8855034e2bb91a751805bc12bb
  custom:scripting/monoscript/fileName/Launcher.cs: fc0c233cdf2db662ad083a18ee6c8ee8 -> 5bb5cfe85734624b9dda7f37e40514f0
  custom:video-encoder-webm-vp8: eb34c28f22e8b96e1ab97ce403110664 -> 
  custom:audio-decoder-ogg-vorbis: bf7c407c2cedff20999df2af8eb42d56 -> 
  custom:scripting/monoscript/fileName/MonitoredObjectPool.cs: 07c2f06c1be72f5574a820b4727b45d6 -> 9182583f5d8b6c16ed73aee3a076a254
  custom:scripting/monoscript/fileName/MapLongBitConverter.cs: 43ce4e9aba0920885e00f67136ef7071 -> 328f00929818c8c69bb5b89f3bcc9604
  custom:scripting/monoscript/fileName/PooledBitArray.cs: 63242dbc45c4894086d10ce96dcd98d8 -> 
  custom:scripting/monoscript/fileName/MapIntLongConverter.cs: 31cf1c377d37f97e076e6bb7ba8ce6bd -> a2cdffcab0400670150cdf9d6f279bf8
  custom:scripting/precompiled-assembly-types:SystemTime: a9afdb8eba24b40bf6e6d2e0d79e8e29 -> de93446e31aab50ce934d7feaa3d7a7d
  custom:scripting/monoscript/fileName/MapLongBitReverseConverter.cs: 3a3a53b77999da0e1aba4b8aa6a2efb1 -> 1d61913e53bfc7ab7acf8ae1d97259f0
  custom:scripting/monoscript/fileName/ListLongConverter.cs: 8035177bb4988529bdf021b5674f63f7 -> 067d4451cabf17e3cfccb1cb88d8f36b
  custom:scripting/precompiled-assembly-types:HotUpdate: 2604a2b3a63c878ba0c6bc0792590b0b -> 
  custom:scripting/monoscript/fileName/TimeFormatTest.cs: 93a42fa151a026f2dc7824ac0622d2a5 -> f90ae55604080c97eefe0555e4b0ad3c
  custom:audio-encoder-webm-vorbis: bf7c407c2cedff20999df2af8eb42d56 -> 
  custom:scripting/monoscript/fileName/TimeFormat.cs: 9204fd782b26c55826382465702b381a -> 3d1d90addaffbea026682521871bf1e2
  custom:scripting/precompiled-assembly-types:Pooled: 90ae12e970b0a4c25cdd11d8926c1a55 -> 6162124d200d88ea66aabea2add4abf0
  custom:scripting/monoscript/fileName/MapLongLongConverter.cs: 5e2c827038738a02120b98610ada1a79 -> b43590451b2c3721d1491012e5c4185c
========================================================================
Received Prepare
Assembly with name 'Converter' already exists (Assets/Utility/Scripts/Converter/Converter.asmdef)
Assembly with name 'Converter' already exists (Assets/HotUpdate/Utility/Scripts/Converter/Converter.asmdef)
Assembly with name 'Pooled.Editor' already exists (Assets/Utility/Services/Pooled/Editor/Pooled.Editor.asmdef)
Assembly with name 'Pooled.Editor' already exists (Assets/HotUpdate/Utility/Scripts/Pooled/Editor/Pooled.Editor.asmdef)
Assembly with name 'Pooled.Editor' already exists (Assets/Services/Pooled/Editor/Pooled.Editor.asmdef)
Assembly with name 'Pooled.Editor' already exists (Assets/HotUpdate/Utility/Scripts/Pooled/Editor/Pooled.Editor.asmdef)
Assembly with name 'Pooled.TMP_Text' already exists (Assets/Utility/Services/Pooled/Extensions/TMP_Text/Pooled.TMP_Text.asmdef)
Assembly with name 'Pooled.TMP_Text' already exists (Assets/HotUpdate/Utility/Scripts/Pooled/Extensions/TMP_Text/Pooled.TMP_Text.asmdef)
Assembly with name 'Pooled.Tests' already exists (Assets/Services/Pooled/Editor/Tests/Pooled.Tests.asmdef)
Assembly with name 'Pooled.Tests' already exists (Assets/HotUpdate/Utility/Scripts/Pooled/Editor/Tests/Pooled.Tests.asmdef)
Assembly with name 'TimeFormat.TMP_Text' already exists (Assets/HotUpdate/Utility/Scripts/TimeFormat/Extensions/TMP_Text/TimeFormat.TMP_Text.asmdef)
Assembly with name 'TimeFormat.TMP_Text' already exists (Assets/Utility/Services/TimeFormat/Extensions/TMP_Text/TimeFormat.TMP_Text.asmdef)
Assembly with name 'Converter' already exists (Assets/Utility/Services/Converter/Converter.asmdef)
Assembly with name 'Converter' already exists (Assets/HotUpdate/Utility/Scripts/Converter/Converter.asmdef)
Assembly with name 'Converter' already exists (Assets/Services/Converter/Converter.asmdef)
Assembly with name 'Converter' already exists (Assets/HotUpdate/Utility/Scripts/Converter/Converter.asmdef)
Assembly with name 'Pooled' already exists (Assets/Utility/Services/Pooled/Pooled.asmdef)
Assembly with name 'Pooled' already exists (Assets/Utility/Scripts/Pooled/Pooled.asmdef)
Assembly with name 'SystemTime' already exists (Assets/Utility/Services/Time/Time.asmdef)
Assembly with name 'SystemTime' already exists (Assets/Utility/Scripts/Time/Time.asmdef)
Assembly with name 'TimeFormat.Editor' already exists (Assets/Utility/Services/TimeFormat/Editor/TimeFormat.Editor.asmdef)
Assembly with name 'TimeFormat.Editor' already exists (Assets/HotUpdate/Utility/Scripts/TimeFormat/Editor/TimeFormat.Editor.asmdef)
Assembly with name 'TimeFormat.TMP_Text' already exists (Assets/Utility/Scripts/TimeFormat/Extensions/TMP_Text/TimeFormat.TMP_Text.asmdef)
Assembly with name 'TimeFormat.TMP_Text' already exists (Assets/Utility/Services/TimeFormat/Extensions/TMP_Text/TimeFormat.TMP_Text.asmdef)
Assembly with name 'TimeFormat' already exists (Assets/Utility/Scripts/TimeFormat/TimeFormat.asmdef)
Assembly with name 'TimeFormat' already exists (Assets/HotUpdate/Utility/Scripts/TimeFormat/TimeFormat.asmdef)
Assembly with name 'TimeFormat' already exists (Assets/Services/TimeFormat/TimeFormat.asmdef)
Assembly with name 'TimeFormat' already exists (Assets/HotUpdate/Utility/Scripts/TimeFormat/TimeFormat.asmdef)
Assembly with name 'TimeFormat.TMP_Text' already exists (Assets/Services/TimeFormat/Extensions/TMP_Text/TimeFormat.TMP_Text.asmdef)
Assembly with name 'TimeFormat.TMP_Text' already exists (Assets/Utility/Services/TimeFormat/Extensions/TMP_Text/TimeFormat.TMP_Text.asmdef)
Assembly with name 'Pooled.Tests' already exists (Assets/Utility/Scripts/Pooled/Editor/Tests/Pooled.Tests.asmdef)
Assembly with name 'Pooled.Tests' already exists (Assets/HotUpdate/Utility/Scripts/Pooled/Editor/Tests/Pooled.Tests.asmdef)
Assembly with name 'SystemTime' already exists (Assets/Services/Time/Time.asmdef)
Assembly with name 'SystemTime' already exists (Assets/Utility/Scripts/Time/Time.asmdef)
Assembly with name 'Pooled.Tests' already exists (Assets/Utility/Services/Pooled/Editor/Tests/Pooled.Tests.asmdef)
Assembly with name 'Pooled.Tests' already exists (Assets/HotUpdate/Utility/Scripts/Pooled/Editor/Tests/Pooled.Tests.asmdef)
Assembly with name 'Pooled.Editor' already exists (Assets/Utility/Scripts/Pooled/Editor/Pooled.Editor.asmdef)
Assembly with name 'Pooled.Editor' already exists (Assets/HotUpdate/Utility/Scripts/Pooled/Editor/Pooled.Editor.asmdef)
Assembly with name 'Pooled' already exists (Assets/Services/Pooled/Pooled.asmdef)
Assembly with name 'Pooled' already exists (Assets/Utility/Scripts/Pooled/Pooled.asmdef)
Assembly with name 'TimeFormat.Tests' already exists (Assets/Services/TimeFormat/Editor/Test/TimeFormat.Tests.asmdef)
Assembly with name 'TimeFormat.Tests' already exists (Assets/Utility/Scripts/TimeFormat/Editor/Test/TimeFormat.Tests.asmdef)
Assembly with name 'TimeFormat.Editor' already exists (Assets/Services/TimeFormat/Editor/TimeFormat.Editor.asmdef)
Assembly with name 'TimeFormat.Editor' already exists (Assets/HotUpdate/Utility/Scripts/TimeFormat/Editor/TimeFormat.Editor.asmdef)
Assembly with name 'TimeFormat.Tests' already exists (Assets/Utility/Services/TimeFormat/Editor/Test/TimeFormat.Tests.asmdef)
Assembly with name 'TimeFormat.Tests' already exists (Assets/Utility/Scripts/TimeFormat/Editor/Test/TimeFormat.Tests.asmdef)
Assembly with name 'TimeFormat.Editor' already exists (Assets/Utility/Scripts/TimeFormat/Editor/TimeFormat.Editor.asmdef)
Assembly with name 'TimeFormat.Editor' already exists (Assets/HotUpdate/Utility/Scripts/TimeFormat/Editor/TimeFormat.Editor.asmdef)
Assembly with name 'Pooled' already exists (Assets/HotUpdate/Utility/Scripts/Pooled/Pooled.asmdef)
Assembly with name 'Pooled' already exists (Assets/Utility/Scripts/Pooled/Pooled.asmdef)
Assembly with name 'Pooled.TMP_Text' already exists (Assets/Services/Pooled/Extensions/TMP_Text/Pooled.TMP_Text.asmdef)
Assembly with name 'Pooled.TMP_Text' already exists (Assets/HotUpdate/Utility/Scripts/Pooled/Extensions/TMP_Text/Pooled.TMP_Text.asmdef)
Assembly with name 'Pooled.TMP_Text' already exists (Assets/Utility/Scripts/Pooled/Extensions/TMP_Text/Pooled.TMP_Text.asmdef)
Assembly with name 'Pooled.TMP_Text' already exists (Assets/HotUpdate/Utility/Scripts/Pooled/Extensions/TMP_Text/Pooled.TMP_Text.asmdef)
Assembly with name 'SystemTime' already exists (Assets/HotUpdate/Utility/Scripts/Time/Time.asmdef)
Assembly with name 'SystemTime' already exists (Assets/Utility/Scripts/Time/Time.asmdef)
Assembly with name 'TimeFormat' already exists (Assets/Utility/Services/TimeFormat/TimeFormat.asmdef)
Assembly with name 'TimeFormat' already exists (Assets/HotUpdate/Utility/Scripts/TimeFormat/TimeFormat.asmdef)
Assembly with name 'TimeFormat.Tests' already exists (Assets/HotUpdate/Utility/Scripts/TimeFormat/Editor/Test/TimeFormat.Tests.asmdef)
Assembly with name 'TimeFormat.Tests' already exists (Assets/Utility/Scripts/TimeFormat/Editor/Test/TimeFormat.Tests.asmdef)
Caller must complete domain reload
Assembly with name 'Converter' already exists (Assets/Utility/Scripts/Converter/Converter.asmdef)
Assembly with name 'Converter' already exists (Assets/HotUpdate/Utility/Scripts/Converter/Converter.asmdef)
Assembly with name 'Pooled.Editor' already exists (Assets/Utility/Services/Pooled/Editor/Pooled.Editor.asmdef)
Assembly with name 'Pooled.Editor' already exists (Assets/HotUpdate/Utility/Scripts/Pooled/Editor/Pooled.Editor.asmdef)
Assembly with name 'Pooled.Editor' already exists (Assets/Services/Pooled/Editor/Pooled.Editor.asmdef)
Assembly with name 'Pooled.Editor' already exists (Assets/HotUpdate/Utility/Scripts/Pooled/Editor/Pooled.Editor.asmdef)
Assembly with name 'Pooled.TMP_Text' already exists (Assets/Utility/Services/Pooled/Extensions/TMP_Text/Pooled.TMP_Text.asmdef)
Assembly with name 'Pooled.TMP_Text' already exists (Assets/HotUpdate/Utility/Scripts/Pooled/Extensions/TMP_Text/Pooled.TMP_Text.asmdef)
Assembly with name 'Pooled.Tests' already exists (Assets/Services/Pooled/Editor/Tests/Pooled.Tests.asmdef)
Assembly with name 'Pooled.Tests' already exists (Assets/HotUpdate/Utility/Scripts/Pooled/Editor/Tests/Pooled.Tests.asmdef)
Assembly with name 'TimeFormat.TMP_Text' already exists (Assets/HotUpdate/Utility/Scripts/TimeFormat/Extensions/TMP_Text/TimeFormat.TMP_Text.asmdef)
Assembly with name 'TimeFormat.TMP_Text' already exists (Assets/Utility/Services/TimeFormat/Extensions/TMP_Text/TimeFormat.TMP_Text.asmdef)
Assembly with name 'Converter' already exists (Assets/Utility/Services/Converter/Converter.asmdef)
Assembly with name 'Converter' already exists (Assets/HotUpdate/Utility/Scripts/Converter/Converter.asmdef)
Assembly with name 'Converter' already exists (Assets/Services/Converter/Converter.asmdef)
Assembly with name 'Converter' already exists (Assets/HotUpdate/Utility/Scripts/Converter/Converter.asmdef)
Assembly with name 'Pooled' already exists (Assets/Utility/Services/Pooled/Pooled.asmdef)
Assembly with name 'Pooled' already exists (Assets/Utility/Scripts/Pooled/Pooled.asmdef)
Assembly with name 'SystemTime' already exists (Assets/Utility/Services/Time/Time.asmdef)
Assembly with name 'SystemTime' already exists (Assets/Utility/Scripts/Time/Time.asmdef)
Assembly with name 'TimeFormat.Editor' already exists (Assets/Utility/Services/TimeFormat/Editor/TimeFormat.Editor.asmdef)
Assembly with name 'TimeFormat.Editor' already exists (Assets/HotUpdate/Utility/Scripts/TimeFormat/Editor/TimeFormat.Editor.asmdef)
Assembly with name 'TimeFormat.TMP_Text' already exists (Assets/Utility/Scripts/TimeFormat/Extensions/TMP_Text/TimeFormat.TMP_Text.asmdef)
Assembly with name 'TimeFormat.TMP_Text' already exists (Assets/Utility/Services/TimeFormat/Extensions/TMP_Text/TimeFormat.TMP_Text.asmdef)
Assembly with name 'TimeFormat' already exists (Assets/Utility/Scripts/TimeFormat/TimeFormat.asmdef)
Assembly with name 'TimeFormat' already exists (Assets/HotUpdate/Utility/Scripts/TimeFormat/TimeFormat.asmdef)
Assembly with name 'TimeFormat' already exists (Assets/Services/TimeFormat/TimeFormat.asmdef)
Assembly with name 'TimeFormat' already exists (Assets/HotUpdate/Utility/Scripts/TimeFormat/TimeFormat.asmdef)
Assembly with name 'TimeFormat.TMP_Text' already exists (Assets/Services/TimeFormat/Extensions/TMP_Text/TimeFormat.TMP_Text.asmdef)
Assembly with name 'TimeFormat.TMP_Text' already exists (Assets/Utility/Services/TimeFormat/Extensions/TMP_Text/TimeFormat.TMP_Text.asmdef)
Assembly with name 'Pooled.Tests' already exists (Assets/Utility/Scripts/Pooled/Editor/Tests/Pooled.Tests.asmdef)
Assembly with name 'Pooled.Tests' already exists (Assets/HotUpdate/Utility/Scripts/Pooled/Editor/Tests/Pooled.Tests.asmdef)
Assembly with name 'SystemTime' already exists (Assets/Services/Time/Time.asmdef)
Assembly with name 'SystemTime' already exists (Assets/Utility/Scripts/Time/Time.asmdef)
Assembly with name 'Pooled.Tests' already exists (Assets/Utility/Services/Pooled/Editor/Tests/Pooled.Tests.asmdef)
Assembly with name 'Pooled.Tests' already exists (Assets/HotUpdate/Utility/Scripts/Pooled/Editor/Tests/Pooled.Tests.asmdef)
Assembly with name 'Pooled.Editor' already exists (Assets/Utility/Scripts/Pooled/Editor/Pooled.Editor.asmdef)
Assembly with name 'Pooled.Editor' already exists (Assets/HotUpdate/Utility/Scripts/Pooled/Editor/Pooled.Editor.asmdef)
Assembly with name 'Pooled' already exists (Assets/Services/Pooled/Pooled.asmdef)
Assembly with name 'Pooled' already exists (Assets/Utility/Scripts/Pooled/Pooled.asmdef)
Assembly with name 'TimeFormat.Tests' already exists (Assets/Services/TimeFormat/Editor/Test/TimeFormat.Tests.asmdef)
Assembly with name 'TimeFormat.Tests' already exists (Assets/Utility/Scripts/TimeFormat/Editor/Test/TimeFormat.Tests.asmdef)
Assembly with name 'TimeFormat.Editor' already exists (Assets/Services/TimeFormat/Editor/TimeFormat.Editor.asmdef)
Assembly with name 'TimeFormat.Editor' already exists (Assets/HotUpdate/Utility/Scripts/TimeFormat/Editor/TimeFormat.Editor.asmdef)
Assembly with name 'TimeFormat.Tests' already exists (Assets/Utility/Services/TimeFormat/Editor/Test/TimeFormat.Tests.asmdef)
Assembly with name 'TimeFormat.Tests' already exists (Assets/Utility/Scripts/TimeFormat/Editor/Test/TimeFormat.Tests.asmdef)
Assembly with name 'TimeFormat.Editor' already exists (Assets/Utility/Scripts/TimeFormat/Editor/TimeFormat.Editor.asmdef)
Assembly with name 'TimeFormat.Editor' already exists (Assets/HotUpdate/Utility/Scripts/TimeFormat/Editor/TimeFormat.Editor.asmdef)
Assembly with name 'Pooled' already exists (Assets/HotUpdate/Utility/Scripts/Pooled/Pooled.asmdef)
Assembly with name 'Pooled' already exists (Assets/Utility/Scripts/Pooled/Pooled.asmdef)
Assembly with name 'Pooled.TMP_Text' already exists (Assets/Services/Pooled/Extensions/TMP_Text/Pooled.TMP_Text.asmdef)
Assembly with name 'Pooled.TMP_Text' already exists (Assets/HotUpdate/Utility/Scripts/Pooled/Extensions/TMP_Text/Pooled.TMP_Text.asmdef)
Assembly with name 'Pooled.TMP_Text' already exists (Assets/Utility/Scripts/Pooled/Extensions/TMP_Text/Pooled.TMP_Text.asmdef)
Assembly with name 'Pooled.TMP_Text' already exists (Assets/HotUpdate/Utility/Scripts/Pooled/Extensions/TMP_Text/Pooled.TMP_Text.asmdef)
Assembly with name 'SystemTime' already exists (Assets/HotUpdate/Utility/Scripts/Time/Time.asmdef)
Assembly with name 'SystemTime' already exists (Assets/Utility/Scripts/Time/Time.asmdef)
Assembly with name 'TimeFormat' already exists (Assets/Utility/Services/TimeFormat/TimeFormat.asmdef)
Assembly with name 'TimeFormat' already exists (Assets/HotUpdate/Utility/Scripts/TimeFormat/TimeFormat.asmdef)
Assembly with name 'TimeFormat.Tests' already exists (Assets/HotUpdate/Utility/Scripts/TimeFormat/Editor/Test/TimeFormat.Tests.asmdef)
Assembly with name 'TimeFormat.Tests' already exists (Assets/Utility/Scripts/TimeFormat/Editor/Test/TimeFormat.Tests.asmdef)
Begin MonoManager ReloadAssembly
- Loaded All Assemblies, in  0.405 seconds
Native extension for WindowsStandalone target not found
Native extension for iOS target not found
Native extension for Android target not found
Assembly with name 'Converter' already exists (Assets/Utility/Scripts/Converter/Converter.asmdef)
Assembly with name 'Converter' already exists (Assets/HotUpdate/Utility/Scripts/Converter/Converter.asmdef)
Assembly with name 'Pooled.Editor' already exists (Assets/Utility/Services/Pooled/Editor/Pooled.Editor.asmdef)
Assembly with name 'Pooled.Editor' already exists (Assets/HotUpdate/Utility/Scripts/Pooled/Editor/Pooled.Editor.asmdef)
Assembly with name 'Pooled.Editor' already exists (Assets/Services/Pooled/Editor/Pooled.Editor.asmdef)
Assembly with name 'Pooled.Editor' already exists (Assets/HotUpdate/Utility/Scripts/Pooled/Editor/Pooled.Editor.asmdef)
Assembly with name 'Pooled.TMP_Text' already exists (Assets/Utility/Services/Pooled/Extensions/TMP_Text/Pooled.TMP_Text.asmdef)
Assembly with name 'Pooled.TMP_Text' already exists (Assets/HotUpdate/Utility/Scripts/Pooled/Extensions/TMP_Text/Pooled.TMP_Text.asmdef)
Assembly with name 'Pooled.Tests' already exists (Assets/Services/Pooled/Editor/Tests/Pooled.Tests.asmdef)
Assembly with name 'Pooled.Tests' already exists (Assets/HotUpdate/Utility/Scripts/Pooled/Editor/Tests/Pooled.Tests.asmdef)
Assembly with name 'TimeFormat.TMP_Text' already exists (Assets/HotUpdate/Utility/Scripts/TimeFormat/Extensions/TMP_Text/TimeFormat.TMP_Text.asmdef)
Assembly with name 'TimeFormat.TMP_Text' already exists (Assets/Utility/Services/TimeFormat/Extensions/TMP_Text/TimeFormat.TMP_Text.asmdef)
Assembly with name 'Converter' already exists (Assets/Utility/Services/Converter/Converter.asmdef)
Assembly with name 'Converter' already exists (Assets/HotUpdate/Utility/Scripts/Converter/Converter.asmdef)
Assembly with name 'Converter' already exists (Assets/Services/Converter/Converter.asmdef)
Assembly with name 'Converter' already exists (Assets/HotUpdate/Utility/Scripts/Converter/Converter.asmdef)
Assembly with name 'Pooled' already exists (Assets/Utility/Services/Pooled/Pooled.asmdef)
Assembly with name 'Pooled' already exists (Assets/Utility/Scripts/Pooled/Pooled.asmdef)
Assembly with name 'SystemTime' already exists (Assets/Utility/Services/Time/Time.asmdef)
Assembly with name 'SystemTime' already exists (Assets/Utility/Scripts/Time/Time.asmdef)
Assembly with name 'TimeFormat.Editor' already exists (Assets/Utility/Services/TimeFormat/Editor/TimeFormat.Editor.asmdef)
Assembly with name 'TimeFormat.Editor' already exists (Assets/HotUpdate/Utility/Scripts/TimeFormat/Editor/TimeFormat.Editor.asmdef)
Assembly with name 'TimeFormat.TMP_Text' already exists (Assets/Utility/Scripts/TimeFormat/Extensions/TMP_Text/TimeFormat.TMP_Text.asmdef)
Assembly with name 'TimeFormat.TMP_Text' already exists (Assets/Utility/Services/TimeFormat/Extensions/TMP_Text/TimeFormat.TMP_Text.asmdef)
Assembly with name 'TimeFormat' already exists (Assets/Utility/Scripts/TimeFormat/TimeFormat.asmdef)
Assembly with name 'TimeFormat' already exists (Assets/HotUpdate/Utility/Scripts/TimeFormat/TimeFormat.asmdef)
Assembly with name 'TimeFormat' already exists (Assets/Services/TimeFormat/TimeFormat.asmdef)
Assembly with name 'TimeFormat' already exists (Assets/HotUpdate/Utility/Scripts/TimeFormat/TimeFormat.asmdef)
Assembly with name 'TimeFormat.TMP_Text' already exists (Assets/Services/TimeFormat/Extensions/TMP_Text/TimeFormat.TMP_Text.asmdef)
Assembly with name 'TimeFormat.TMP_Text' already exists (Assets/Utility/Services/TimeFormat/Extensions/TMP_Text/TimeFormat.TMP_Text.asmdef)
Assembly with name 'Pooled.Tests' already exists (Assets/Utility/Scripts/Pooled/Editor/Tests/Pooled.Tests.asmdef)
Assembly with name 'Pooled.Tests' already exists (Assets/HotUpdate/Utility/Scripts/Pooled/Editor/Tests/Pooled.Tests.asmdef)
Assembly with name 'SystemTime' already exists (Assets/Services/Time/Time.asmdef)
Assembly with name 'SystemTime' already exists (Assets/Utility/Scripts/Time/Time.asmdef)
Assembly with name 'Pooled.Tests' already exists (Assets/Utility/Services/Pooled/Editor/Tests/Pooled.Tests.asmdef)
Assembly with name 'Pooled.Tests' already exists (Assets/HotUpdate/Utility/Scripts/Pooled/Editor/Tests/Pooled.Tests.asmdef)
Assembly with name 'Pooled.Editor' already exists (Assets/Utility/Scripts/Pooled/Editor/Pooled.Editor.asmdef)
Assembly with name 'Pooled.Editor' already exists (Assets/HotUpdate/Utility/Scripts/Pooled/Editor/Pooled.Editor.asmdef)
Assembly with name 'Pooled' already exists (Assets/Services/Pooled/Pooled.asmdef)
Assembly with name 'Pooled' already exists (Assets/Utility/Scripts/Pooled/Pooled.asmdef)
Assembly with name 'TimeFormat.Tests' already exists (Assets/Services/TimeFormat/Editor/Test/TimeFormat.Tests.asmdef)
Assembly with name 'TimeFormat.Tests' already exists (Assets/Utility/Scripts/TimeFormat/Editor/Test/TimeFormat.Tests.asmdef)
Assembly with name 'TimeFormat.Editor' already exists (Assets/Services/TimeFormat/Editor/TimeFormat.Editor.asmdef)
Assembly with name 'TimeFormat.Editor' already exists (Assets/HotUpdate/Utility/Scripts/TimeFormat/Editor/TimeFormat.Editor.asmdef)
Assembly with name 'TimeFormat.Tests' already exists (Assets/Utility/Services/TimeFormat/Editor/Test/TimeFormat.Tests.asmdef)
Assembly with name 'TimeFormat.Tests' already exists (Assets/Utility/Scripts/TimeFormat/Editor/Test/TimeFormat.Tests.asmdef)
Assembly with name 'TimeFormat.Editor' already exists (Assets/Utility/Scripts/TimeFormat/Editor/TimeFormat.Editor.asmdef)
Assembly with name 'TimeFormat.Editor' already exists (Assets/HotUpdate/Utility/Scripts/TimeFormat/Editor/TimeFormat.Editor.asmdef)
Assembly with name 'Pooled' already exists (Assets/HotUpdate/Utility/Scripts/Pooled/Pooled.asmdef)
Assembly with name 'Pooled' already exists (Assets/Utility/Scripts/Pooled/Pooled.asmdef)
Assembly with name 'Pooled.TMP_Text' already exists (Assets/Services/Pooled/Extensions/TMP_Text/Pooled.TMP_Text.asmdef)
Assembly with name 'Pooled.TMP_Text' already exists (Assets/HotUpdate/Utility/Scripts/Pooled/Extensions/TMP_Text/Pooled.TMP_Text.asmdef)
Assembly with name 'Pooled.TMP_Text' already exists (Assets/Utility/Scripts/Pooled/Extensions/TMP_Text/Pooled.TMP_Text.asmdef)
Assembly with name 'Pooled.TMP_Text' already exists (Assets/HotUpdate/Utility/Scripts/Pooled/Extensions/TMP_Text/Pooled.TMP_Text.asmdef)
Assembly with name 'SystemTime' already exists (Assets/HotUpdate/Utility/Scripts/Time/Time.asmdef)
Assembly with name 'SystemTime' already exists (Assets/Utility/Scripts/Time/Time.asmdef)
Assembly with name 'TimeFormat' already exists (Assets/Utility/Services/TimeFormat/TimeFormat.asmdef)
Assembly with name 'TimeFormat' already exists (Assets/HotUpdate/Utility/Scripts/TimeFormat/TimeFormat.asmdef)
Assembly with name 'TimeFormat.Tests' already exists (Assets/HotUpdate/Utility/Scripts/TimeFormat/Editor/Test/TimeFormat.Tests.asmdef)
Assembly with name 'TimeFormat.Tests' already exists (Assets/Utility/Scripts/TimeFormat/Editor/Test/TimeFormat.Tests.asmdef)
Mono: successfully reloaded assembly
- Finished resetting the current domain, in  0.828 seconds
Domain Reload Profiling: 1230ms
	BeginReloadAssembly (121ms)
		ExecutionOrderSort (0ms)
		DisableScriptedObjects (5ms)
		BackupInstance (0ms)
		ReleaseScriptingObjects (0ms)
		CreateAndSetChildDomain (27ms)
	RebuildCommonClasses (28ms)
	RebuildNativeTypeToScriptingClass (11ms)
	initialDomainReloadingComplete (26ms)
	LoadAllAssembliesAndSetupDomain (216ms)
		LoadAssemblies (253ms)
		RebuildTransferFunctionScriptingTraits (0ms)
		AnalyzeDomain (29ms)
			TypeCache.Refresh (12ms)
				TypeCache.ScanAssembly (1ms)
			ScanForSourceGeneratedMonoScriptInfo (10ms)
			ResolveRequiredComponents (5ms)
	FinalizeReload (829ms)
		ReleaseScriptCaches (0ms)
		RebuildScriptCaches (0ms)
		SetupLoadedEditorAssemblies (337ms)
			LogAssemblyErrors (0ms)
			InitializePlatformSupportModulesInManaged (25ms)
			SetLoadedEditorAssemblies (3ms)
			RefreshPlugins (0ms)
			BeforeProcessingInitializeOnLoad (71ms)
			ProcessInitializeOnLoadAttributes (216ms)
			ProcessInitializeOnLoadMethodAttributes (15ms)
			AfterProcessingInitializeOnLoad (6ms)
			EditorAssembliesLoaded (0ms)
		ExecutionOrderSort2 (0ms)
		AwakeInstancesAfterBackupRestoration (12ms)
Refreshing native plugins compatible for Editor in 4.27 ms, found 4 plugins.
Preloading 0 native plugins for Editor in 0.00 ms.
Unloading 4256 Unused Serialized files (Serialized files now loaded: 0)
Unloading 24 unused Assets / (33.8 KB). Loaded Objects now: 4830.
Memory consumption went from 152.2 MB to 152.2 MB.
Total: 3.086800 ms (FindLiveObjects: 0.406300 ms CreateObjectMapping: 0.106100 ms MarkObjects: 2.528800 ms  DeleteObjects: 0.044600 ms)

Prepare: number of updated asset objects reloaded= 0
AssetImportParameters requested are different than current active one (requested -> active):
  custom:scripting/monoscript/fileName/Pooled.cs: baad0cab28575340793c5f53e885a6c4 -> cc9dde24a210a09c81ccd567f812f7f5
  custom:container-demuxer-ogg: 62fdf1f143b41e24485cea50d1cbac27 -> 
  custom:scripting/monoscript/fileName/Pooled.TMP_Text.cs: a92ef4f9461d963a03ce3513e6feb2e9 -> 1771dab09d685ca888553b84cf88ad68
  custom:scripting/monoscript/fileName/DateFormat.cs: 5ee8ffb2f9a8c45cdb8729643aa539ae -> ed347d33eeb678b14e4abcfa67ee6414
  custom:video-codec-MediaFoundation-h265: 746d11721c4dcdbdad8f713fa42b33f4 -> 
  custom:video-decoder-ogg-theora: a1e56fd34408186e4bbccfd4996cb3dc -> 
  custom:scripting/monoscript/fileName/MapLongIntConverter.cs: cac9c0c36b85ebec03eed6b196c587f3 -> 198d1bce87a4c09dc3abda029a3119ab
  custom:scripting/precompiled-assembly-types:TimeFormat: 6d4a1e77502fe8961e9ef7de10638446 -> 57203823c46105faafc43ae197f6f4ca
  custom:scripting/monoscript/fileName/DateFormatTest.cs: 87f1e5d6f74d151f0e3b6c5aaac155e0 -> f2ceb48ff4b41406f6de9337dde229d4
  custom:framework-win-MediaFoundation: 216162199b28c13a410421893ffa2e32 -> 
  custom:scripting/monoscript/fileName/NewBehaviourScript.cs: 703cac14def72cad3b67b6c8fcdd650c -> 
  custom:scripting/monoscript/fileName/ConvertUtility.cs: b008f65e78f7bf89556fe97cb76fb4d3 -> 927bc4a982abdcaa84e56dfdb46b2cbb
  custom:scripting/precompiled-assembly-types:TimeFormat.TMP_Text: cd1c242309f2ac781468485f8860f302 -> 967252e62fb87db8773533e585e4c322
  custom:scripting/monoscript/fileName/Pooled.Collection.cs: 716086397f6fce3cf59561531ac052e5 -> 90647cc400823b41df847a6cbfc29026
  custom:scripting/monoscript/fileName/BitmapConverter.cs: bef8b0754ce803040d5a34241bac00a7 -> 12195687a10fb5a33146a377ab118aa6
  custom:scripting/monoscript/fileName/HashSetLongReverseConverter.cs: a7cbafa91cdd0e3708b092796562a868 -> 932d93a08099455ffa60234096f0bc2c
  custom:scripting/monoscript/fileName/PooledChars.cs: 33880515bd376b511b6adaad23c845ab -> 21fa764a5afa8b56c3e877b4892d83d0
  custom:scripting/monoscript/fileName/Launcher.Configure.cs: 0cdf409b5aa8d4c25876d72b5c6a3b60 -> 
  custom:scripting/precompiled-assembly-types:TimeFormat.Tests: 7a5bdcca3fd2fe5564c87584e6959e0f -> 17ab779a0d411127942b86927b2dc166
  custom:scripting/precompiled-assembly-types:Pooled.Editor: fa10dbda0f98c59fa57f342ce5b8db3d -> 64cdb4d0b09fde53e895bff1f3267621
  custom:scripting/monoscript/fileName/IConverterCollectorSystem.cs: 716086397f6fce3cf59561531ac052e5 -> 90647cc400823b41df847a6cbfc29026
  custom:scripting/monoscript/fileName/MonitoredObjectPoolMemoryWindow.cs: 59b16281f30e691a756f58cb5d9a8b60 -> ddc01cc66b15815883e46a79dbae273a
  custom:CustomObjectIndexerAttribute: 9a22284fe3817be447336de3de66b15e -> 
  custom:scripting/precompiled-assembly-types:Pooled.TMP_Text: 92558fb10d66941a554c40cb582c3db5 -> 3175b5d3dfbf646ba5fc016628a7a8b2
  custom:scripting/monoscript/fileName/HashSetIntConverter.cs: b5db394041c6646ac4fd66508f5786f4 -> 336b59b95aa86a855094c372f6281efc
  custom:scripting/monoscript/fileName/HashSetLongConverter.cs: a1cab3b4ffce114d592ca6c175a5f63d -> bffc50741551ba327e3defbf92ea631c
  custom:scripting/precompiled-assembly-types:Converter: 9c7eeca5229a3a42351e9ebcae44f77d -> ee394a20b19999bd51514d0170308fef
  custom:container-demuxer-webm: 4f35f7cbe854078d1ac9338744f61a02 -> 
  custom:scripting/monoscript/fileName/PooledStringBuilder.cs: 6043f7e32526ae7771d6c5e21572c929 -> 
  custom:scripting/monoscript/fileName/HashSetIntReverseConverter.cs: f04f195534430a1a5aa1033234bed4af -> 06c076a9053026cf8408e19462593778
  custom:scripting/monoscript/fileName/Pooled.Map.cs: 716086397f6fce3cf59561531ac052e5 -> 90647cc400823b41df847a6cbfc29026
  custom:scripting/precompiled-assembly-types:Pooled.Tests: 5bf323a3bc5ed9c432319119ab1c09db -> 0c2e9c09f1a2b2407f50a1f01f3ca010
  custom:scripting/monoscript/fileName/MapIntIntConverter.cs: 9620af3d9654ec97245971bd53d35ab6 -> 295a5843cb6d0fcae5fda9644abd3119
  custom:scripting/monoscript/fileName/RepeatedField.cs: 716086397f6fce3cf59561531ac052e5 -> 90647cc400823b41df847a6cbfc29026
  custom:scripting/monoscript/fileName/ListIntConverter.cs: 436b2b3f5ca930ff78d428c441ef8c8a -> ff3a1298932b804b0d15be3a4a8f007d
  custom:scripting/monoscript/fileName/MapIntBitReverseConverter.cs: e14fde3dcc64c3c0d176ccdd1d016eae -> 8b8bfcfc92e7150c7cab6194df938961
  custom:scripting/monoscript/fileName/ConverterCollector.cs: 23f82105a25a75216e658215522f0c07 -> 8f6297df34271fdb1ce2d9607ec6261d
  custom:container-muxer-webm: aa71ff27fc2769a1b78a27578f13a17b -> 
  custom:scripting/monoscript/fileName/ConverterCollectorSystem.cs: 716086397f6fce3cf59561531ac052e5 -> 90647cc400823b41df847a6cbfc29026
  custom:video-decoder-webm-vp8: 9c59270c3fd7afecdb556c50c9e8de78 -> 
  custom:scripting/monoscript/fileName/IConverter.cs: 23f82105a25a75216e658215522f0c07 -> 8f6297df34271fdb1ce2d9607ec6261d
  custom:scripting/monoscript/fileName/TimeFormat.TMP_Text.cs: 04b153d1e87700945c251cd57f0caf28 -> f6a319b78dfa7c00602caf474b9ca715
  custom:SearchIndexIgnoredProperties: e643bd26f0fe6173181afceb89e7c659 -> 
  custom:scripting/monoscript/fileName/BitmapTimingResetConverter.cs: 0a600efde2430e87d9d3b74fefe851b4 -> 16be4e68c9559384167314f33f2262ce
  custom:AudioImporter_EditorPlatform: d09bf68614088b80899f8185d706f6e7 -> 
  custom:scripting/monoscript/fileName/ConverterCollectorSystem.Config.cs: 716086397f6fce3cf59561531ac052e5 -> 90647cc400823b41df847a6cbfc29026
  custom:scripting/monoscript/fileName/SystemTime.cs: 0f705337b969325380332c448b58266c -> aebab7d5993158d333c473fe5ad2e983
  custom:scripting/monoscript/fileName/IConverterCollector.cs: 7204df85a06eb33c552568921744fc7f -> 0cdf409b5aa8d4c25876d72b5c6a3b60
  custom:scripting/monoscript/fileName/DateFormat.TMP_Text.cs: 121711a8ea84a13844106aa2e82a1cd2 -> cfa4ac74668713a9594e154b6b707e11
  custom:scripting/monoscript/fileName/MapIntBitConverter.cs: dce2875ca3c4cad9ab6f13f6a6965680 -> 79a8119290488a133b2d9f55c8d3a0d3
  custom:scripting/monoscript/fileName/DailyRedPointManager.cs: 513629b390c64237ae10fadc04fe33e2 -> 01ec27a3aa6e2eef520171695290b082
  custom:scripting/monoscript/fileName/CBitmap.cs: ec0fdd5ea2398b1b65c18ea095c42afb -> f8c1ae0cca981124d219ae3b6d8e6182
  custom:scripting/monoscript/fileName/PooledTest.cs: 28426ac1d0a0bad5d092e27ae3a87191 -> d0e5b41c51d29f0613407ea0dc9a2ae1
  custom:scripting/monoscript/fileName/BitmapReverseConverter.cs: 1fc067da77a3ccc221d0c0fe577e4e0f -> acc59c8855034e2bb91a751805bc12bb
  custom:scripting/monoscript/fileName/Launcher.cs: fc0c233cdf2db662ad083a18ee6c8ee8 -> 5bb5cfe85734624b9dda7f37e40514f0
  custom:video-encoder-webm-vp8: eb34c28f22e8b96e1ab97ce403110664 -> 
  custom:audio-decoder-ogg-vorbis: bf7c407c2cedff20999df2af8eb42d56 -> 
  custom:scripting/monoscript/fileName/MonitoredObjectPool.cs: 07c2f06c1be72f5574a820b4727b45d6 -> 9182583f5d8b6c16ed73aee3a076a254
  custom:scripting/monoscript/fileName/MapLongBitConverter.cs: 43ce4e9aba0920885e00f67136ef7071 -> 328f00929818c8c69bb5b89f3bcc9604
  custom:scripting/monoscript/fileName/PooledBitArray.cs: 63242dbc45c4894086d10ce96dcd98d8 -> 
  custom:scripting/monoscript/fileName/MapIntLongConverter.cs: 31cf1c377d37f97e076e6bb7ba8ce6bd -> a2cdffcab0400670150cdf9d6f279bf8
  custom:scripting/precompiled-assembly-types:SystemTime: aa10c7051218311d99942901c1894090 -> de93446e31aab50ce934d7feaa3d7a7d
  custom:scripting/monoscript/fileName/MapLongBitReverseConverter.cs: 3a3a53b77999da0e1aba4b8aa6a2efb1 -> 1d61913e53bfc7ab7acf8ae1d97259f0
  custom:scripting/monoscript/fileName/ListLongConverter.cs: 8035177bb4988529bdf021b5674f63f7 -> 067d4451cabf17e3cfccb1cb88d8f36b
  custom:scripting/precompiled-assembly-types:HotUpdate: 2604a2b3a63c878ba0c6bc0792590b0b -> 
  custom:scripting/monoscript/fileName/TimeFormatTest.cs: 93a42fa151a026f2dc7824ac0622d2a5 -> f90ae55604080c97eefe0555e4b0ad3c
  custom:audio-encoder-webm-vorbis: bf7c407c2cedff20999df2af8eb42d56 -> 
  custom:scripting/monoscript/fileName/TimeFormat.cs: 9204fd782b26c55826382465702b381a -> 3d1d90addaffbea026682521871bf1e2
  custom:scripting/precompiled-assembly-types:Pooled: 90ae12e970b0a4c25cdd11d8926c1a55 -> 6162124d200d88ea66aabea2add4abf0
  custom:scripting/monoscript/fileName/MapLongLongConverter.cs: 5e2c827038738a02120b98610ada1a79 -> b43590451b2c3721d1491012e5c4185c
========================================================================
Received Import Request.
  Time since last request: 464.713918 seconds.
  path: Assets/Services
  artifactKey: Guid(e0a1694fa7bcce5479e1aa9a6df349eb) Importer(815301076,1909f56bfc062723c751e8b465ee728b)
Start importing Assets/Services using Guid(e0a1694fa7bcce5479e1aa9a6df349eb) Importer(815301076,1909f56bfc062723c751e8b465ee728b) [PhysX] Initialized MultithreadedTaskDispatcher with 20 workers.
 -> (artifact id: 'fd3c31207463b9ce2b8906fdef7878e0') in 0.002032 seconds
Number of updated asset objects reloaded before import = 0
Number of asset objects unloaded after import = 0
